{
  "default_asic_settings": {
    "gain": 4, 
    "pktime": 15, 
    "threshold": 10
  }, 
  "global_settings": {
    "reference_channel": 35049
  }, 
  "hub": [
    {
      "addr": "0xc035", 
      "name": "c035", 
      "tdc": [
        {
          "addr": "0x0350", 
          "board": [
            {
              "active": 1, 
              "calib_file": "./boards/board_9999.json", 
              "chamber": 0, 
              "fpc_a": 4, 
              "fpc_b": 3, 
              "fpc_c": 2, 
              "fpc_d": 1, 
              "layer": 3, 
              "name": "9999", 
              "reverse_mapping": 1, 
              "tdc_connector": 1
            }
          ], 
          "channels": 48, 
          "connectors": 3, 
          "name": "0x0350", 
          "t1_offset": [
            -9.884443800754005, 
            -11.625117425790739, 
            -8.897279252895286, 
            -9.773402145070428, 
            -7.454610352303732, 
            -11.484065176163977, 
            -9.381606348508106, 
            -8.619312089649975, 
            -9.714252214871339, 
            -8.709579894003491, 
            -9.037886314424783, 
            -8.608587289889654, 
            -8.920104702133699, 
            -11.452312066846222, 
            -8.594574106883284, 
            -11.463622939894098, 
            0, 
            0, 
            0, 
            0, 
            0, 
            0, 
            0, 
            0, 
            0, 
            0, 
            0, 
            0, 
            0, 
            0, 
            0, 
            0, 
            0, 
            0, 
            0, 
            0, 
            0, 
            0, 
            0, 
            0, 
            0, 
            0, 
            0, 
            0, 
            0, 
            0, 
            0, 
            0
          ]
        }
      ]
    }
  ], 
  "name": "DLAB"
}