{
  "baseline_mean": [
    5.264840992267188, 
    0.3101448967564151, 
    3.4060414057498667, 
    2.900660006739292, 
    2.6283733169045154, 
    -4.366258488382716, 
    9.11657392814641, 
    3.175224494435432, 
    5.288778849406615, 
    5.0555189468501345, 
    4.023427840945778, 
    5.56245229377081, 
    3.412240321923092, 
    4.057861055638467, 
    4.0594947641456685, 
    4.052677027020923
  ], 
  "baseline_stddev": [
    0.782741410798241, 
    0.5356719134951922, 
    0.5259413999400405, 
    0.5556879653691404, 
    0.5965553791633424, 
    0.5238674657865233, 
    0.41476905421271826, 
    0.4234666065820637, 
    0.7611363055220628, 
    0.743317168295418, 
    0.2857063757109732, 
    0.7644654329691913, 
    0.5631378519457438, 
    0.31795024248737846, 
    0.33552001498814266, 
    0.3581798365185604
  ], 
  "baselines": [
    5.0, 
    0.0, 
    3.0, 
    3.0, 
    3.0, 
    -4.0, 
    9.0, 
    3.0, 
    5.0, 
    5.0, 
    4.0, 
    6.0, 
    3.0, 
    4.0, 
    4.0, 
    4.0
  ], 
  "bl_range": [
    -15, 
    -14, 
    -13, 
    -12, 
    -11, 
    -10, 
    -9, 
    -8, 
    -7, 
    -6, 
    -5, 
    -4, 
    -3, 
    -2, 
    -1, 
    0, 
    1, 
    2, 
    3, 
    4, 
    5, 
    6, 
    7, 
    8, 
    9, 
    10, 
    11, 
    12, 
    13, 
    14, 
    15
  ], 
  "ch_error": [
    0.0, 
    0.0, 
    0.0, 
    0.0, 
    0.0, 
    0.0, 
    0.0, 
    0.0, 
    0.0, 
    0.0, 
    0.0, 
    0.0, 
    0.0, 
    0.0, 
    0.0, 
    0.0
  ], 
  "noise_scan_raw": [
    [
      0, 
      0, 
      0, 
      0, 
      0, 
      0, 
      0, 
      0, 
      0, 
      0, 
      0, 
      2, 
      10, 
      26, 
      50, 
      63, 
      64, 
      89, 
      3327, 
      290968, 
      610585, 
      671257, 
      24585, 
      445, 
      93, 
      74, 
      46, 
      36, 
      18, 
      8, 
      0
    ], 
    [
      0, 
      0, 
      0, 
      0, 
      0, 
      0, 
      4, 
      27, 
      49, 
      79, 
      84, 
      85, 
      103, 
      212, 
      22283, 
      1150295, 
      495602, 
      24238, 
      1771, 
      113, 
      69, 
      27, 
      18, 
      5, 
      4, 
      1, 
      0, 
      0, 
      0, 
      0, 
      0
    ], 
    [
      0, 
      0, 
      0, 
      0, 
      0, 
      0, 
      0, 
      0, 
      0, 
      6, 
      17, 
      47, 
      72, 
      81, 
      83, 
      82, 
      322, 
      16907, 
      944065, 
      682381, 
      1992, 
      148, 
      97, 
      65, 
      37, 
      26, 
      9, 
      1, 
      0, 
      0, 
      0
    ], 
    [
      0, 
      0, 
      0, 
      0, 
      0, 
      0, 
      0, 
      0, 
      0, 
      8, 
      25, 
      58, 
      78, 
      84, 
      87, 
      130, 
      2794, 
      189351, 
      700804, 
      97325, 
      201, 
      105, 
      71, 
      47, 
      23, 
      10, 
      1, 
      0, 
      0, 
      0, 
      0
    ], 
    [
      0, 
      0, 
      0, 
      0, 
      0, 
      0, 
      0, 
      0, 
      1, 
      8, 
      23, 
      55, 
      77, 
      83, 
      85, 
      130, 
      4689, 
      409833, 
      535793, 
      48724, 
      154, 
      88, 
      65, 
      37, 
      18, 
      6, 
      0, 
      0, 
      0, 
      0, 
      0
    ], 
    [
      0, 
      0, 
      5, 
      35, 
      62, 
      63, 
      68, 
      93, 
      113, 
      1873, 
      189445, 
      331393, 
      1973, 
      119, 
      74, 
      65, 
      23, 
      13, 
      4, 
      3, 
      0, 
      0, 
      0, 
      0, 
      0, 
      0, 
      0, 
      0, 
      0, 
      0, 
      0
    ], 
    [
      0, 
      0, 
      0, 
      0, 
      0, 
      0, 
      0, 
      0, 
      0, 
      0, 
      0, 
      0, 
      0, 
      0, 
      0, 
      0, 
      4, 
      14, 
      42, 
      63, 
      72, 
      93, 
      281, 
      24245, 
      775323, 
      131069, 
      1199, 
      128, 
      85, 
      60, 
      52
    ], 
    [
      0, 
      0, 
      0, 
      0, 
      0, 
      0, 
      0, 
      0, 
      0, 
      1, 
      5, 
      28, 
      48, 
      75, 
      82, 
      74, 
      159, 
      9813, 
      777369, 
      179551, 
      264, 
      103, 
      70, 
      51, 
      25, 
      10, 
      2, 
      0, 
      0, 
      0, 
      0
    ], 
    [
      0, 
      0, 
      0, 
      0, 
      0, 
      0, 
      0, 
      0, 
      0, 
      0, 
      0, 
      0, 
      3, 
      22, 
      43, 
      62, 
      63, 
      85, 
      216, 
      204029, 
      420132, 
      528902, 
      4764, 
      203, 
      95, 
      73, 
      41, 
      32, 
      9, 
      2, 
      0
    ], 
    [
      0, 
      0, 
      0, 
      0, 
      0, 
      0, 
      0, 
      0, 
      0, 
      0, 
      0, 
      2, 
      2, 
      30, 
      50, 
      62, 
      64, 
      88, 
      223, 
      226697, 
      443825, 
      274594, 
      2427, 
      165, 
      95, 
      67, 
      41, 
      28, 
      6, 
      3, 
      0
    ], 
    [
      0, 
      0, 
      0, 
      0, 
      0, 
      0, 
      0, 
      0, 
      0, 
      0, 
      0, 
      15, 
      35, 
      68, 
      79, 
      65, 
      85, 
      282, 
      81802, 
      2906755, 
      152478, 
      1905, 
      134, 
      96, 
      54, 
      35, 
      18, 
      3, 
      0, 
      0, 
      0
    ], 
    [
      0, 
      0, 
      0, 
      0, 
      0, 
      0, 
      0, 
      0, 
      0, 
      0, 
      0, 
      1, 
      2, 
      22, 
      44, 
      60, 
      63, 
      85, 
      109, 
      80383, 
      80025, 
      377204, 
      3977, 
      168, 
      90, 
      65, 
      40, 
      28, 
      12, 
      4, 
      0
    ], 
    [
      0, 
      0, 
      0, 
      0, 
      0, 
      0, 
      0, 
      0, 
      4, 
      19, 
      37, 
      65, 
      81, 
      84, 
      89, 
      96, 
      366, 
      37738, 
      724313, 
      599272, 
      1346, 
      110, 
      82, 
      56, 
      29, 
      15, 
      2, 
      0, 
      0, 
      0, 
      0
    ], 
    [
      0, 
      0, 
      0, 
      0, 
      0, 
      0, 
      0, 
      0, 
      0, 
      0, 
      4, 
      19, 
      40, 
      70, 
      82, 
      64, 
      84, 
      185, 
      52523, 
      2540714, 
      208605, 
      3419, 
      145, 
      101, 
      57, 
      40, 
      27, 
      9, 
      0, 
      0, 
      0
    ], 
    [
      0, 
      0, 
      0, 
      0, 
      0, 
      0, 
      0, 
      0, 
      0, 
      3, 
      10, 
      33, 
      60, 
      71, 
      81, 
      68, 
      85, 
      238, 
      65248, 
      2546015, 
      227317, 
      4044, 
      152, 
      107, 
      51, 
      42, 
      26, 
      9, 
      1, 
      1, 
      0
    ], 
    [
      0, 
      0, 
      0, 
      0, 
      0, 
      0, 
      0, 
      0, 
      1, 
      5, 
      20, 
      43, 
      67, 
      82, 
      83, 
      76, 
      97, 
      805, 
      110396, 
      2926066, 
      278736, 
      4382, 
      174, 
      110, 
      65, 
      46, 
      38, 
      18, 
      4, 
      1, 
      0
    ]
  ], 
  "t1_calib_efficiency": [
    0.999, 
    0.999, 
    0.999, 
    0.999, 
    0.999, 
    0.999, 
    0.999, 
    0.999, 
    0.999, 
    0.999, 
    0.999, 
    0.999, 
    0.999, 
    0.999, 
    0.999, 
    0.999
  ]
}