{
  "baseline_mean": [
    3.0598994411565035,
    4.411071809267455,
    5.686729138513745,
    6.906560655815531,
    4.151865358930417,
    4.958242538540383,
    2.5684794902725945,
    -0.5446872088428989,
    1.3692307692307688,
    0.0030224035664366267,
    0.006228794247227776,
    0.561452513966481,
    1.5,
    -0.040242622185932886,
    -0.028161782736635832,
    0.042572163766528726
  ],
  "baseline_stddev": [
    1.278671373862013,
    1.36729634882533,
    1.628363544960061,
    1.6449594235889768,
    2.1243376376558514,
    1.6572154618362434,
    2.1435649101928234,
    2.005192024288096,
    8.03371593448364,
    8.899241634435517,
    8.791492161366639,
    8.664792312754189,
    11.5,
    8.909139857688325,
    8.931455279094658,
    8.929918393179001
  ],
  "baselines": [
    3.0,
    4.0,
    6.0,
    7.0,
    4.0,
    5.0,
    3.0,
    -1.0,
    0.0,
    0.0,
    0.0,
    0.0,
    0.0,
    0.0,
    0.0,
    0.0
  ],
  "bl_range": [
    -15,
    -14,
    -13,
    -12,
    -11,
    -10,
    -9,
    -8,
    -7,
    -6,
    -5,
    -4,
    -3,
    -2,
    -1,
    0,
    1,
    2,
    3,
    4,
    5,
    6,
    7,
    8,
    9,
    10,
    11,
    12,
    13,
    14,
    15
  ],
  "ch_error": [
    0.0,
    0.0,
    0.0,
    0.0,
    0.0,
    0.0,
    0.0,
    0.0,
    0.0,
    0.0,
    0.0,
    0.0,
    0.0,
    0.0,
    0.0,
    0.0
  ],
  "noise_scan_raw": [
    [
      0.0,
      0.0,
      0.0,
      0.0,
      0.0,
      0.0,
      0.0,
      0.0,
      0.0,
      0.0,
      0.0,
      0.0,
      300.0,
      14945.0,
      112445.0,
      667845.0,
      3118730.0,
      8209870.0,
      11768925.0,
      9230125.0,
      3551790.0,
      781745.0,
      126070.0,
      9095.0,
      35.0,
      0.0,
      0.0,
      0.0,
      0.0,
      0.0,
      0.0
    ],
    [
      0.0,
      0.0,
      0.0,
      0.0,
      0.0,
      0.0,
      0.0,
      0.0,
      0.0,
      0.0,
      0.0,
      0.0,
      0.0,
      60.0,
      10665.0,
      100590.0,
      659850.0,
      2799205.0,
      8116795.0,
      13029575.0,
      12835360.0,
      7016640.0,
      2243835.0,
      446995.0,
      39450.0,
      1560.0,
      0.0,
      0.0,
      0.0,
      0.0,
      0.0
    ],
    [
      0.0,
      0.0,
      0.0,
      0.0,
      0.0,
      0.0,
      0.0,
      0.0,
      0.0,
      0.0,
      0.0,
      0.0,
      0.0,
      5.0,
      3420.0,
      40460.0,
      239070.0,
      1034940.0,
      4070870.0,
      8740245.0,
      14272230.0,
      14645580.0,
      10775645.0,
      5684700.0,
      1888790.0,
      486715.0,
      69850.0,
      8160.0,
      30.0,
      0.0,
      0.0
    ],
    [
      0.0,
      0.0,
      0.0,
      0.0,
      0.0,
      0.0,
      0.0,
      0.0,
      0.0,
      0.0,
      0.0,
      0.0,
      0.0,
      0.0,
      0.0,
      985.0,
      25990.0,
      174370.0,
      851300.0,
      2824070.0,
      6863175.0,
      10955880.0,
      13492160.0,
      11362675.0,
      5722875.0,
      2190700.0,
      581735.0,
      127380.0,
      14600.0,
      795.0,
      0.0
    ],
    [
      0.0,
      0.0,
      0.0,
      0.0,
      0.0,
      0.0,
      0.0,
      0.0,
      0.0,
      0.0,
      35.0,
      3945.0,
      49375.0,
      256770.0,
      1121345.0,
      3387590.0,
      7840740.0,
      13366270.0,
      19134925.0,
      21605625.0,
      20409635.0,
      15093925.0,
      9413675.0,
      4542375.0,
      1604220.0,
      446280.0,
      87985.0,
      14275.0,
      630.0,
      10.0,
      0.0
    ],
    [
      0.0,
      0.0,
      0.0,
      0.0,
      0.0,
      0.0,
      0.0,
      0.0,
      0.0,
      0.0,
      0.0,
      0.0,
      5.0,
      2085.0,
      28245.0,
      172530.0,
      781265.0,
      2726710.0,
      6419985.0,
      11444155.0,
      14287825.0,
      10676000.0,
      6234385.0,
      2299960.0,
      810195.0,
      165880.0,
      27775.0,
      1840.0,
      0.0,
      0.0,
      0.0
    ],
    [
      0.0,
      0.0,
      0.0,
      0.0,
      0.0,
      0.0,
      0.0,
      0.0,
      0.0,
      910.0,
      22040.0,
      129980.0,
      504735.0,
      1798810.0,
      5121125.0,
      9973640.0,
      15241475.0,
      18037235.0,
      17847485.0,
      14576060.0,
      10799575.0,
      5873310.0,
      2353030.0,
      659275.0,
      139960.0,
      26320.0,
      2530.0,
      160.0,
      5.0,
      0.0,
      0.0
    ],
    [
      0.0,
      0.0,
      0.0,
      0.0,
      0.0,
      0.0,
      270.0,
      11205.0,
      58135.0,
      305465.0,
      1316585.0,
      3722670.0,
      8200190.0,
      13353640.0,
      16427960.0,
      15439240.0,
      12178025.0,
      7289540.0,
      3427390.0,
      1524530.0,
      440270.0,
      82920.0,
      8435.0,
      910.0,
      75.0,
      0.0,
      0.0,
      0.0,
      0.0,
      0.0,
      0.0
    ],
    [
      10.0,
      10.0,
      0.0,
      0.0,
      5.0,
      10.0,
      10.0,
      5.0,
      10.0,
      10.0,
      15.0,
      5.0,
      10.0,
      10.0,
      20.0,
      0.0,
      15.0,
      45.0,
      10.0,
      15.0,
      15.0,
      0.0,
      15.0,
      5.0,
      20.0,
      10.0,
      0.0,
      10.0,
      10.0,
      5.0,
      20.0
    ],
    [
      38200.0,
      37620.0,
      36810.0,
      38885.0,
      38720.0,
      38915.0,
      37695.0,
      38545.0,
      37295.0,
      37465.0,
      38270.0,
      39035.0,
      38995.0,
      39395.0,
      39105.0,
      38285.0,
      39905.0,
      38920.0,
      40615.0,
      39480.0,
      39420.0,
      37710.0,
      38220.0,
      38075.0,
      37350.0,
      38455.0,
      38070.0,
      38420.0,
      37425.0,
      37780.0,
      38025.0
    ],
    [
      3100.0,
      3105.0,
      2880.0,
      3040.0,
      3295.0,
      3265.0,
      3010.0,
      3225.0,
      2905.0,
      3010.0,
      3040.0,
      3325.0,
      3305.0,
      3395.0,
      3290.0,
      3250.0,
      3440.0,
      3695.0,
      3700.0,
      3505.0,
      3350.0,
      3025.0,
      3145.0,
      3195.0,
      3055.0,
      2975.0,
      3040.0,
      3135.0,
      3005.0,
      3065.0,
      2965.0
    ],
    [
      150.0,
      205.0,
      200.0,
      170.0,
      230.0,
      270.0,
      220.0,
      200.0,
      215.0,
      200.0,
      195.0,
      315.0,
      175.0,
      220.0,
      260.0,
      195.0,
      230.0,
      335.0,
      260.0,
      285.0,
      355.0,
      190.0,
      245.0,
      205.0,
      195.0,
      245.0,
      240.0,
      220.0,
      300.0,
      245.0,
      190.0
    ],
    [
      0.0,
      0.0,
      0.0,
      0.0,
      0.0,
      5.0,
      0.0,
      0.0,
      0.0,
      0.0,
      0.0,
      0.0,
      0.0,
      0.0,
      0.0,
      0.0,
      0.0,
      0.0,
      0.0,
      0.0,
      0.0,
      0.0,
      0.0,
      0.0,
      0.0,
      0.0,
      0.0,
      0.0,
      5.0,
      0.0,
      0.0
    ],
    [
      8240.0,
      8370.0,
      8100.0,
      8225.0,
      8495.0,
      8560.0,
      8640.0,
      8315.0,
      7815.0,
      8140.0,
      8095.0,
      8370.0,
      8440.0,
      8565.0,
      8510.0,
      7785.0,
      8195.0,
      8395.0,
      8890.0,
      8640.0,
      8455.0,
      8200.0,
      8205.0,
      8565.0,
      8215.0,
      8300.0,
      7945.0,
      8290.0,
      8260.0,
      8170.0,
      7800.0
    ],
    [
      42165.0,
      41620.0,
      41105.0,
      42735.0,
      42850.0,
      43000.0,
      42365.0,
      42950.0,
      41740.0,
      41635.0,
      42285.0,
      42020.0,
      41910.0,
      42305.0,
      41690.0,
      41075.0,
      42750.0,
      42745.0,
      43205.0,
      42765.0,
      43175.0,
      41140.0,
      41550.0,
      41970.0,
      41250.0,
      42185.0,
      41445.0,
      42245.0,
      41695.0,
      41710.0,
      41680.0
    ],
    [
      6275.0,
      6285.0,
      6060.0,
      6300.0,
      6520.0,
      6455.0,
      6270.0,
      6445.0,
      6135.0,
