{
  "baseline_mean": [
    6.7555512476305175, 
    4.802885624513599, 
    8.785150907023528, 
    6.373523364864531, 
    4.72449699130216, 
    6.6180493737826085, 
    6.741540948816782, 
    -0.00382794937486852, 
    6.899044129868811, 
    3.607119150992542, 
    6.568211765840586, 
    4.219261181664891, 
    -1.3866455973442513, 
    4.456625249268037, 
    4.147710266556852, 
    -0.8254120675605604
  ], 
  "baseline_stddev": [
    1.020804271478957, 
    1.5020718807916675, 
    1.8447354988955813, 
    1.0417956075946686, 
    1.4192459938449575, 
    0.9351707880778543, 
    0.9083378349479696, 
    1.362671050299232, 
    1.00166433146611, 
    1.454421978999621, 
    0.8723746956623417, 
    1.475400700180432, 
    0.992335527131832, 
    1.4495862227824234, 
    1.4742317451786968, 
    1.0264778457186765
  ], 
  "baselines": [
    7.0, 
    5.0, 
    9.0, 
    6.0, 
    5.0, 
    7.0, 
    7.0, 
    -0.0, 
    7.0, 
    4.0, 
    7.0, 
    4.0, 
    -1.0, 
    4.0, 
    4.0, 
    -1.0
  ], 
  "bl_range": [
    -15, 
    -14, 
    -13, 
    -12, 
    -11, 
    -10, 
    -9, 
    -8, 
    -7, 
    -6, 
    -5, 
    -4, 
    -3, 
    -2, 
    -1, 
    0, 
    1, 
    2, 
    3, 
    4, 
    5, 
    6, 
    7, 
    8, 
    9, 
    10, 
    11, 
    12, 
    13, 
    14, 
    15
  ], 
  "ch_error": [
    0.0, 
    0.0, 
    0.0, 
    0.0, 
    0.0, 
    0.0, 
    0.0, 
    0.0, 
    0.0, 
    0.0, 
    0.0, 
    0.0, 
    0.0, 
    0.0, 
    0.0, 
    0.0
  ], 
  "noise_scan_raw": [
    [
      0, 
      0, 
      0, 
      0, 
      0, 
      0, 
      0, 
      0, 
      0, 
      0, 
      1, 
      2, 
      3, 
      66, 
      443, 
      738, 
      2732, 
      15379, 
      40191, 
      109688, 
      303705, 
      2947120, 
      4110942, 
      1134862, 
      202452, 
      64358, 
      29831, 
      12545, 
      4201, 
      1283, 
      322
    ], 
    [
      0, 
      0, 
      0, 
      0, 
      0, 
      0, 
      0, 
      1, 
      5, 
      5, 
      44, 
      241, 
      1230, 
      4275, 
      15676, 
      21436, 
      47419, 
      162594, 
      952892, 
      2178886, 
      770812, 
      1775329, 
      792367, 
      63650, 
      19095, 
      5745, 
      927, 
      144, 
      25, 
      4, 
      4
    ], 
    [
      0, 
      0, 
      0, 
      0, 
      0, 
      0, 
      0, 
      0, 
      0, 
      0, 
      0, 
      0, 
      0, 
      1, 
      8, 
      14, 
      74, 
      1145, 
      5886, 
      17607, 
      40907, 
      349445, 
      953875, 
      264350, 
      560700, 
      1303622, 
      351573, 
      93436, 
      42493, 
      24756, 
      11889
    ], 
    [
      0, 
      0, 
      0, 
      0, 
      0, 
      0, 
      0, 
      0, 
      0, 
      2, 
      4, 
      9, 
      55, 
      400, 
      2423, 
      3071, 
      8838, 
      34154, 
      75780, 
      268954, 
      621625, 
      3499695, 
      3526751, 
      393847, 
      70157, 
      36474, 
      15742, 
      5852, 
      2147, 
      733, 
      146
    ], 
    [
      0, 
      0, 
      0, 
      0, 
      0, 
      0, 
      0, 
      0, 
      3, 
      2, 
      13, 
      75, 
      329, 
      1595, 
      8508, 
      11987, 
      31429, 
      128977, 
      892208, 
      2001100, 
      663389, 
      1556510, 
      523072, 
      44565, 
      12269, 
      3099, 
      409, 
      71, 
      9, 
      0, 
      1
    ], 
    [
      0, 
      0, 
      0, 
      0, 
      0, 
      0, 
      0, 
      0, 
      0, 
      0, 
      0, 
      1, 
      1, 
      45, 
      389, 
      508, 
      2660, 
      14712, 
      42113, 
      125316, 
      350276, 
      3194156, 
      4148106, 
      750977, 
      94054, 
      39133, 
      16829, 
      6409, 
      2538, 
      878, 
      179
    ], 
    [
      0, 
      0, 
      0, 
      0, 
      0, 
      0, 
      0, 
      0, 
      0, 
      0, 
      0, 
      0, 
      0, 
      10, 
      110, 
      167, 
      1067, 
      8039, 
      26147, 
      70814, 
      199195, 
      2670180, 
      4080192, 
      799959, 
      136242, 
      44651, 
      19670, 
      7557, 
      2930, 
      1011, 
      192
    ], 
    [
      0, 
      0, 
      0, 
      0, 
      0, 
      0, 
      6, 
      16, 
      208, 
      750, 
      2846, 
      7392, 
      20633, 
      72146, 
      1144209, 
      1310221, 
      454413, 
      125437, 
      56794, 
      36793, 
      20598, 
      23630, 
      16346, 
      687, 
      20, 
      1, 
      1, 
      0, 
      0, 
      0, 
      0
    ], 
    [
      0, 
      0, 
      0, 
      0, 
      0, 
      0, 
      0, 
      0, 
      0, 
      0, 
      0, 
      2, 
      0, 
      16, 
      171, 
      326, 
      1497, 
      7164, 
      24303, 
      67077, 
      157671, 
      2368105, 
      3846668, 
      1297581, 
      242261, 
      67335, 
      26405, 
      12327, 
      5773, 
      2501, 
      804
    ], 
    [
      0, 
      0, 
      0, 
      0, 
      0, 
      0, 
      0, 
      1, 
      8, 
      16, 
      56, 
      276, 
      1412, 
      4845, 
      18424, 
      27704, 
      88104, 
      516799, 
      2064863, 
      882419, 
      161484, 
      576408, 
      148153, 
      14137, 
      3205, 
      594, 
      144, 
      24, 
      1, 
      0, 
      0
    ], 
    [
      0, 
      0, 
      0, 
      0, 
      0, 
      0, 
      0, 
      0, 
      0, 
      0, 
      0, 
      2, 
      0, 
      46, 
      320, 
      447, 
      2107, 
      9635, 
      30707, 
      90438, 
      266970, 
      2917332, 
      3599324, 
      389998, 
      65216, 
      30089, 
      12481, 
      5443, 
      2064, 
      781, 
      158
    ], 
    [
      0, 
      0, 
      0, 
      0, 
      0, 
      0, 
      0, 
      1, 
      7, 
      12, 
      51, 
      224, 
      948, 
      3302, 
      14106, 
      20285, 
      53812, 
      293330, 
      2072715, 
      1900684, 
      418411, 
      1346186, 
      394041, 
      26562, 
      5453, 
      1446, 
      324, 
      65, 
      10, 
      1, 
      0
    ], 
    [
      0, 
      0, 
      0, 
      0, 
      4, 
      17, 
      142, 
      744, 
      1972, 
      4780, 
      11437, 
      34837, 
      199306, 
      1045205, 
      1834023, 
      114957, 
      24056, 
      17572, 
      11462, 
      4955, 
      1339, 
      3548, 
      4321, 
      93, 
      2, 
      0, 
      0, 
      0, 
      0, 
      0, 
      0
    ], 
    [
      0, 
      0, 
      0, 
      0, 
      0, 
      0, 
      0, 
      0, 
      3, 
      0, 
      8, 
      65, 
      234, 
      1385, 
      6927, 
      10467, 
      23047, 
      126247, 
      1200676, 
      1424748, 
      308679, 
      1160819, 
      329866, 
      18049, 
      3910, 
      711, 
      144, 
      29, 
      1, 
      0, 
      0
    ], 
    [
      0, 
      0, 
      0, 
      0, 
      0, 
      0, 
      0, 
      0, 
      3, 
      1, 
      14, 
      124, 
      543, 
      2330, 
      10548, 
      16518, 
      49008, 
      330163, 
      2144698, 
      1674692, 
      318292, 
      1237443, 
      373198, 
      17653, 
      3089, 
      486, 
      88, 
      15, 
      1, 
      0, 
      0
    ], 
    [
      0, 
      0, 
      0, 
      0, 
      0, 
      2, 
      54, 
      326, 
      849, 
      2479, 
      6362, 
      18280, 
      60789, 
      443145, 
      2837590, 
      734806, 
      120179, 
      36671, 
      21121, 
      8938, 
      4104, 
      11722, 
      12006, 
      251, 
      6, 
      0, 
      0, 
      0, 
      0, 
      0, 
      0
    ]
  ], 
  "t1_calib_efficiency": [
    0.999, 
    0.999, 
    0.999, 
    0.999, 
    0.999, 
    0.999, 
    0.999, 
    0.999, 
    0.999, 
    0.999, 
    0.999, 
    0.999, 
    0.999, 
    0.999, 
    0.999, 
    0.999
  ]
}