{
  "baseline_mean": [
    0.0,
    0.0,
    -0.8,
    0.0,
    0.0,
    0.0,
    0.5727690961870304,
    0.0,
    0.0,
    0.0,
    -0.13981454170636215,
    0.46499685898929527,
    0.0,
    0.0,
    0.0,
    0.0
  ],
  "baseline_stddev": [
    -1.0,
    -1.0,
    9.400625761399203,
    -1.0,
    -1.0,
    -1.0,
    9.233639433867738,
    -1.0,
    -1.0,
    -1.0,
    8.345025677421264,
    10.10688400707344,
    -1.0,
    -1.0,
    -1.0,
    -1.0
  ],
  "baselines": [
    0.0,
    0.0,
    -1.0,
    0.0,
    0.0,
    0.0,
    1.0,
    0.0,
    0.0,
    0.0,
    -0.0,
    0.0,
    0.0,
    0.0,
    0.0,
    0.0
  ],
  "bl_range": [
    -15,
    -14,
    -13,
    -12,
    -11,
    -10,
    -9,
    -8,
    -7,
    -6,
    -5,
    -4,
    -3,
    -2,
    -1,
    0,
    1,
    2,
    3,
    4,
    5,
    6,
    7,
    8,
    9,
    10,
    11,
    12,
    13,
    14,
    15,
    16
  ],
  "ch_error": [
    1.0,
    1.0,
    1.0,
    1.0,
    1.0,
    1.0,
    1.0,
    1.0,
    1.0,
    1.0,
    1.0,
    1.0,
    1.0,
    1.0,
    1.0,
    1.0
  ],
  "noise_scan_raw": [
    [
      0.0,
      0.0,
      0.0,
      0.0,
      0.0,
      0.0,
      0.0,
      0.0,
      0.0,
      0.0,
      0.0,
      0.0,
      0.0,
      0.0,
      0.0,
      0.0,
      0.0,
      0.0,
      0.0,
      0.0,
      0.0,
      0.0,
      0.0,
      0.0,
      0.0,
      0.0,
      0.0,
      0.0,
      0.0,
      0.0,
      0.0,
      0.0
    ],
    [
      0.0,
      0.0,
      0.0,
      0.0,
      0.0,
      0.0,
      0.0,
      0.0,
      0.0,
      0.0,
      0.0,
      0.0,
      0.0,
      0.0,
      0.0,
      0.0,
      0.0,
      0.0,
      0.0,
      0.0,
      0.0,
      0.0,
      0.0,
      0.0,
      0.0,
      0.0,
      0.0,
      0.0,
      0.0,
      0.0,
      0.0,
      0.0
    ],
    [
      0.0,
      5.0,
      5.0,
      25.0,
      10.0,
      10.0,
      25.0,
      55.0,
      35.0,
      30.0,
      5.0,
      25.0,
      15.0,
      30.0,
      15.0,
      0.0,
      0.0,
      5.0,
      0.0,
      5.0,
      0.0,
      0.0,
      0.0,
      0.0,
      0.0,
      0.0,
      15.0,
      45.0,
      30.0,
      15.0,
      15.0,
      5.0
    ],
    [
      0.0,
      0.0,
      0.0,
      0.0,
      0.0,
      0.0,
      0.0,
      0.0,
      0.0,
      0.0,
      0.0,
      0.0,
      0.0,
      0.0,
      0.0,
      0.0,
      0.0,
      0.0,
      0.0,
      0.0,
      0.0,
      0.0,
      0.0,
      0.0,
      0.0,
      0.0,
      0.0,
      0.0,
      0.0,
      0.0,
      0.0,
      0.0
    ],
    [
      0.0,
      0.0,
      0.0,
      0.0,
      0.0,
      0.0,
      0.0,
      0.0,
      0.0,
      0.0,
      0.0,
      0.0,
      0.0,
      0.0,
      0.0,
      0.0,
      0.0,
      0.0,
      0.0,
      0.0,
      0.0,
      0.0,
      0.0,
      0.0,
      0.0,
      0.0,
      0.0,
      0.0,
      0.0,
      0.0,
      0.0,
      0.0
    ],
    [
      0.0,
      0.0,
      0.0,
      0.0,
      0.0,
      0.0,
      0.0,
      0.0,
      0.0,
      0.0,
      0.0,
      0.0,
      0.0,
      0.0,
      0.0,
      0.0,
      0.0,
      0.0,
      0.0,
      0.0,
      0.0,
      0.0,
      0.0,
      0.0,
      0.0,
      0.0,
      0.0,
      0.0,
      0.0,
      0.0,
      0.0,
      0.0
    ],
    [
      15650155.0,
      15613435.0,
      15941040.0,
      15555255.0,
      14831725.0,
      15988325.0,
      15898700.0,
      16925525.0,
      15309370.0,
      14730035.0,
      15917045.0,
      16123690.0,
      14935600.0,
      14951225.0,
      14916390.0,
      15617900.0,
      16657355.0,
      15204830.0,
      15999005.0,
      16053645.0,
      15556420.0,
      16601800.0,
      16275665.0,
      15989825.0,
      16598165.0,
      16380850.0,
      16294660.0,
      15339355.0,
      15561335.0,
      15215585.0,
      15979870.0,
      16064915.0
    ],
    [
      0.0,
      0.0,
      0.0,
      0.0,
      0.0,
      0.0,
      0.0,
      0.0,
      0.0,
      0.0,
      0.0,
      0.0,
      0.0,
      0.0,
      0.0,
      0.0,
      0.0,
      0.0,
      0.0,
      0.0,
      0.0,
      0.0,
      0.0,
      0.0,
      0.0,
      0.0,
      0.0,
      0.0,
      0.0,
      0.0,
      0.0,
      0.0
    ],
    [
      0.0,
      0.0,
      0.0,
      0.0,
      0.0,
      0.0,
      0.0,
      0.0,
      0.0,
      0.0,
      0.0,
      0.0,
      0.0,
      0.0,
      0.0,
      0.0,
      0.0,
      0.0,
      0.0,
      0.0,
      0.0,
      0.0,
      0.0,
      0.0,
      0.0,
      0.0,
      0.0,
      0.0,
      0.0,
      0.0,
      0.0,
      0.0
    ],
    [
      0.0,
      0.0,
      0.0,
      0.0,
      0.0,
      0.0,
      0.0,
      0.0,
      0.0,
      0.0,
      0.0,
      0.0,
      0.0,
      0.0,
      0.0,
      0.0,
      0.0,
      0.0,
      0.0,
      0.0,
      0.0,
      0.0,
      0.0,
      0.0,
      0.0,
      0.0,
      0.0,
      0.0,
      0.0,
      0.0,
      0.0,
      0.0
    ],
    [
      1337395.0,
      2659670.0,
      912140.0,
      250880.0,
      301605.0,
      316610.0,
      220280.0,
      1658535.0,
      1291765.0,
      1325150.0,
      2108005.0,
      1913570.0,
      1781045.0,
      1920300.0,
      704115.0,
      1450870.0,
      1567070.0,
      1368155.0,
      2467970.0,
      1200250.0,
      1436550.0,
      1440440.0,
      1717455.0,
      751995.0,
      1157935.0,
      1351035.0,
      890905.0,
      1179160.0,
      719135.0,
      181220.0,
      503930.0,
      988335.0
    ],
    [
      581460.0,
      797240.0,
      1063355.0,
      668915.0,
      736755.0,
      920215.0,
      691465.0,
      941460.0,
      735885.0,
      325480.0,
      336580.0,
      289795.0,
      554100.0,
      720690.0,
      598615.0,
      468940.0,
      427235.0,
      382460.0,
      574375.0,
      444815.0,
      375900.0,
      369255.0,
      409475.0,
      397650.0,
      348975.0,
      570685.0,
      1284315.0,
      944815.0,
      734780.0,
      970480.0,
      877810.0,
      648570.0
    ],
    [
      0.0,
      0.0,
      0.0,
      0.0,
      0.0,
      0.0,
      0.0,
      0.0,
      0.0,
      0.0,
      0.0,
      0.0,
      0.0,
      0.0,
      0.0,
      0.0,
      0.0,
      0.0,
      0.0,
      0.0,
      0.0,
      0.0,
      0.0,
      0.0,
      0.0,
      0.0,
      0.0,
      0.0,
      0.0,
      0.0,
      0.0,
      0.0
    ],
    [
      0.0,
      0.0,
      0.0,
      0.0,
      0.0,
      0.0,
      0.0,
      0.0,
      0.0,
      0.0,
      0.0,
      0.0,
      0.0,
      0.0,
      0.0,
      0.0,
      0.0,
      0.0,
      0.0,
      0.0,
      0.0,
      0.0,
      0.0,
      0.0,
      0.0,
      0.0,
      0.0,
      0.0,
      0.0,
      0.0,
      0.0,
      0.0
    ],
    [
      0.0,
      0.0,
      0.0,
      0.0,
      0.0,
      0.0,
      0.0,
      0.0,
      0.0,
      0.0,
      0.0,
      0.0,
      0.0,
      0.0,
      0.0,
      0.0,
      0.0,
      0.0,
      0.0,
      0.0,
      0.0,
      0.0,
      0.0,
      0.0,
      0.0,
      0.0,
      0.0,
      0.0,
      0.0,
      0.0,
      0.0,
      0.0
    ],
    [
      0.0,
      0.0,
      0.0,
      0.0,
      0.0,
      0.0,
      0.0,
      0.0,
      0.0,
      0.0,
      0.0,
      0.0,
      0.0,
      0.0,
      0.0,
      0.0,
      0.0,
      0.0,
      0.0,
      0.0,
      0.0,
      0.0,
      0.0,
      0.0,
      0.0,
      0.0,
      0.0,
      0.0,
      0.0,
      0.0,
      0.0,
      0.0
    ]
  ],
  "t1_calib_efficiency": [
    0.999,
    0.999,
    0.999,
    0.999,
    0.999,
    0.999,
    0.999,
    0.999,
    0.999,
    0.999,
    0.999,
    0.999,
    0.999,
    0.999,
    0.999,
    0.999
  ]
}