{
  "baseline_mean": [
    -0.9612905739976945,
    2.9664957766954405,
    4.092314770470897,
    5.2676080424272165,
    -1.2828884377573069,
    2.0230216500603913,
    0.8697079664504346,
    -1.1975558895419707,
    11.023016620782144,
    6.586928645164141,
    9.716130094367525,
    4.817008509955283,
    4.490200144857726,
    7.964138633689444,
    12.008697302593584,
    4.995254651441145
  ],
  "baseline_stddev": [
    0.4230662837737914,
    0.4646452775551795,
    0.4081205960849708,
    0.4945519980424197,
    0.4834526882744055,
    0.4148795823318563,
    0.529420021434955,
    0.4387937193979856,
    0.7647735470373581,
    0.9664241956803653,
    0.9961330839612578,
    0.7703964945998166,
    0.722706580757882,
    0.844340209485704,
    0.8838261166007693,
    0.7648803833512973
  ],
  "baselines": [
    -1.0,
    3.0,
    4.0,
    5.0,
    -1.0,
    2.0,
    1.0,
    -1.0,
    11.0,
    7.0,
    10.0,
    5.0,
    4.0,
    8.0,
    12.0,
    5.0
  ],
  "bl_range": [
    -15,
    -14,
    -13,
    -12,
    -11,
    -10,
    -9,
    -8,
    -7,
    -6,
    -5,
    -4,
    -3,
    -2,
    -1,
    0,
    1,
    2,
    3,
    4,
    5,
    6,
    7,
    8,
    9,
    10,
    11,
    12,
    13,
    14,
    15,
    16
  ],
  "ch_error": [
    0.0,
    0.0,
    0.0,
    0.0,
    0.0,
    0.0,
    0.0,
    0.0,
    0.0,
    0.0,
    0.0,
    0.0,
    0.0,
    0.0,
    0.0,
    0.0
  ],
  "noise_scan_raw": [
    [
      0.0,
      0.0,
      0.0,
      0.0,
      0.0,
      0.0,
      0.0,
      0.0,
      0.0,
      0.0,
      0.0,
      20.0,
      6085.0,
      516305.0,
      6624920.0,
      779020.0,
      28245.0,
      305.0,
      10.0,
      0.0,
      0.0,
      0.0,
      0.0,
      0.0,
      0.0,
      0.0,
      0.0,
      0.0,
      0.0,
      0.0,
      0.0,
      0.0
    ],
    [
      0.0,
      0.0,
      0.0,
      0.0,
      0.0,
      0.0,
      0.0,
      0.0,
      0.0,
      0.0,
      0.0,
      0.0,
      0.0,
      0.0,
      35.0,
      445.0,
      39040.0,
      1066530.0,
      7688270.0,
      792505.0,
      15690.0,
      150.0,
      5.0,
      0.0,
      0.0,
      0.0,
      0.0,
      0.0,
      0.0,
      0.0,
      0.0,
      0.0
    ],
    [
      0.0,
      0.0,
      0.0,
      0.0,
      0.0,
      0.0,
      0.0,
      0.0,
      0.0,
      0.0,
      0.0,
      0.0,
      0.0,
      0.0,
      0.0,
      0.0,
      35.0,
      3670.0,
      211985.0,
      4632805.0,
      719175.0,
      7400.0,
      40.0,
      0.0,
      0.0,
      0.0,
      0.0,
      0.0,
      0.0,
      0.0,
      0.0,
      0.0
    ],
    [
      0.0,
      0.0,
      0.0,
      0.0,
      0.0,
      0.0,
      0.0,
      0.0,
      0.0,
      0.0,
      0.0,
      0.0,
      0.0,
      0.0,
      0.0,
      0.0,
      0.0,
      0.0,
      1365.0,
      144545.0,
      5177520.0,
      2071320.0,
      31535.0,
      80.0,
      0.0,
      0.0,
      0.0,
      0.0,
      0.0,
      0.0,
      0.0,
      0.0
    ],
    [
      0.0,
      0.0,
      0.0,
      0.0,
      0.0,
      0.0,
      0.0,
      0.0,
      0.0,
      0.0,
      0.0,
      285.0,
      25095.0,
      1657840.0,
      4071690.0,
      61935.0,
      620.0,
      5.0,
      0.0,
      0.0,
      0.0,
      0.0,
      0.0,
      0.0,
      0.0,
      0.0,
      0.0,
      0.0,
      0.0,
      0.0,
      0.0,
      0.0
    ],
    [
      0.0,
      0.0,
      0.0,
      0.0,
      0.0,
      0.0,
      0.0,
      0.0,
      0.0,
      0.0,
      0.0,
      0.0,
      0.0,
      5.0,
      670.0,
      9335.0,
      468910.0,
      5723330.0,
      626160.0,
      10220.0,
      150.0,
      0.0,
      0.0,
      0.0,
      0.0,
      0.0,
      0.0,
      0.0,
      0.0,
      0.0,
      0.0,
      0.0
    ],
    [
      0.0,
      0.0,
      0.0,
      0.0,
      0.0,
      0.0,
      0.0,
      0.0,
      0.0,
      0.0,
      0.0,
      5.0,
      20.0,
      1680.0,
      124370.0,
      1907445.0,
      8054965.0,
      708760.0,
      21140.0,
      230.0,
      5.0,
      0.0,
      0.0,
      0.0,
      0.0,
      0.0,
      0.0,
      0.0,
      0.0,
      0.0,
      0.0,
      0.0
    ],
    [
      0.0,
      0.0,
      0.0,
      0.0,
      0.0,
      0.0,
      0.0,
      0.0,
      0.0,
      0.0,
      0.0,
      80.0,
      15315.0,
      1297085.0,
      4866800.0,
      87165.0,
      1260.0,
      15.0,
      0.0,
      0.0,
      0.0,
      0.0,
      0.0,
      0.0,
      0.0,
      0.0,
      0.0,
      0.0,
      0.0,
      0.0,
      0.0,
      0.0
    ],
    [
      0.0,
      0.0,
      0.0,
      0.0,
      0.0,
      0.0,
      0.0,
      0.0,
      0.0,
      0.0,
      0.0,
      0.0,
      0.0,
      0.0,
      0.0,
      0.0,
      0.0,
      0.0,
      0.0,
      0.0,
      5.0,
      230.0,
      2560.0,
      32400.0,
      403575.0,
      2986950.0,
      9796955.0,
      3575180.0,
      324320.0,
      23020.0,
      1060.0,
      50.0
    ],
    [
      0.0,
      0.0,
      0.0,
      0.0,
      0.0,
      0.0,
      0.0,
      0.0,
      0.0,
      0.0,
      0.0,
      0.0,
      0.0,
      0.0,
      0.0,
      10.0,
      225.0,
      2515.0,
      51345.0,
      259350.0,
      1479380.0,
      5064795.0,
      6865080.0,
      1789640.0,
      292965.0,
      30015.0,
      2755.0,
      320.0,
      50.0,
      5.0,
      0.0,
      0.0
    ],
    [
      0.0,
      0.0,
      0.0,
      0.0,
      0.0,
      0.0,
      0.0,
      0.0,
      0.0,
      0.0,
      0.0,
      0.0,
      0.0,
      0.0,
      0.0,
      0.0,
      0.0,
      5.0,
      420.0,
      1875.0,
      7905.0,
      52395.0,
      314235.0,
      1860645.0,
      5648685.0,
      9830240.0,
      3185195.0,
      525540.0,
      69200.0,
      6115.0,
      650.0,
      55.0
    ],
    [
      0.0,
      0.0,
      0.0,
      0.0,
      0.0,
      0.0,
      0.0,
      0.0,
      0.0,
      0.0,
      0.0,
      0.0,
      0.0,
      0.0,
      25.0,
      370.0,
      4660.0,
      53815.0,
      628180.0,
      4166035.0,
      9548810.0,
      2002020.0,
      236105.0,
      22620.0,
      2985.0,
      145.0,
      5.0,
      0.0,
      0.0,
      0.0,
      0.0,
      0.0
    ],
    [
      0.0,
      0.0,
      0.0,
      0.0,
      0.0,
      0.0,
      0.0,
      0.0,
      0.0,
      0.0,
      0.0,
      0.0,
      0.0,
      0.0,
      5.0,
      70.0,
      2885.0,
      56350.0,
      904420.0,
      6132475.0,
      6490035.0,
      711325.0,
      44900.0,
      2555.0,
      90.0,
      0.0,
      0.0,
      0.0,
      0.0,
      0.0,
      0.0,
      0.0
    ],
    [
      0.0,
      0.0,
      0.0,
      0.0,
      0.0,
      0.0,
      0.0,
      0.0,
      0.0,
      0.0,
      0.0,
      0.0,
      0.0,
      0.0,
      0.0,
      0.0,
      0.0,
      25.0,
      1505.0,
      9610.0,
      90675.0,
      560630.0,
      2899560.0,
      8529670.0,
      2878015.0,
      384535.0,
      42575.0,
      2705.0,
      215.0,
      0.0,
      0.0,
      0.0
    ],
    [
      0.0,
      0.0,
      0.0,
      0.0,
      0.0,
      0.0,
      0.0,
      0.0,
      0.0,
      0.0,
      0.0,
      0.0,
      0.0,
      0.0,
      0.0,
      0.0,
      0.0,
      0.0,
      0.0,
      15.0,
      10.0,
      245.0,
      1575.0,
      12470.0,
      80215.0,
      479000.0,
      3103255.0,
      7944920.0,
      3148960.0,
      580350.0,
      54650.0,
      5435.0
    ],
    [
      0.0,
      0.0,
      0.0,
      0.0,
      0.0,
      0.0,
      0.0,
      0.0,
      0.0,
      0.0,
      0.0,
      0.0,
      0.0,
      0.0,
      30.0,
      155.0,
      2945.0,
      37860.0,
      380000.0,
      2691170.0,
      9579725.0,
      2577190.0,
      391140.0,
      43695.0,
      2875.0,
      155.0,
      20.0,
      0.0,
      0.0,
      0.0,
      0.0,
      0.0
    ]
  ]
}