{
  "baseline_mean": [
    2.004408903873657,
    6.69056275575906,
    4.978644984721104,
    2.24790256035691,
    10.88968661068756,
    10.060353991037156,
    6.988214177623837,
    10.873222304370591,
    11.960768929938826,
    2.10560909221949,
    5.480095372127753,
    6.109477395061186,
    3.3335653730452726,
    14.192538223142547,
    1.3883772145054953,
    -1.2398247577981398
  ],
  "baseline_stddev": [
    0.6042141308303268,
    0.6784489199802064,
    0.5421785047545021,
    0.5167005440001139,
    0.4788075466301896,
    0.6063814373927303,
    0.5307963589311461,
    0.4393423893546167,
    0.41029737661178783,
    0.5312602545134346,
    0.5915739427576175,
    0.4171291101207288,
    0.5340121885068473,
    0.4733743562975798,
    0.545232041705488,
    0.5119336182163486
  ],
  "baselines": [
    2.0,
    7.0,
    5.0,
    2.0,
    11.0,
    10.0,
    7.0,
    11.0,
    12.0,
    2.0,
    5.0,
    6.0,
    3.0,
    14.0,
    1.0,
    -1.0
  ],
  "bl_range": [
    -15,
    -14,
    -13,
    -12,
    -11,
    -10,
    -9,
    -8,
    -7,
    -6,
    -5,
    -4,
    -3,
    -2,
    -1,
    0,
    1,
    2,
    3,
    4,
    5,
    6,
    7,
    8,
    9,
    10,
    11,
    12,
    13,
    14,
    15,
    16
  ],
  "ch_error": [
    0.0,
    0.0,
    0.0,
    0.0,
    0.0,
    0.0,
    0.0,
    0.0,
    0.0,
    0.0,
    0.0,
    0.0,
    0.0,
    0.0,
    0.0,
    0.0
  ],
  "noise_scan_raw": [
    [
      0.0,
      0.0,
      0.0,
      0.0,
      0.0,
      0.0,
      0.0,
      0.0,
      0.0,
      0.0,
      0.0,
      0.0,
      30.0,
      375.0,
      3585.0,
      66525.0,
      617970.0,
      3654625.0,
      665630.0,
      52815.0,
      2825.0,
      1500.0,
      5.0,
      0.0,
      0.0,
      0.0,
      0.0,
      0.0,
      0.0,
      0.0,
      0.0,
      0.0
    ],
    [
      0.0,
      0.0,
      0.0,
      0.0,
      0.0,
      0.0,
      0.0,
      0.0,
      0.0,
      0.0,
      0.0,
      0.0,
      0.0,
      0.0,
      0.0,
      0.0,
      10.0,
      195.0,
      1605.0,
      15995.0,
      272800.0,
      2243790.0,
      4379595.0,
      484625.0,
      25635.0,
      3035.0,
      360.0,
      0.0,
      0.0,
      0.0,
      0.0,
      0.0
    ],
    [
      0.0,
      0.0,
      0.0,
      0.0,
      0.0,
      0.0,
      0.0,
      0.0,
      0.0,
      0.0,
      0.0,
      0.0,
      0.0,
      0.0,
      0.0,
      15.0,
      150.0,
      4395.0,
      40710.0,
      692505.0,
      4285490.0,
      574080.0,
      45050.0,
      965.0,
      30.0,
      15.0,
      0.0,
      0.0,
      0.0,
      0.0,
      0.0,
      0.0
    ],
    [
      0.0,
      0.0,
      0.0,
      0.0,
      0.0,
      0.0,
      0.0,
      0.0,
      0.0,
      0.0,
      0.0,
      0.0,
      0.0,
      0.0,
      30.0,
      2735.0,
      97020.0,
      2300290.0,
      867285.0,
      24555.0,
      705.0,
      85.0,
      0.0,
      0.0,
      0.0,
      0.0,
      0.0,
      0.0,
      0.0,
      0.0,
      0.0,
      0.0
    ],
    [
      0.0,
      0.0,
      0.0,
      0.0,
      0.0,
      0.0,
      0.0,
      0.0,
      0.0,
      0.0,
      0.0,
      0.0,
      0.0,
      0.0,
      0.0,
      0.0,
      0.0,
      0.0,
      0.0,
      0.0,
      0.0,
      10.0,
      75.0,
      1350.0,
      26205.0,
      900125.0,
      4448905.0,
      303270.0,
      12290.0,
      365.0,
      5.0,
      0.0
    ],
    [
      0.0,
      0.0,
      0.0,
      0.0,
      0.0,
      0.0,
      0.0,
      0.0,
      0.0,
      0.0,
      0.0,
      0.0,
      0.0,
      0.0,
      0.0,
      0.0,
      0.0,
      0.0,
      0.0,
      5.0,
      10.0,
      1205.0,
      15090.0,
      121300.0,
      793200.0,
      6259935.0,
      1433180.0,
      84495.0,
      2845.0,
      235.0,
      20.0,
      0.0
    ],
    [
      0.0,
      0.0,
      0.0,
      0.0,
      0.0,
      0.0,
      0.0,
      0.0,
      0.0,
      0.0,
      0.0,
      0.0,
      0.0,
      0.0,
      0.0,
      0.0,
      0.0,
      15.0,
      215.0,
      2595.0,
      55770.0,
      655850.0,
      4556430.0,
      649525.0,
      24710.0,
      2090.0,
      200.0,
      0.0,
      0.0,
      0.0,
      0.0,
      0.0
    ],
    [
      0.0,
      0.0,
      0.0,
      0.0,
      0.0,
      0.0,
      0.0,
      0.0,
      0.0,
      0.0,
      0.0,
      0.0,
      0.0,
      0.0,
      0.0,
      0.0,
      0.0,
      0.0,
      0.0,
      0.0,
      0.0,
      0.0,
      5.0,
      155.0,
      14625.0,
      800380.0,
      4050120.0,
      183490.0,
      3015.0,
      45.0,
      0.0,
      0.0
    ],
    [
      0.0,
      0.0,
      0.0,
      0.0,
      0.0,
      0.0,
      0.0,
      0.0,
      0.0,
      0.0,
      0.0,
      0.0,
      0.0,
      0.0,
      0.0,
      0.0,
      0.0,
      0.0,
      0.0,
      0.0,
      0.0,
      0.0,
      0.0,
      0.0,
      210.0,
      11025.0,
      387865.0,
      3506040.0,
      226565.0,
      10555.0,
      120.0,
      0.0
    ],
    [
      0.0,
      0.0,
      0.0,
      0.0,
      0.0,
      0.0,
      0.0,
      0.0,
      0.0,
      0.0,
      0.0,
      0.0,
      5.0,
      0.0,
      785.0,
      34430.0,
      711840.0,
      7040035.0,
      1650590.0,
      63970.0,
      2640.0,
      95.0,
      0.0,
      0.0,
      0.0,
      0.0,
      0.0,
      0.0,
      0.0,
      0.0,
      0.0,
      0.0
    ],
    [
      0.0,
      0.0,
      0.0,
      0.0,
      0.0,
      0.0,
      0.0,
      0.0,
      0.0,
      0.0,
      0.0,
      0.0,
      0.0,
      0.0,
      0.0,
      0.0,
      0.0,
      265.0,
      5775.0,
      129175.0,
      2883290.0,
      2653700.0,
      133270.0,
      3335.0,
      10.0,
      5.0,
      0.0,
      0.0,
      0.0,
      0.0,
      0.0,
      0.0
    ],
    [
      0.0,
      0.0,
      0.0,
      0.0,
      0.0,
      0.0,
      0.0,
      0.0,
      0.0,
      0.0,
      0.0,
      0.0,
      0.0,
      0.0,
      0.0,
      0.0,
      0.0,
      0.0,
      40.0,
      2435.0,
      98580.0,
      2434385.0,
      413610.0,
      6610.0,
      110.0,
      0.0,
      0.0,
      0.0,
      0.0,
      0.0,
      0.0,
      0.0
    ],
    [
      0.0,
      0.0,
      0.0,
      0.0,
      0.0,
      0.0,
      0.0,
      0.0,
      0.0,
      0.0,
      0.0,
      0.0,
      0.0,
      0.0,
      0.0,
      0.0,
      250.0,
      46550.0,
      1262130.0,
      686780.0,
      15200.0,
      240.0,
      0.0,
      0.0,
      0.0,
      0.0,
      0.0,
      0.0,
      0.0,
      0.0,
      0.0,
      0.0
    ],
    [
      0.0,
      0.0,
      0.0,
      0.0,
      0.0,
      0.0,
      0.0,
      0.0,
      0.0,
      0.0,
      0.0,
      0.0,
      0.0,
      0.0,
      0.0,
      0.0,
      0.0,
      0.0,
      0.0,
      0.0,
      0.0,
      0.0,
      0.0,
      0.0,
      0.0,
      0.0,
      10.0,
      2580.0,
      144580.0,
      3790565.0,
      1078710.0,
      20425.0
    ],
    [
      0.0,
      0.0,
      0.0,
      0.0,
      0.0,
      0.0,
      0.0,
      0.0,
      0.0,
      0.0,
      0.0,
      0.0,
      0.0,
      15.0,
      1160.0,
      60665.0,
      1673500.0,
      1146415.0,
      21930.0,
      170.0,
      10.0,
      0.0,
      0.0,
      0.0,
      0.0,
      0.0,
      0.0,
      0.0,
      0.0,
      0.0,
      0.0,
      0.0
    ],
    [
      0.0,
      0.0,
      0.0,
      0.0,
      0.0,
      0.0,
      0.0,
      0.0,
      0.0,
      0.0,
      5.0,
      530.0,
      20340.0,
      641160.0,
      1797275.0,
      70315.0,
      2830.0,
      40.0,
      0.0,
      0.0,
      0.0,
      0.0,
      0.0,
      0.0,
      0.0,
      0.0,
      0.0,
      0.0,
      0.0,
      0.0,
      0.0,
      0.0
    ]
  ]
}