{
  "baseline_mean": [
    11.030409499398818,
    11.668164476002586,
    9.421079958463135,
    13.012671099369186,
    8.182419983048561,
    4.505085237153573,
    4.839529225372036,
    7.491073987390141,
    4.861553309150045,
    5.964067461135625,
    1.89882310265608,
    5.895020473365379,
    7.024184295616388,
    8.586011161253928,
    6.165907318474736,
    11.959526412628998
  ],
  "baseline_stddev": [
    0.6727402557554868,
    0.6908365103154018,
    0.6983543466271813,
    0.530093861759784,
    0.5674435921388284,
    0.6717096730337114,
    0.6270521999079549,
    0.6312450175372929,
    0.4321081124163047,
    0.32998644558279416,
    0.3594066980229438,
    0.3419001770819269,
    0.31792812695621187,
    0.5308079962610649,
    0.4364479953106295,
    0.33710356668828517
  ],
  "baselines": [
    11.0,
    12.0,
    9.0,
    13.0,
    8.0,
    5.0,
    5.0,
    7.0,
    5.0,
    6.0,
    2.0,
    6.0,
    7.0,
    9.0,
    6.0,
    12.0
  ],
  "bl_range": [
    -15,
    -14,
    -13,
    -12,
    -11,
    -10,
    -9,
    -8,
    -7,
    -6,
    -5,
    -4,
    -3,
    -2,
    -1,
    0,
    1,
    2,
    3,
    4,
    5,
    6,
    7,
    8,
    9,
    10,
    11,
    12,
    13,
    14,
    15,
    16
  ],
  "ch_error": [
    0.0,
    0.0,
    0.0,
    0.0,
    0.0,
    0.0,
    0.0,
    0.0,
    0.0,
    0.0,
    0.0,
    0.0,
    0.0,
    0.0,
    0.0,
    0.0
  ],
  "noise_scan_raw": [
    [
      0.0,
      0.0,
      0.0,
      0.0,
      0.0,
      0.0,
      0.0,
      0.0,
      0.0,
      0.0,
      0.0,
      0.0,
      0.0,
      0.0,
      0.0,
      0.0,
      0.0,
      0.0,
      0.0,
      0.0,
      0.0,
      10.0,
      185.0,
      7335.0,
      118575.0,
      1594390.0,
      6911305.0,
      1718475.0,
      216910.0,
      7595.0,
      190.0,
      15.0
    ],
    [
      0.0,
      0.0,
      0.0,
      0.0,
      0.0,
      0.0,
      0.0,
      0.0,
      0.0,
      0.0,
      0.0,
      0.0,
      0.0,
      0.0,
      0.0,
      0.0,
      0.0,
      0.0,
      0.0,
      0.0,
      5.0,
      0.0,
      45.0,
      1780.0,
      19910.0,
      335155.0,
      2960760.0,
      5019465.0,
      637915.0,
      33925.0,
      825.0,
      40.0
    ],
    [
      0.0,
      0.0,
      0.0,
      0.0,
      0.0,
      0.0,
      0.0,
      0.0,
      0.0,
      0.0,
      0.0,
      0.0,
      0.0,
      0.0,
      0.0,
      0.0,
      0.0,
      0.0,
      0.0,
      10.0,
      350.0,
      1360.0,
      19840.0,
      380470.0,
      2694775.0,
      2381260.0,
      199130.0,
      13895.0,
      220.0,
      20.0,
      0.0,
      0.0
    ],
    [
      0.0,
      0.0,
      0.0,
      0.0,
      0.0,
      0.0,
      0.0,
      0.0,
      0.0,
      0.0,
      0.0,
      0.0,
      0.0,
      0.0,
      0.0,
      0.0,
      0.0,
      0.0,
      0.0,
      0.0,
      0.0,
      0.0,
      0.0,
      0.0,
      60.0,
      2660.0,
      59080.0,
      1118130.0,
      7612375.0,
      1282625.0,
      43555.0,
      1000.0
    ],
    [
      0.0,
      0.0,
      0.0,
      0.0,
      0.0,
      0.0,
      0.0,
      0.0,
      0.0,
      0.0,
      0.0,
      0.0,
      0.0,
      0.0,
      0.0,
      0.0,
      0.0,
      0.0,
      0.0,
      135.0,
      2690.0,
      14740.0,
      330265.0,
      3949875.0,
      1214430.0,
      83595.0,
      2475.0,
      140.0,
      0.0,
      0.0,
      0.0,
      0.0
    ],
    [
      0.0,
      0.0,
      0.0,
      0.0,
      0.0,
      0.0,
      0.0,
      0.0,
      0.0,
      0.0,
      0.0,
      0.0,
      0.0,
      0.0,
      0.0,
      85.0,
      2350.0,
      24260.0,
      481630.0,
      4381055.0,
      4812740.0,
      383940.0,
      19320.0,
      750.0,
      50.0,
      35.0,
      0.0,
      0.0,
      0.0,
      0.0,
      0.0,
      0.0
    ],
    [
      0.0,
      0.0,
      0.0,
      0.0,
      0.0,
      0.0,
      0.0,
      0.0,
      0.0,
      0.0,
      0.0,
      0.0,
      0.0,
      0.0,
      0.0,
      45.0,
      990.0,
      7760.0,
      170220.0,
      1832905.0,
      5685770.0,
      733825.0,
      48940.0,
      2515.0,
      70.0,
      0.0,
      0.0,
      0.0,
      0.0,
      0.0,
      0.0,
      0.0
    ],
    [
      0.0,
      0.0,
      0.0,
      0.0,
      0.0,
      0.0,
      0.0,
      0.0,
      0.0,
      0.0,
      0.0,
      0.0,
      0.0,
      0.0,
      0.0,
      0.0,
      0.0,
      0.0,
      15.0,
      520.0,
      20965.0,
      156425.0,
      2322205.0,
      2389170.0,
      127830.0,
      7425.0,
      85.0,
      0.0,
      0.0,
      0.0,
      0.0,
      0.0
    ],
    [
      0.0,
      0.0,
      0.0,
      0.0,
      0.0,
      0.0,
      0.0,
      0.0,
      0.0,
      0.0,
      0.0,
      0.0,
      0.0,
      0.0,
      0.0,
      0.0,
      0.0,
      25.0,
      3865.0,
      424250.0,
      2024150.0,
      80975.0,
      160.0,
      5.0,
      0.0,
      0.0,
      0.0,
      0.0,
      0.0,
      0.0,
      0.0,
      0.0
    ],
    [
      0.0,
      0.0,
      0.0,
      0.0,
      0.0,
      0.0,
      0.0,
      0.0,
      0.0,
      0.0,
      0.0,
      0.0,
      0.0,
      0.0,
      0.0,
      0.0,
      0.0,
      0.0,
      60.0,
      3525.0,
      297570.0,
      3792000.0,
      149245.0,
      1515.0,
      10.0,
      0.0,
      0.0,
      0.0,
      0.0,
      0.0,
      0.0,
      0.0
    ],
    [
      0.0,
      0.0,
      0.0,
      0.0,
      0.0,
      0.0,
      0.0,
      0.0,
      0.0,
      0.0,
      0.0,
      0.0,
      0.0,
      0.0,
      45.0,
      2415.0,
      141420.0,
      1076085.0,
      20310.0,
      265.0,
      10.0,
      0.0,
      0.0,
      0.0,
      0.0,
      0.0,
      0.0,
      0.0,
      0.0,
      0.0,
      0.0,
      0.0
    ],
    [
      0.0,
      0.0,
      0.0,
      0.0,
      0.0,
      0.0,
      0.0,
      0.0,
      0.0,
      0.0,
      0.0,
      0.0,
      0.0,
      0.0,
      0.0,
      0.0,
      0.0,
      0.0,
      15.0,
      3535.0,
      231235.0,
      1823440.0,
      20000.0,
      85.0,
      0.0,
      0.0,
      0.0,
      0.0,
      0.0,
      0.0,
      0.0,
      0.0
    ],
    [
      0.0,
      0.0,
      0.0,
      0.0,
      0.0,
      0.0,
      0.0,
      0.0,
      0.0,
      0.0,
      0.0,
      0.0,
      0.0,
      0.0,
      0.0,
      0.0,
      0.0,
      0.0,
      0.0,
      0.0,
      165.0,
      40200.0,
      948370.0,
      65715.0,
      160.0,
      0.0,
      0.0,
      0.0,
      0.0,
      0.0,
      0.0,
      0.0
    ],
    [
      0.0,
      0.0,
      0.0,
      0.0,
      0.0,
      0.0,
      0.0,
      0.0,
      0.0,
      0.0,
      0.0,
      0.0,
      0.0,
      0.0,
      0.0,
      0.0,
      0.0,
      0.0,
      0.0,
      0.0,
      20.0,
      705.0,
      6755.0,
      405610.0,
      569390.0,
      10145.0,
      90.0,
      5.0,
      0.0,
      0.0,
      0.0,
      0.0
    ],
    [
      0.0,
      0.0,
      0.0,
      0.0,
      0.0,
      0.0,
      0.0,
      0.0,
      0.0,
      0.0,
      0.0,
      0.0,
      0.0,
      0.0,
      0.0,
      0.0,
      0.0,
      0.0,
      0.0,
      220.0,
      19725.0,
      672900.0,
      158135.0,
      1680.0,
      40.0,
      5.0,
      0.0,
      0.0,
      0.0,
      0.0,
      0.0,
      0.0
    ],
    [
      0.0,
      0.0,
      0.0,
      0.0,
      0.0,
      0.0,
      0.0,
      0.0,
      0.0,
      0.0,
      0.0,
      0.0,
      0.0,
      0.0,
      0.0,
      0.0,
      0.0,
      0.0,
      0.0,
      0.0,
      0.0,
      0.0,
      0.0,
      0.0,
      15.0,
      3220.0,
      135430.0,
      1671200.0,
      64345.0,
      840.0,
      0.0,
      0.0
    ]
  ]
}