{
  "baseline_mean": [
    0.803864869477055, 
    0.650503312959272, 
    5.333710142083856, 
    1.8308237091193083, 
    6.370512826851106, 
    9.757250580046403, 
    4.961296853136444, 
    4.047525693065031, 
    5.076594841645675, 
    4.974461328592354, 
    0.008831130198746909, 
    6.371028883073687, 
    4.325454201173997, 
    8.97874118815941, 
    5.193791916972286, 
    8.92345736907082
  ], 
  "baseline_stddev": [
    0.6672048515990455, 
    1.0726470939566835, 
    0.9751852379334541, 
    0.6574910369331416, 
    0.5608076556837258, 
    0.4477405712824621, 
    0.1970098537226597, 
    0.2558152757678925, 
    0.27924805781211626, 
    0.15800227389100263, 
    0.09493907141351025, 
    0.5166910300705673, 
    0.4704208283237542, 
    0.14598470803975297, 
    0.47683477038726907, 
    0.2852963534468312
  ], 
  "baselines": [
    1.0, 
    1.0, 
    5.0, 
    2.0, 
    6.0, 
    10.0, 
    5.0, 
    4.0, 
    5.0, 
    5.0, 
    0.0, 
    6.0, 
    4.0, 
    9.0, 
    5.0, 
    9.0
  ], 
  "bl_range": [
    -15, 
    -14, 
    -13, 
    -12, 
    -11, 
    -10, 
    -9, 
    -8, 
    -7, 
    -6, 
    -5, 
    -4, 
    -3, 
    -2, 
    -1, 
    0, 
    1, 
    2, 
    3, 
    4, 
    5, 
    6, 
    7, 
    8, 
    9, 
    10, 
    11, 
    12, 
    13, 
    14, 
    15
  ], 
  "ch_error": [
    0.0, 
    0.0, 
    0.0, 
    0.0, 
    0.0, 
    0.0, 
    0.0, 
    0.0, 
    0.0, 
    0.0, 
    0.0, 
    0.0, 
    0.0, 
    0.0, 
    0.0, 
    0.0
  ], 
  "noise_scan_raw": [
    [
      0, 
      0, 
      0, 
      0, 
      0, 
      0, 
      0, 
      0, 
      0, 
      0, 
      0, 
      3, 
      11, 
      632, 
      60917, 
      877040, 
      1890056, 
      345163, 
      12264, 
      933, 
      766, 
      5, 
      2, 
      0, 
      0, 
      0, 
      0, 
      0, 
      0, 
      0, 
      0
    ], 
    [
      0, 
      0, 
      0, 
      0, 
      0, 
      0, 
      0, 
      0, 
      0, 
      3, 
      9, 
      68, 
      6395, 
      131912, 
      949097, 
      3108131, 
      3123924, 
      1406806, 
      308510, 
      48222, 
      19320, 
      180, 
      10, 
      0, 
      0, 
      0, 
      0, 
      0, 
      0, 
      0, 
      0
    ], 
    [
      0, 
      0, 
      0, 
      0, 
      0, 
      0, 
      0, 
      0, 
      0, 
      0, 
      0, 
      0, 
      0, 
      0, 
      1, 
      29, 
      3595, 
      34255, 
      197146, 
      1281271, 
      3608897, 
      2864664, 
      776278, 
      109474, 
      2371, 
      82, 
      4, 
      0, 
      0, 
      0, 
      0
    ], 
    [
      0, 
      0, 
      0, 
      0, 
      0, 
      0, 
      0, 
      0, 
      0, 
      0, 
      0, 
      0, 
      3, 
      10, 
      2381, 
      41045, 
      590471, 
      1574144, 
      195066, 
      32246, 
      2570, 
      12, 
      0, 
      0, 
      0, 
      0, 
      0, 
      0, 
      0, 
      0, 
      0
    ], 
    [
      0, 
      0, 
      0, 
      0, 
      0, 
      0, 
      0, 
      0, 
      0, 
      0, 
      0, 
      0, 
      0, 
      0, 
      0, 
      0, 
      0, 
      0, 
      0, 
      7, 
      16149, 
      222602, 
      165519, 
      263, 
      2, 
      0, 
      0, 
      0, 
      0, 
      0, 
      0
    ], 
    [
      0, 
      0, 
      0, 
      0, 
      0, 
      0, 
      0, 
      0, 
      0, 
      0, 
      0, 
      0, 
      0, 
      0, 
      0, 
      0, 
      0, 
      0, 
      0, 
      0, 
      0, 
      0, 
      15, 
      679, 
      21247, 
      71104, 
      51, 
      0, 
      0, 
      0, 
      0
    ], 
    [
      0, 
      0, 
      0, 
      0, 
      0, 
      0, 
      0, 
      0, 
      0, 
      0, 
      0, 
      0, 
      0, 
      0, 
      0, 
      0, 
      0, 
      0, 
      8, 
      3957, 
      96729, 
      73, 
      0, 
      0, 
      0, 
      0, 
      0, 
      0, 
      0, 
      0, 
      0
    ], 
    [
      0, 
      0, 
      0, 
      0, 
      0, 
      0, 
      0, 
      0, 
      0, 
      0, 
      0, 
      0, 
      0, 
      0, 
      0, 
      0, 
      0, 
      11, 
      1135, 
      107984, 
      6660, 
      0, 
      0, 
      0, 
      0, 
      0, 
      0, 
      0, 
      0, 
      0, 
      0
    ], 
    [
      0, 
      0, 
      0, 
      0, 
      0, 
      0, 
      0, 
      0, 
      0, 
      0, 
      0, 
      0, 
      0, 
      0, 
      0, 
      0, 
      0, 
      0, 
      0, 
      4606, 
      1165648, 
      102044, 
      7, 
      0, 
      0, 
      0, 
      0, 
      0, 
      0, 
      0, 
      0
    ], 
    [
      0, 
      0, 
      0, 
      0, 
      0, 
      0, 
      0, 
      0, 
      0, 
      0, 
      0, 
      0, 
      0, 
      0, 
      0, 
      0, 
      0, 
      0, 
      0, 
      4575, 
      174284, 
      7, 
      0, 
      0, 
      0, 
      0, 
      0, 
      0, 
      0, 
      0, 
      0
    ], 
    [
      0, 
      0, 
      0, 
      0, 
      0, 
      0, 
      0, 
      0, 
      0, 
      0, 
      0, 
      0, 
      0, 
      0, 
      14, 
      106596, 
      964, 
      0, 
      0, 
      0, 
      0, 
      0, 
      0, 
      0, 
      0, 
      0, 
      0, 
      0, 
      0, 
      0, 
      0
    ], 
    [
      0, 
      0, 
      0, 
      0, 
      0, 
      0, 
      0, 
      0, 
      0, 
      0, 
      0, 
      0, 
      0, 
      0, 
      0, 
      0, 
      0, 
      0, 
      0, 
      0, 
      1369, 
      48703, 
      31701, 
      5, 
      0, 
      0, 
      0, 
      0, 
      0, 
      0, 
      0
    ], 
    [
      0, 
      0, 
      0, 
      0, 
      0, 
      0, 
      0, 
      0, 
      0, 
      0, 
      0, 
      0, 
      0, 
      0, 
      0, 
      0, 
      0, 
      0, 
      423, 
      337596, 
      163667, 
      19, 
      0, 
      0, 
      0, 
      0, 
      0, 
      0, 
      0, 
      0, 
      0
    ], 
    [
      0, 
      0, 
      0, 
      0, 
      0, 
      0, 
      0, 
      0, 
      0, 
      0, 
      0, 
      0, 
      0, 
      0, 
      0, 
      0, 
      0, 
      0, 
      0, 
      0, 
      0, 
      0, 
      10, 
      1334, 
      62059, 
      6, 
      0, 
      0, 
      0, 
      0, 
      0
    ], 
    [
      0, 
      0, 
      0, 
      0, 
      0, 
      0, 
      0, 
      0, 
      0, 
      0, 
      0, 
      0, 
      0, 
      0, 
      0, 
      0, 
      0, 
      0, 
      40, 
      79373, 
      1711473, 
      522560, 
      2887, 
      2, 
      0, 
      0, 
      0, 
      0, 
      0, 
      0, 
      0
    ], 
    [
      0, 
      0, 
      0, 
      0, 
      0, 
      0, 
      0, 
      0, 
      0, 
      0, 
      0, 
      0, 
      0, 
      0, 
      0, 
      0, 
      0, 
      0, 
      0, 
      0, 
      23, 
      285, 
      645, 
      93561, 
      1090679, 
      4692, 
      14, 
      0, 
      0, 
      0, 
      0
    ]
  ], 
  "t1_calib_efficiency": [
    0.999, 
    0.999, 
    0.999, 
    0.999, 
    0.999, 
    0.999, 
    0.999, 
    0.999, 
    0.999, 
    0.999, 
    0.999, 
    0.999, 
    0.999, 
    0.999, 
    0.999, 
    0.999
  ]
}