{
  "baseline_mean": [
    5.3645831020335795,
    7.5857310054173,
    3.889629278032466,
    0.19505461520794093,
    7.047466980587079,
    4.339470591767699,
    6.656377093986697,
    3.261335682160494,
    3.089463888904355,
    6.659244104182929,
    1.80019559375961,
    -3.053753743574976,
    9.404449292871945,
    0.6599880198857515,
    6.72999442883852,
    1.285864154334841
  ],
  "baseline_stddev": [
    1.7573817078963816,
    1.709930341602723,
    1.794724075384096,
    1.930615472623351,
    1.5782749064438448,
    1.878670663648941,
    1.4950750166346622,
    1.4727123953239976,
    1.5615091785237243,
    1.6207440502594563,
    1.4869556856241732,
    1.76107792420877,
    1.7015675692448962,
    1.6257596874174913,
    1.75791512138331,
    1.4885999436258444
  ],
  "baselines": [
    5.0,
    8.0,
    4.0,
    0.0,
    7.0,
    4.0,
    7.0,
    3.0,
    3.0,
    7.0,
    2.0,
    -3.0,
    9.0,
    1.0,
    7.0,
    1.0
  ],
  "bl_range": [
    -15,
    -14,
    -13,
    -12,
    -11,
    -10,
    -9,
    -8,
    -7,
    -6,
    -5,
    -4,
    -3,
    -2,
    -1,
    0,
    1,
    2,
    3,
    4,
    5,
    6,
    7,
    8,
    9,
    10,
    11,
    12,
    13,
    14,
    15,
    16
  ],
  "ch_error": [
    0.0,
    0.0,
    0.0,
    0.0,
    0.0,
    0.0,
    0.0,
    0.0,
    0.0,
    0.0,
    0.0,
    0.0,
    0.0,
    0.0,
    0.0,
    0.0
  ],
  "noise_scan_raw": [
    [
      0.0,
      0.0,
      0.0,
      0.0,
      0.0,
      0.0,
      10.0,
      75.0,
      560.0,
      330.0,
      965.0,
      3360.0,
      8080.0,
      22820.0,
      68950.0,
      174010.0,
      730540.0,
      2743200.0,
      4165385.0,
      9504375.0,
      13961210.0,
      14166995.0,
      10034170.0,
      3398440.0,
      1211285.0,
      296460.0,
      235190.0,
      40170.0,
      22405.0,
      5530.0,
      2585.0,
      630.0
    ],
    [
      0.0,
      0.0,
      0.0,
      0.0,
      0.0,
      0.0,
      5.0,
      0.0,
      195.0,
      20.0,
      265.0,
      425.0,
      1250.0,
      2885.0,
      15250.0,
      26360.0,
      81860.0,
      236550.0,
      470290.0,
      1091985.0,
      2545955.0,
      6529620.0,
      13540780.0,
      14011435.0,
      7490605.0,
      3084130.0,
      1649380.0,
      358835.0,
      231750.0,
      79060.0,
      34465.0,
      12775.0
    ],
    [
      0.0,
      0.0,
      0.0,
      45.0,
      5.0,
      5.0,
      75.0,
      490.0,
      4875.0,
      5370.0,
      14720.0,
      33880.0,
      66000.0,
      113840.0,
      394170.0,
      1152005.0,
      4064115.0,
      8691850.0,
      12370140.0,
      15417995.0,
      13176990.0,
      7859675.0,
      2778290.0,
      1053280.0,
      142090.0,
      42590.0,
      33885.0,
      5720.0,
      4005.0,
      1000.0,
      510.0,
      140.0
    ],
    [
      20.0,
      130.0,
      175.0,
      2660.0,
      490.0,
      2265.0,
      5410.0,
      17230.0,
      151640.0,
      221680.0,
      590640.0,
      1193805.0,
      2292265.0,
      4218755.0,
      9232965.0,
      13954570.0,
      12336075.0,
      7983205.0,
      2661180.0,
      1130475.0,
      515225.0,
      320900.0,
      60230.0,
      33275.0,
      1500.0,
      460.0,
      480.0,
      65.0,
      30.0,
      15.0,
      10.0,
      0.0
    ],
    [
      0.0,
      0.0,
      0.0,
      0.0,
      0.0,
      0.0,
      5.0,
      5.0,
      500.0,
      100.0,
      540.0,
      920.0,
      3015.0,
      5565.0,
      25345.0,
      44570.0,
      98805.0,
      257555.0,
      486730.0,
      1086160.0,
      2342725.0,
      6229055.0,
      11642840.0,
      10356900.0,
      2151020.0,
      705020.0,
      544765.0,
      116060.0,
      78765.0,
      27005.0,
      12835.0,
      4690.0
    ],
    [
      0.0,
      0.0,
      0.0,
      25.0,
      5.0,
      10.0,
      30.0,
      325.0,
      3190.0,
      2210.0,
      5140.0,
      10655.0,
      53650.0,
      83205.0,
      226560.0,
      542890.0,
      1978140.0,
      5002430.0,
      5699195.0,
      10248345.0,
      11314400.0,
      6407800.0,
      3126560.0,
      1313835.0,
      294765.0,
      87450.0,
      112745.0,
      19945.0,
      6710.0,
      1735.0,
      1440.0,
      465.0
    ],
    [
      0.0,
      0.0,
      0.0,
      0.0,
      0.0,
      0.0,
      0.0,
      0.0,
      135.0,
      15.0,
      125.0,
      105.0,
      1150.0,
      1865.0,
      11670.0,
      23105.0,
      85600.0,
      242190.0,
      482735.0,
      1336740.0,
      4038790.0,
      9938605.0,
      11482150.0,
      5778910.0,
      1906440.0,
      520585.0,
      418595.0,
      68355.0,
      32815.0,
      8635.0,
      3850.0,
      1080.0
    ],
    [
      0.0,
      0.0,
      0.0,
      0.0,
      0.0,
      5.0,
      20.0,
      130.0,
      1945.0,
      1295.0,
      4825.0,
      11055.0,
      31875.0,
      56870.0,
      232055.0,
      704285.0,
      2745205.0,
      7999125.0,
      11114075.0,
      9609255.0,
      5221795.0,
      1779630.0,
      310140.0,
      148285.0,
      26755.0,
      4670.0,
      4610.0,
      350.0,
      300.0,
      35.0,
      30.0,
      0.0
    ],
    [
      0.0,
      0.0,
      0.0,
      10.0,
      0.0,
      10.0,
      50.0,
      345.0,
      2630.0,
      1685.0,
      7525.0,
      14305.0,
      62270.0,
      83355.0,
      477515.0,
      1396310.0,
      4875075.0,
      10680160.0,
      13755210.0,
      11656905.0,
      5303635.0,
      2155035.0,
      373690.0,
      226120.0,
      79250.0,
      18325.0,
      14980.0,
      1555.0,
      1020.0,
      180.0,
      85.0,
      10.0
    ],
    [
      0.0,
      0.0,
      0.0,
      0.0,
      0.0,
      0.0,
      0.0,
      0.0,
      70.0,
      15.0,
      95.0,
      75.0,
      1120.0,
      1515.0,
      14635.0,
      32975.0,
      146365.0,
      378440.0,
      869290.0,
      2414635.0,
      6039345.0,
      12530420.0,
      14076660.0,
      8179730.0,
      3344265.0,
      947140.0,
      701020.0,
      100490.0,
      54820.0,
      12805.0,
      5075.0,
      1505.0
    ],
    [
      0.0,
      0.0,
      0.0,
      45.0,
      5.0,
      70.0,
      315.0,
      1630.0,
      6675.0,
      6630.0,
      30180.0,
      54275.0,
      278755.0,
      319755.0,
      2322795.0,
      6957600.0,
      13556745.0,
      17811300.0,
      10669165.0,
      4437590.0,
      1249680.0,
      518870.0,
      74945.0,
      37955.0,
      15035.0,
      3040.0,
      2225.0,
      225.0,
      115.0,
      15.0,
      10.0,
      0.0
    ],
    [
      120.0,
      910.0,
      1665.0,
      10100.0,
      7060.0,
      38935.0,
      105975.0,
      373855.0,
      1274505.0,
      1906635.0,
      5419580.0,
      10026145.0,
      14692625.0,
      9143060.0,
      5447840.0,
      1954270.0,
      1008415.0,
      292825.0,
      57165.0,
      12985.0,
      1645.0,
      625.0,
      40.0,
      45.0,
      0.0,
      10.0,
      10.0,
      0.0,
      0.0,
      0.0,
      0.0,
      0.0
    ],
    [
      0.0,
      0.0,
      0.0,
      0.0,
      0.0,
      0.0,
      0.0,
      0.0,
      0.0,
      0.0,
      0.0,
      0.0,
      30.0,
      35.0,
      645.0,
      1590.0,
      8650.0,
      31910.0,
      70195.0,
      219115.0,
      547110.0,
      2189425.0,
      4807155.0,
      11940665.0,
      15970450.0,
      16396170.0,
      11133170.0,
      3507915.0,
      1835295.0,
      414365.0,
      197970.0,
      56460.0
    ],
    [
      0.0,
      10.0,
      30.0,
      330.0,
      80.0,
      875.0,
      2960.0,
      13090.0,
      38840.0,
      50935.0,
      199990.0,
      292280.0,
      1911395.0,
      3256845.0,
      10181730.0,
      17720070.0,
      18299870.0,
      14306760.0,
      5514075.0,
      1937120.0,
      378925.0,
      160155.0,
      24660.0,
      10525.0,
      3475.0,
      700.0,
      685.0,
      40.0,
      15.0,
      5.0,
      0.0,
