{
  "baseline_mean": [
    1.877339811196495,
    0.9985075421158132,
    10.816320293139063,
    6.966132325935476,
    9.79306173795239,
    8.020165857083636,
    9.398562230241279,
    5.136267999057623,
    5.46319164688718,
    4.8442509137688115,
    8.070910364451919,
    15.006691586725285,
    -4.964333337746666,
    7.129429578846144,
    11.272800040092637,
    7.07664630390488
  ],
  "baseline_stddev": [
    0.7735887470889516,
    0.6695674210784038,
    0.6901767447342995,
    0.6458978978819223,
    0.6034085807766828,
    0.7155280485890141,
    0.8585805738246073,
    0.735633420963458,
    0.654275119087794,
    0.5532831349744881,
    0.5921326907812052,
    0.439491591096781,
    0.4624345324599032,
    0.5660683726289171,
    0.6130632622963994,
    0.5577303056339601
  ],
  "baselines": [
    2.0,
    1.0,
    11.0,
    7.0,
    10.0,
    8.0,
    9.0,
    5.0,
    5.0,
    5.0,
    8.0,
    15.0,
    -5.0,
    7.0,
    11.0,
    7.0
  ],
  "bl_range": [
    -15,
    -14,
    -13,
    -12,
    -11,
    -10,
    -9,
    -8,
    -7,
    -6,
    -5,
    -4,
    -3,
    -2,
    -1,
    0,
    1,
    2,
    3,
    4,
    5,
    6,
    7,
    8,
    9,
    10,
    11,
    12,
    13,
    14,
    15,
    16
  ],
  "ch_error": [
    0.0,
    0.0,
    0.0,
    0.0,
    0.0,
    0.0,
    0.0,
    0.0,
    0.0,
    0.0,
    0.0,
    0.0,
    0.0,
    0.0,
    0.0,
    0.0
  ],
  "noise_scan_raw": [
    [
      0.0,
      0.0,
      0.0,
      0.0,
      0.0,
      0.0,
      0.0,
      0.0,
      0.0,
      0.0,
      0.0,
      0.0,
      20.0,
      1005.0,
      24555.0,
      355020.0,
      2815680.0,
      6546895.0,
      1716745.0,
      196540.0,
      19545.0,
      650.0,
      30.0,
      5.0,
      0.0,
      0.0,
      0.0,
      0.0,
      0.0,
      0.0,
      0.0,
      0.0
    ],
    [
      0.0,
      0.0,
      0.0,
      0.0,
      0.0,
      0.0,
      0.0,
      0.0,
      0.0,
      0.0,
      0.0,
      25.0,
      280.0,
      6400.0,
      126730.0,
      1350440.0,
      5479135.0,
      1383835.0,
      99925.0,
      8295.0,
      770.0,
      15.0,
      0.0,
      0.0,
      0.0,
      0.0,
      0.0,
      0.0,
      0.0,
      0.0,
      0.0,
      0.0
    ],
    [
      0.0,
      0.0,
      0.0,
      0.0,
      0.0,
      0.0,
      0.0,
      0.0,
      0.0,
      0.0,
      0.0,
      0.0,
      0.0,
      0.0,
      0.0,
      0.0,
      0.0,
      0.0,
      0.0,
      5.0,
      5.0,
      20.0,
      1295.0,
      18490.0,
      171925.0,
      1350190.0,
      3723315.0,
      578540.0,
      42245.0,
      3230.0,
      95.0,
      0.0
    ],
    [
      0.0,
      0.0,
      0.0,
      0.0,
      0.0,
      0.0,
      0.0,
      0.0,
      0.0,
      0.0,
      0.0,
      0.0,
      0.0,
      0.0,
      0.0,
      0.0,
      0.0,
      20.0,
      305.0,
      6275.0,
      150450.0,
      1513065.0,
      6361805.0,
      1295550.0,
      94190.0,
      8845.0,
      1055.0,
      0.0,
      0.0,
      0.0,
      0.0,
      0.0
    ],
    [
      0.0,
      0.0,
      0.0,
      0.0,
      0.0,
      0.0,
      0.0,
      0.0,
      0.0,
      0.0,
      0.0,
      0.0,
      0.0,
      0.0,
      0.0,
      0.0,
      0.0,
      0.0,
      0.0,
      0.0,
      0.0,
      90.0,
      4620.0,
      103065.0,
      891885.0,
      2759595.0,
      263890.0,
      7015.0,
      100.0,
      0.0,
      0.0,
      0.0
    ],
    [
      0.0,
      0.0,
      0.0,
      0.0,
      0.0,
      0.0,
      0.0,
      0.0,
      0.0,
      0.0,
      0.0,
      0.0,
      0.0,
      0.0,
      0.0,
      0.0,
      0.0,
      15.0,
      10.0,
      350.0,
      7170.0,
      116445.0,
      1206030.0,
      4845630.0,
      1189675.0,
      167715.0,
      28625.0,
      855.0,
      15.0,
      0.0,
      0.0,
      0.0
    ],
    [
      0.0,
      0.0,
      0.0,
      0.0,
      0.0,
      0.0,
      0.0,
      0.0,
      0.0,
      0.0,
      0.0,
      0.0,
      0.0,
      0.0,
      0.0,
      0.0,
      0.0,
      5.0,
      0.0,
      5.0,
      690.0,
      13040.0,
      139735.0,
      988685.0,
      3502745.0,
      3602035.0,
      534675.0,
      47130.0,
      4060.0,
      290.0,
      30.0,
      0.0
    ],
    [
      0.0,
      0.0,
      0.0,
      0.0,
      0.0,
      0.0,
      0.0,
      0.0,
      0.0,
      0.0,
      0.0,
      0.0,
      0.0,
      0.0,
      0.0,
      30.0,
      785.0,
      12770.0,
      90430.0,
      1066265.0,
      5298345.0,
      1790185.0,
      282860.0,
      29055.0,
      2775.0,
      435.0,
      125.0,
      0.0,
      0.0,
      0.0,
      0.0,
      0.0
    ],
    [
      0.0,
      0.0,
      0.0,
      0.0,
      0.0,
      0.0,
      0.0,
      0.0,
      0.0,
      0.0,
      0.0,
      0.0,
      0.0,
      0.0,
      0.0,
      0.0,
      0.0,
      25.0,
      3635.0,
      135745.0,
      2438690.0,
      1767315.0,
      237870.0,
      8930.0,
      90.0,
      0.0,
      0.0,
      0.0,
      0.0,
      0.0,
      0.0,
      0.0
    ],
    [
      0.0,
      0.0,
      0.0,
      0.0,
      0.0,
      0.0,
      0.0,
      0.0,
      0.0,
      0.0,
      0.0,
      0.0,
      0.0,
      0.0,
      0.0,
      0.0,
      10.0,
      445.0,
      17495.0,
      514390.0,
      1772000.0,
      119705.0,
      24140.0,
      465.0,
      0.0,
      0.0,
      0.0,
      0.0,
      0.0,
      0.0,
      0.0,
      0.0
    ],
    [
      0.0,
      0.0,
      0.0,
      0.0,
      0.0,
      0.0,
      0.0,
      0.0,
      0.0,
      0.0,
      0.0,
      0.0,
      0.0,
      0.0,
      0.0,
      0.0,
      0.0,
      0.0,
      0.0,
      0.0,
      800.0,
      28165.0,
      852085.0,
      4858065.0,
      1288425.0,
      57355.0,
      3365.0,
      55.0,
      0.0,
      0.0,
      0.0,
      0.0
    ],
    [
      0.0,
      0.0,
      0.0,
      0.0,
      0.0,
      0.0,
      0.0,
      0.0,
      0.0,
      0.0,
      0.0,
      0.0,
      0.0,
      0.0,
      0.0,
      0.0,
      0.0,
      0.0,
      0.0,
      0.0,
      0.0,
      0.0,
      0.0,
      0.0,
      0.0,
      0.0,
      0.0,
      245.0,
      8480.0,
      294660.0,
      2809545.0,
      335430.0
    ],
    [
      0.0,
      0.0,
      0.0,
      0.0,
      0.0,
      0.0,
      5.0,
      140.0,
      6550.0,
      206775.0,
      2125185.0,
      295225.0,
      9500.0,
      125.0,
      0.0,
      0.0,
      0.0,
      0.0,
      0.0,
      0.0,
      0.0,
      0.0,
      0.0,
      0.0,
      0.0,
      0.0,
      0.0,
      0.0,
      0.0,
      0.0,
      0.0,
      0.0
    ],
    [
      0.0,
      0.0,
      0.0,
      0.0,
      0.0,
      0.0,
      0.0,
      0.0,
      0.0,
      0.0,
      0.0,
      0.0,
      0.0,
      0.0,
      0.0,
      0.0,
      0.0,
      0.0,
      10.0,
      945.0,
      28410.0,
      498655.0,
      4433075.0,
      1250355.0,
      58000.0,
      1125.0,
      50.0,
      5.0,
      0.0,
      0.0,
      0.0,
      0.0
    ],
    [
      0.0,
      0.0,
      0.0,
      0.0,
      0.0,
      0.0,
      0.0,
      0.0,
      0.0,
      0.0,
      0.0,
      0.0,
      0.0,
      0.0,
      0.0,
      0.0,
      0.0,
      0.0,
      0.0,
      0.0,
      0.0,
      0.0,
      230.0,
      3265.0,
      27740.0,
      432675.0,
      4276145.0,
      2258770.0,
      81870.0,
      2835.0,
      65.0,
      0.0
    ],
    [
      0.0,
      0.0,
      0.0,
      0.0,
      0.0,
      0.0,
      0.0,
      0.0,
      0.0,
      0.0,
      0.0,
      0.0,
      0.0,
      0.0,
      0.0,
      0.0,
      0.0,
      0.0,
      0.0,
      445.0,
      31000.0,
      487960.0,
      3791360.0,
      866940.0,
      40980.0,
      790.0,
      20.0,
      0.0,
      0.0,
      0.0,
      0.0,
      0.0
    ]
  ]
}