{
  "baseline_mean": [
    1.857659883116034,
    0.9146052066500132,
    10.763458296351281,
    6.901202750550472,
    9.662612177648604,
    8.02635976442298,
    9.290216465298528,
    5.113188175852054,
    5.546453771666564,
    4.905215745451279,
    8.041033228991948,
    14.971002005015636,
    -4.939895593928395,
    7.161485167696886,
    11.195978356379781,
    7.082802677507528
  ],
  "baseline_stddev": [
    0.7080378809343503,
    0.6341301847780996,
    0.6908835713115556,
    0.7053674962750528,
    0.7468145321150619,
    0.8243572175162092,
    0.9971771998162722,
    1.0039794314883206,
    0.8416863099739064,
    0.8268766822868896,
    0.8273910645952103,
    0.6430324045310044,
    0.6701487227270719,
    0.7959916239618309,
    0.8719498015668248,
    0.787068423280548
  ],
  "baselines": [
    2.0,
    1.0,
    11.0,
    7.0,
    10.0,
    8.0,
    9.0,
    5.0,
    6.0,
    5.0,
    8.0,
    15.0,
    -5.0,
    7.0,
    11.0,
    7.0
  ],
  "bl_range": [
    -15,
    -14,
    -13,
    -12,
    -11,
    -10,
    -9,
    -8,
    -7,
    -6,
    -5,
    -4,
    -3,
    -2,
    -1,
    0,
    1,
    2,
    3,
    4,
    5,
    6,
    7,
    8,
    9,
    10,
    11,
    12,
    13,
    14,
    15,
    16
  ],
  "ch_error": [
    0.0,
    0.0,
    0.0,
    0.0,
    0.0,
    0.0,
    0.0,
    0.0,
    0.0,
    0.0,
    0.0,
    0.0,
    0.0,
    0.0,
    0.0,
    0.0
  ],
  "noise_scan_raw": [
    [
      0.0,
      0.0,
      0.0,
      0.0,
      0.0,
      0.0,
      0.0,
      0.0,
      0.0,
      0.0,
      0.0,
      0.0,
      5.0,
      345.0,
      16745.0,
      321270.0,
      3201035.0,
      8120855.0,
      1625135.0,
      157915.0,
      12220.0,
      530.0,
      20.0,
      5.0,
      0.0,
      0.0,
      0.0,
      0.0,
      0.0,
      0.0,
      0.0,
      0.0
    ],
    [
      0.0,
      0.0,
      0.0,
      0.0,
      0.0,
      0.0,
      0.0,
      0.0,
      0.0,
      0.0,
      0.0,
      0.0,
      115.0,
      5920.0,
      134625.0,
      1820985.0,
      6356960.0,
      1118835.0,
      82425.0,
      3450.0,
      220.0,
      55.0,
      0.0,
      0.0,
      0.0,
      0.0,
      0.0,
      0.0,
      0.0,
      0.0,
      0.0,
      0.0
    ],
    [
      0.0,
      0.0,
      0.0,
      0.0,
      0.0,
      0.0,
      0.0,
      0.0,
      0.0,
      0.0,
      0.0,
      0.0,
      0.0,
      0.0,
      0.0,
      0.0,
      0.0,
      25.0,
      0.0,
      0.0,
      5.0,
      65.0,
      2600.0,
      26465.0,
      244025.0,
      1824095.0,
      4474335.0,
      620955.0,
      33195.0,
      1815.0,
      25.0,
      0.0
    ],
    [
      0.0,
      0.0,
      0.0,
      0.0,
      0.0,
      0.0,
      0.0,
      0.0,
      0.0,
      0.0,
      0.0,
      0.0,
      0.0,
      0.0,
      0.0,
      0.0,
      0.0,
      110.0,
      580.0,
      14320.0,
      313615.0,
      2498565.0,
      7545360.0,
      1677565.0,
      128650.0,
      10715.0,
      80.0,
      0.0,
      0.0,
      0.0,
      0.0,
      0.0
    ],
    [
      0.0,
      0.0,
      0.0,
      0.0,
      0.0,
      0.0,
      0.0,
      0.0,
      0.0,
      0.0,
      0.0,
      0.0,
      0.0,
      0.0,
      0.0,
      0.0,
      0.0,
      25.0,
      0.0,
      0.0,
      230.0,
      7115.0,
      46290.0,
      338135.0,
      1764370.0,
      3659320.0,
      430550.0,
      28065.0,
      1385.0,
      255.0,
      20.0,
      0.0
    ],
    [
      0.0,
      0.0,
      0.0,
      0.0,
      0.0,
      0.0,
      0.0,
      0.0,
      0.0,
      0.0,
      0.0,
      0.0,
      0.0,
      0.0,
      0.0,
      15.0,
      155.0,
      2360.0,
      825.0,
      6140.0,
      42270.0,
      274955.0,
      1883970.0,
      6673985.0,
      1985420.0,
      344560.0,
      60520.0,
      9845.0,
      1125.0,
      155.0,
      30.0,
      0.0
    ],
    [
      0.0,
      0.0,
      0.0,
      0.0,
      0.0,
      0.0,
      0.0,
      0.0,
      0.0,
      0.0,
      0.0,
      0.0,
      0.0,
      0.0,
      0.0,
      10.0,
      115.0,
      1615.0,
      260.0,
      1955.0,
      14745.0,
      80595.0,
      377110.0,
      1908120.0,
      5337075.0,
      4663210.0,
      824085.0,
      127250.0,
      25690.0,
      10095.0,
      3380.0,
      275.0
    ],
    [
      0.0,
      0.0,
      0.0,
      0.0,
      0.0,
      0.0,
      0.0,
      0.0,
      0.0,
      0.0,
      0.0,
      0.0,
      50.0,
      1150.0,
      1540.0,
      19825.0,
      27855.0,
      103860.0,
      343880.0,
      2176690.0,
      7349210.0,
      2819310.0,
      640980.0,
      173330.0,
      48305.0,
      21835.0,
      5315.0,
      440.0,
      15.0,
      0.0,
      0.0,
      0.0
    ],
    [
      0.0,
      0.0,
      0.0,
      0.0,
      0.0,
      0.0,
      0.0,
      0.0,
      0.0,
      0.0,
      0.0,
      0.0,
      0.0,
      0.0,
      0.0,
      15.0,
      195.0,
      3860.0,
      63215.0,
      596110.0,
      4485505.0,
      3642320.0,
      1084970.0,
      117980.0,
      8100.0,
      410.0,
      60.0,
      0.0,
      0.0,
      0.0,
      0.0,
      0.0
    ],
    [
      0.0,
      0.0,
      0.0,
      0.0,
      0.0,
      0.0,
      0.0,
      0.0,
      0.0,
      0.0,
      0.0,
      0.0,
      0.0,
      0.0,
      5.0,
      265.0,
      1360.0,
      20200.0,
      180535.0,
      1543895.0,
      3800975.0,
      719430.0,
      273410.0,
      25025.0,
      2085.0,
      45.0,
      0.0,
      0.0,
      0.0,
      0.0,
      0.0,
      0.0
    ],
    [
      0.0,
      0.0,
      0.0,
      0.0,
      0.0,
      0.0,
      0.0,
      0.0,
      0.0,
      0.0,
      0.0,
      0.0,
      0.0,
      0.0,
      0.0,
      0.0,
      0.0,
      35.0,
      165.0,
      4330.0,
      54610.0,
      345505.0,
      2497390.0,
      7717075.0,
      2984060.0,
      356800.0,
      73345.0,
      6675.0,
      445.0,
      15.0,
      0.0,
      0.0
    ],
    [
      0.0,
      0.0,
      0.0,
      0.0,
      0.0,
      0.0,
      0.0,
      0.0,
      0.0,
      0.0,
      0.0,
      0.0,
      0.0,
      0.0,
      0.0,
      0.0,
      0.0,
      15.0,
      0.0,
      0.0,
      0.0,
      0.0,
      0.0,
      95.0,
      195.0,
      350.0,
      3895.0,
      28855.0,
      122715.0,
      1015535.0,
      4931255.0,
      1156385.0
    ],
    [
      0.0,
      0.0,
      0.0,
      0.0,
      0.0,
      30.0,
      685.0,
      7645.0,
      86880.0,
      755405.0,
      4159700.0,
      1074125.0,
      108110.0,
      10720.0,
      1235.0,
      60.0,
      5.0,
      20.0,
      0.0,
      0.0,
      0.0,
      0.0,
      0.0,
      0.0,
      0.0,
      0.0,
      0.0,
      0.0,
      0.0,
      0.0,
      0.0,
      0.0
    ],
    [
      0.0,
      0.0,
      0.0,
      0.0,
      0.0,
      0.0,
      0.0,
      0.0,
      0.0,
      0.0,
      0.0,
      0.0,
      0.0,
      0.0,
      0.0,
      0.0,
      5.0,
      130.0,
      2330.0,
      40840.0,
      280975.0,
      1522290.0,
      7190535.0,
      3342710.0,
      403370.0,
      35415.0,
      7490.0,
      445.0,
      30.0,
      0.0,
      0.0,
      0.0
    ],
    [
      0.0,
      0.0,
      0.0,
      0.0,
      0.0,
      0.0,
      0.0,
      0.0,
      0.0,
      0.0,
      0.0,
      0.0,
      0.0,
      0.0,
      0.0,
      0.0,
      0.0,
      20.0,
      0.0,
      10.0,
      160.0,
      3150.0,
      32790.0,
      126845.0,
      303225.0,
      1379430.0,
      7061360.0,
      4127010.0,
      416310.0,
      53485.0,
      9925.0,
      655.0
    ],
    [
      0.0,
      0.0,
      0.0,
      0.0,
      0.0,
      0.0,
      0.0,
      0.0,
      0.0,
      0.0,
      0.0,
      0.0,
      0.0,
      0.0,
      0.0,
      0.0,
      0.0,
      105.0,
      1610.0,
      30355.0,
      304105.0,
      1530780.0,
      6631195.0,
      2455870.0,
      303900.0,
      27780.0,
      5740.0,
      385.0,
      20.0,
      0.0,
      0.0,
