{
  "baseline_mean": [
    0.20625674217907225,
    0.03591940924423376,
    0.055618115055078965,
    12.0,
    -0.23214285714285754,
    -0.276305828917488,
    3.0,
    -0.03551249829193226,
    -0.004329908389719306,
    0.019901284566221866,
    0.01547479225545828,
    0.04981144585802588,
    -0.05129652817302305,
    5.033333333333334,
    12.0,
    10.210970464135022
  ],
  "baseline_stddev": [
    9.024535877280261,
    8.92587142518236,
    8.924255775234235,
    0.0,
    9.32085041994669,
    8.985485325500264,
    10.119288512538814,
    8.946513130765188,
    8.91932835833521,
    8.961370090755867,
    8.946169716383235,
    8.901965372757433,
    8.942904480653386,
    9.754144418314368,
    0.0,
    5.234360461216461
  ],
  "baselines": [
    0.0,
    0.0,
    0.0,
    0.0,
    0.0,
    0.0,
    0.0,
    0.0,
    0.0,
    0.0,
    0.0,
    0.0,
    0.0,
    0.0,
    0.0,
    0.0
  ],
  "bl_range": [
    -15,
    -14,
    -13,
    -12,
    -11,
    -10,
    -9,
    -8,
    -7,
    -6,
    -5,
    -4,
    -3,
    -2,
    -1,
    0,
    1,
    2,
    3,
    4,
    5,
    6,
    7,
    8,
    9,
    10,
    11,
    12,
    13,
    14,
    15
  ],
  "ch_error": [
    0.0,
    0.0,
    0.0,
    0.0,
    0.0,
    0.0,
    0.0,
    0.0,
    0.0,
    0.0,
    0.0,
    0.0,
    0.0,
    0.0,
    0.0,
    0.0
  ],
  "noise_scan_raw": [
    [
      740.0,
      690.0,
      810.0,
      760.0,
      725.0,
      765.0,
      780.0,
      765.0,
      710.0,
      765.0,
      610.0,
      680.0,
      795.0,
      655.0,
      600.0,
      650.0,
      800.0,
      765.0,
      815.0,
      715.0,
      795.0,
      755.0,
      685.0,
      715.0,
      815.0,
      815.0,
      680.0,
      1195.0,
      760.0,
      735.0,
      630.0
    ],
    [
      4980.0,
      5040.0,
      5435.0,
      5375.0,
      5380.0,
      5390.0,
      5440.0,
      5450.0,
      4965.0,
      5590.0,
      5130.0,
      5365.0,
      5345.0,
      5100.0,
      5245.0,
      5210.0,
      5600.0,
      5330.0,
      5435.0,
      5205.0,
      5440.0,
      5110.0,
      5125.0,
      5280.0,
      5650.0,
      5425.0,
      5050.0,
      5510.0,
      5490.0,
      5325.0,
      5120.0
    ],
    [
      3075.0,
      3110.0,
      3360.0,
      3300.0,
      3370.0,
      3455.0,
      3380.0,
      3260.0,
      3185.0,
      3370.0,
      3130.0,
      3140.0,
      3260.0,
      3255.0,
      3290.0,
      3225.0,
      3505.0,
      3485.0,
      3475.0,
      3090.0,
      3415.0,
      3355.0,
      3305.0,
      3170.0,
      3430.0,
      3220.0,
      3125.0,
      3430.0,
      3285.0,
      3270.0,
      3400.0
    ],
    [
      0.0,
      0.0,
      0.0,
      0.0,
      0.0,
      0.0,
      0.0,
      0.0,
      0.0,
      0.0,
      0.0,
      0.0,
      0.0,
      0.0,
      0.0,
      0.0,
      0.0,
      0.0,
      0.0,
      0.0,
      0.0,
      0.0,
      0.0,
      0.0,
      0.0,
      0.0,
      0.0,
      50.0,
      0.0,
      0.0,
      0.0
    ],
    [
      60.0,
      40.0,
      70.0,
      30.0,
      55.0,
      60.0,
      50.0,
      90.0,
      10.0,
      20.0,
      35.0,
      45.0,
      45.0,
      35.0,
      45.0,
      35.0,
      30.0,
      45.0,
      25.0,
      75.0,
      50.0,
      55.0,
      15.0,
      50.0,
      30.0,
      55.0,
      40.0,
      75.0,
      35.0,
      45.0,
      50.0
    ],
    [
      185.0,
      270.0,
      285.0,
      195.0,
      185.0,
      260.0,
      220.0,
      195.0,
      210.0,
      240.0,
      160.0,
      245.0,
      180.0,
      220.0,
      205.0,
      175.0,
      195.0,
      245.0,
      255.0,
      225.0,
      220.0,
      265.0,
      180.0,
      200.0,
      120.0,
      225.0,
      160.0,
      280.0,
      200.0,
      200.0,
      205.0
    ],
    [
      5.0,
      0.0,
      0.0,
      0.0,
      0.0,
      0.0,
      0.0,
      10.0,
      0.0,
      0.0,
      0.0,
      5.0,
      0.0,
      0.0,
      0.0,
      0.0,
      0.0,
      0.0,
      0.0,
      0.0,
      5.0,
      0.0,
      0.0,
      0.0,
      0.0,
      0.0,
      0.0,
      25.0,
      0.0,
      0.0,
      0.0
    ],
    [
      476535.0,
      470335.0,
      484850.0,
      479190.0,
      473825.0,
      472895.0,
      481735.0,
      486340.0,
      477090.0,
      476220.0,
      475205.0,
      474395.0,
      468460.0,
      467840.0,
      472845.0,
      475810.0,
      476935.0,
      469465.0,
      474445.0,
      472625.0,
      474375.0,
      477430.0,
      470310.0,
      471770.0,
      479775.0,
      475015.0,
      464840.0,
      472560.0,
      472485.0,
      471535.0,
      472475.0
    ],
    [
      23250.0,
      22610.0,
      23150.0,
      22980.0,
      22860.0,
      23185.0,
      23475.0,
      23565.0,
      22955.0,
      23330.0,
      23210.0,
      23450.0,
      23400.0,
      22675.0,
      23065.0,
      23015.0,
      23430.0,
      23370.0,
      23210.0,
      23055.0,
      23495.0,
      23510.0,
      23380.0,
      23560.0,
      23750.0,
      23665.0,
      22450.0,
      22675.0,
      22980.0,
      23085.0,
      22470.0
    ],
    [
      56725.0,
      54815.0,
      57775.0,
      56110.0,
      55895.0,
      56365.0,
      56345.0,
      57215.0,
      55350.0,
      55280.0,
      54900.0,
      55920.0,
      54960.0,
      54685.0,
      55510.0,
      54930.0,
      56340.0,
      55260.0,
      56360.0,
      56065.0,
      56550.0,
      56895.0,
      56605.0,
      56225.0,
      57715.0,
      57275.0,
      55320.0,
      55920.0,
      56645.0,
      56445.0,
      55930.0
    ],
    [
      335810.0,
      331765.0,
      340985.0,
      337035.0,
      333445.0,
      331245.0,
      339890.0,
      342415.0,
      334265.0,
      334925.0,
      337830.0,
      338290.0,
      327995.0,
      329610.0,
      333110.0,
      334830.0,
      339630.0,
      335060.0,
      338065.0,
      335675.0,
      336230.0,
      339860.0,
      337685.0,
      340945.0,
      346085.0,
      338005.0,
      329745.0,
      334735.0,
      335930.0,
      335655.0,
      338915.0
    ],
    [
      11320.0,
      11085.0,
      11565.0,
      11580.0,
      11515.0,
      11880.0,
      11725.0,
      11675.0,
      11195.0,
      11995.0,
      11710.0,
      11800.0,
      11685.0,
      11445.0,
      11555.0,
      11700.0,
      12295.0,
      11910.0,
      11925.0,
      11645.0,
      11930.0,
      11735.0,
      11695.0,
      11705.0,
      12190.0,
      11900.0,
      11175.0,
      11530.0,
      11650.0,
      11930.0,
      11320.0
    ],
    [
      71360.0,
      70660.0,
      72925.0,
      71480.0,
      70820.0,
      71220.0,
      71955.0,
      72545.0,
      70475.0,
      70445.0,
      70700.0,
      71090.0,
      70015.0,
      69955.0,
      71085.0,
      70140.0,
      71860.0,
      70705.0,
      70485.0,
      70125.0,
      71315.0,
      71915.0,
      70915.0,
      70550.0,
      71145.0,
      71165.0,
      68760.0,
      70260.0,
      70970.0,
      69455.0,
      69755.0
    ],
    [
      35.0,
      0.0,
      0.0,
      15.0,
      0.0,
      0.0,
      10.0,
      10.0,
      15.0,
      15.0,
      5.0,
      5.0,
      10.0,
      15.0,
      10.0,
      5.0,
      0.0,
      0.0,
      10.0,
      0.0,
      0.0,
      5.0,
      0.0,
      15.0,
      5.0,
      5.0,
      10.0,
      225.0,
      5.0,
      0.0,
      20.0
    ],
    [
      0.0,
      0.0,
      0.0,
      0.0,
      0.0,
      0.0,
      0.0,
      0.0,
      0.0,
      0.0,
      0.0,
      0.0,
      0.0,
      0.0,
      0.0,
      0.0,
      0.0,
      0.0,
      0.0,
      0.0,
      0.0,
      0.0,
      0.0,
      0.0,
      0.0,
      0.0,
      0.0,
      260.0,
      0.0,
      0.0,
      0.0
    ],
    [
      0.0,
      0.0,
      0.0,
      15.0,
      0.0,
      5.0,
      0.0,
      10.0,
      10.0,
      5.0,
      15.0,
      20.0,
      5.0,
      0.0,
