{
  "baseline_mean": [
    7.572229344479576,
    6.219237063026352,
    3.0324950249436116,
    5.8836048688287415,
    2.6980093292247824,
    6.232187195417957,
    3.7759444573312053,
    7.843584213396797,
    2.540771591974729,
    4.116220613377587,
    7.200684920839555,
    -0.7450042854048217,
    3.887716700686706,
    3.9194487830824434,
    5.638687015259427,
    1.1306581732672365
  ],
  "baseline_stddev": [
    1.1194576455791492,
    1.0520160532780118,
    1.1333486318465213,
    1.0443642452823514,
    1.1107045410039535,
    0.9703040779446086,
    1.0989705283352809,
    0.9437293727716569,
    0.9689008981837752,
    1.016564222275262,
    0.9626717413351947,
    0.9629869302443222,
    0.8631766979893968,
    0.8617066982159867,
    0.950950659914265,
    0.8474678947347357
  ],
  "baselines": [
    8.0,
    6.0,
    3.0,
    6.0,
    3.0,
    6.0,
    4.0,
    8.0,
    3.0,
    4.0,
    7.0,
    -1.0,
    4.0,
    4.0,
    6.0,
    1.0
  ],
  "bl_range": [
    -15,
    -14,
    -13,
    -12,
    -11,
    -10,
    -9,
    -8,
    -7,
    -6,
    -5,
    -4,
    -3,
    -2,
    -1,
    0,
    1,
    2,
    3,
    4,
    5,
    6,
    7,
    8,
    9,
    10,
    11,
    12,
    13,
    14,
    15,
    16
  ],
  "ch_error": [
    0.0,
    0.0,
    0.0,
    0.0,
    0.0,
    0.0,
    0.0,
    0.0,
    0.0,
    0.0,
    0.0,
    0.0,
    0.0,
    0.0,
    0.0,
    0.0
  ],
  "noise_scan_raw": [
    [
      0.0,
      0.0,
      0.0,
      0.0,
      0.0,
      0.0,
      0.0,
      0.0,
      0.0,
      0.0,
      0.0,
      5.0,
      5.0,
      5.0,
      135.0,
      395.0,
      2055.0,
      12015.0,
      24070.0,
      90350.0,
      640040.0,
      2559595.0,
      9106995.0,
      8978640.0,
      3463850.0,
      708610.0,
      124535.0,
      61130.0,
      29205.0,
      4795.0,
      685.0,
      90.0
    ],
    [
      0.0,
      0.0,
      0.0,
      0.0,
      0.0,
      0.0,
      0.0,
      0.0,
      0.0,
      0.0,
      0.0,
      35.0,
      45.0,
      160.0,
      1005.0,
      4195.0,
      15985.0,
      80300.0,
      142790.0,
      635405.0,
      4339225.0,
      11023000.0,
      7177825.0,
      1613765.0,
      360355.0,
      115890.0,
      13345.0,
      5575.0,
      2610.0,
      285.0,
      55.0,
      10.0
    ],
    [
      0.0,
      0.0,
      0.0,
      0.0,
      0.0,
      0.0,
      0.0,
      5.0,
      5.0,
      170.0,
      150.0,
      1210.0,
      4135.0,
      15370.0,
      60410.0,
      242920.0,
      1042510.0,
      5159595.0,
      10206375.0,
      4276615.0,
      1530190.0,
      328095.0,
      164670.0,
      11715.0,
      2555.0,
      3260.0,
      15.0,
      15.0,
      5.0,
      0.0,
      0.0,
      0.0
    ],
    [
      0.0,
      0.0,
      0.0,
      0.0,
      0.0,
      0.0,
      0.0,
      0.0,
      0.0,
      0.0,
      0.0,
      30.0,
      60.0,
      335.0,
      1320.0,
      6785.0,
      21665.0,
      109000.0,
      177140.0,
      893645.0,
      5960145.0,
      9185610.0,
      4186150.0,
      629805.0,
      199555.0,
      69015.0,
      7275.0,
      2485.0,
      1030.0,
      85.0,
      20.0,
      0.0
    ],
    [
      0.0,
      0.0,
      0.0,
      0.0,
      0.0,
      0.0,
      0.0,
      10.0,
      5.0,
      195.0,
      175.0,
      1655.0,
      6790.0,
      23525.0,
      97000.0,
      409635.0,
      1823905.0,
      7065785.0,
      9644745.0,
      2721305.0,
      907440.0,
      206745.0,
      83635.0,
      6320.0,
      2120.0,
      3045.0,
      20.0,
      0.0,
      0.0,
      0.0,
      0.0,
      0.0
    ],
    [
      0.0,
      0.0,
      0.0,
      0.0,
      0.0,
      0.0,
      0.0,
      0.0,
      0.0,
      0.0,
      0.0,
      5.0,
      20.0,
      65.0,
      475.0,
      2330.0,
      8665.0,
      41950.0,
      88115.0,
      352920.0,
      3015535.0,
      9381295.0,
      5676515.0,
      1036205.0,
      228745.0,
      84150.0,
      8640.0,
      3135.0,
      1085.0,
      105.0,
      20.0,
      0.0
    ],
    [
      0.0,
      0.0,
      0.0,
      0.0,
      0.0,
      0.0,
      0.0,
      0.0,
      0.0,
      20.0,
      20.0,
      210.0,
      980.0,
      4220.0,
      21195.0,
      86415.0,
      276805.0,
      1285305.0,
      4552975.0,
      7911520.0,
      2489160.0,
      569440.0,
      251905.0,
      21645.0,
      4525.0,
      4890.0,
      65.0,
      30.0,
      10.0,
      0.0,
      0.0,
      0.0
    ],
    [
      0.0,
      0.0,
      0.0,
      0.0,
      0.0,
      0.0,
      0.0,
      0.0,
      0.0,
      0.0,
      0.0,
      0.0,
      0.0,
      0.0,
      5.0,
      35.0,
      130.0,
      1420.0,
      3480.0,
      20225.0,
      177165.0,
      814070.0,
      4392450.0,
      8807950.0,
      2517910.0,
      464480.0,
      98850.0,
      33865.0,
      11895.0,
      1190.0,
      200.0,
      20.0
    ],
    [
      0.0,
      0.0,
      0.0,
      0.0,
      0.0,
      0.0,
      0.0,
      0.0,
      0.0,
      60.0,
      50.0,
      450.0,
      2420.0,
      12580.0,
      48795.0,
      234450.0,
      1201575.0,
      6112635.0,
      5881315.0,
      1605240.0,
      283050.0,
      51860.0,
      14905.0,
      1155.0,
      395.0,
      755.0,
      0.0,
      0.0,
      0.0,
      0.0,
      0.0,
      0.0
    ],
    [
      0.0,
      0.0,
      0.0,
      0.0,
      0.0,
      0.0,
      0.0,
      0.0,
      0.0,
      15.0,
      10.0,
      90.0,
      360.0,
      1810.0,
      8075.0,
      35010.0,
      161760.0,
      882490.0,
      2723645.0,
      10396005.0,
      4512755.0,
      795675.0,
      355840.0,
      52880.0,
      10335.0,
      8080.0,
      325.0,
      125.0,
      10.0,
      5.0,
      0.0,
      0.0
    ],
    [
      0.0,
      0.0,
      0.0,
      0.0,
      0.0,
      0.0,
      0.0,
      0.0,
      0.0,
      0.0,
      0.0,
      0.0,
      0.0,
      0.0,
      15.0,
      90.0,
      535.0,
      4730.0,
      20040.0,
      86910.0,
      398710.0,
      1543425.0,
      8343245.0,
      2828785.0,
      947385.0,
      225825.0,
      33995.0,
      8240.0,
      4590.0,
      370.0,
      30.0,
      5.0
    ],
    [
      0.0,
      0.0,
      0.0,
      0.0,
      0.0,
      5.0,
      20.0,
      480.0,
      810.0,
      13330.0,
      23785.0,
      133745.0,
      326000.0,
      1903905.0,
      7782840.0,
      4520105.0,
      1030795.0,
      161265.0,
      24560.0,
      2435.0,
      1975.0,
      65.0,
      25.0,
      5.0,
      0.0,
      0.0,
      0.0,
      0.0,
      0.0,
      0.0,
      0.0,
      0.0
    ],
    [
      0.0,
      0.0,
      0.0,
      0.0,
      0.0,
      0.0,
      0.0,
      0.0,
      0.0,
      0.0,
      0.0,
      30.0,
      200.0,
      1125.0,
      5755.0,
      30665.0,
      130155.0,
      868355.0,
      2907360.0,
      10936760.0,
      2137520.0,
      306855.0,
      124380.0,
      13570.0,
      5265.0,
      4380.0,
      130.0,
      40.0,
      0.0,
      0.0,
      0.0,
      0.0
    ],
    [
      0.0,
      0.0,
      0.0,
      0.0,
      0.0,
      0.0,
      0.0,
      0.0,
      0.0,
      0.0,
      0.0,
      30.0,
      45.0,
      355.0,
      2840.0,
      17360.0,
      82280.0,
      606510.0,
      2935665.0,
      8382790.0,
      2360375.0,
      311530.0,
      84465.0,
      7660.0,
      1975.0,
      2100.0,
      10.0,
      0.0,
      0.0,
      0.0,
      0.0,
      0.0
    ],
    [
      0.0,
      0.0,
      0.0,
      0.0,
      0.0,
      0.0,
      0.0,
      0.0,
      0.0,
      0.0,
      0.0,
      0.0,
      0.0,
      10.0,
      90.0,
      825.0,
      4385.0,
      42460.0,
      139035.0,
      1365865.0,
      4483440.0,
      6708705.0,
      1871100.0,
      180315.0,
      48945.0,
      18695.0,
      820.0,
      175.0,
      40.0,
      5.0,
      0.0,
      0.0
    ],
    [
      0.0,
      0.0,
      0.0,
      0.0,
      0.0,
      0.0,
      0.0,
      0.0,
