{
  "baseline_mean": [
    -3.139549535956164,
    7.13544315564323,
    5.558733968329051,
    2.8558404608089507,
    2.183460700372499,
    8.956004689174087,
    1.9322563598472688,
    7.872681746768814,
    0.0,
    6.0,
    0.0,
    0.0,
    0.0,
    0.0,
    0.0,
    0.0
  ],
  "baseline_stddev": [
    2.366700250067525,
    1.2095924410940526,
    1.0833993416076473,
    0.9804084709413518,
    0.971303961036654,
    0.9430851728076374,
    0.9382573644799443,
    1.1020800580413486,
    -1.0,
    0.0,
    -1.0,
    -1.0,
    -1.0,
    -1.0,
    -1.0,
    -1.0
  ],
  "baselines": [
    -3.0,
    7.0,
    6.0,
    3.0,
    2.0,
    9.0,
    2.0,
    8.0,
    0.0,
    6.0,
    0.0,
    0.0,
    0.0,
    0.0,
    0.0,
    0.0
  ],
  "bl_range": [
    -15,
    -14,
    -13,
    -12,
    -11,
    -10,
    -9,
    -8,
    -7,
    -6,
    -5,
    -4,
    -3,
    -2,
    -1,
    0,
    1,
    2,
    3,
    4,
    5,
    6,
    7,
    8,
    9,
    10,
    11,
    12,
    13,
    14,
    15,
    16
  ],
  "ch_error": [
    0.0,
    0.0,
    0.0,
    0.0,
    0.0,
    0.0,
    0.0,
    0.0,
    1.0,
    0.0,
    1.0,
    1.0,
    1.0,
    1.0,
    1.0,
    1.0
  ],
  "noise_scan_raw": [
    [
      705.0,
      3705.0,
      5370.0,
      16495.0,
      89905.0,
      411685.0,
      363895.0,
      1865135.0,
      183745.0,
      632185.0,
      632585.0,
      4004385.0,
      9671880.0,
      4126220.0,
      3857310.0,
      704960.0,
      737165.0,
      173310.0,
      215550.0,
      28160.0,
      2110.0,
      345.0,
      450.0,
      35.0,
      8495.0,
      125.0,
      130.0,
      20.0,
      5.0,
      0.0,
      0.0,
      0.0
    ],
    [
      0.0,
      0.0,
      0.0,
      0.0,
      0.0,
      0.0,
      0.0,
      0.0,
      0.0,
      0.0,
      0.0,
      10.0,
      1860.0,
      2340.0,
      2980.0,
      8295.0,
      10360.0,
      29905.0,
      65105.0,
      103970.0,
      2621530.0,
      7080405.0,
      9261925.0,
      12171830.0,
      1462000.0,
      374375.0,
      283950.0,
      78495.0,
      2025.0,
      1460.0,
      530.0,
      140.0
    ],
    [
      0.0,
      0.0,
      0.0,
      0.0,
      0.0,
      0.0,
      0.0,
      0.0,
      0.0,
      0.0,
      0.0,
      15.0,
      385.0,
      490.0,
      2590.0,
      8010.0,
      38065.0,
      137200.0,
      695935.0,
      2242380.0,
      9176270.0,
      9644530.0,
      3376065.0,
      521600.0,
      165675.0,
      29450.0,
      5475.0,
      1030.0,
      115.0,
      40.0,
      0.0,
      0.0
    ],
    [
      0.0,
      0.0,
      0.0,
      0.0,
      0.0,
      0.0,
      0.0,
      0.0,
      5.0,
      95.0,
      90.0,
      640.0,
      5540.0,
      15085.0,
      53620.0,
      190760.0,
      994875.0,
      6600290.0,
      10839040.0,
      3743970.0,
      901915.0,
      117300.0,
      37440.0,
      2950.0,
      6260.0,
      65.0,
      20.0,
      0.0,
      0.0,
      0.0,
      0.0,
      0.0
    ],
    [
      0.0,
      0.0,
      0.0,
      0.0,
      0.0,
      0.0,
      0.0,
      5.0,
      15.0,
      370.0,
      270.0,
      2345.0,
      14820.0,
      43370.0,
      138235.0,
      515640.0,
      2459440.0,
      9696100.0,
      4880595.0,
      979455.0,
      198960.0,
      35325.0,
      9350.0,
      775.0,
      3510.0,
      30.0,
      5.0,
      0.0,
      0.0,
      0.0,
      0.0,
      0.0
    ],
    [
      0.0,
      0.0,
      0.0,
      0.0,
      0.0,
      0.0,
      0.0,
      0.0,
      0.0,
      0.0,
      0.0,
      0.0,
      0.0,
      0.0,
      0.0,
      0.0,
      110.0,
      405.0,
      11440.0,
      9535.0,
      31565.0,
      114340.0,
      838920.0,
      3430260.0,
      10085995.0,
      3168990.0,
      585705.0,
      114445.0,
      31665.0,
      13420.0,
      1220.0,
      200.0
    ],
    [
      0.0,
      0.0,
      0.0,
      0.0,
      0.0,
      0.0,
      0.0,
      5.0,
      15.0,
      400.0,
      320.0,
      2825.0,
      16925.0,
      56470.0,
      182715.0,
      864285.0,
      4885375.0,
      11739270.0,
      4072605.0,
      672345.0,
      138465.0,
      21040.0,
      5030.0,
      400.0,
      2230.0,
      5.0,
      0.0,
      0.0,
      0.0,
      0.0,
      0.0,
      0.0
    ],
    [
      0.0,
      0.0,
      0.0,
      0.0,
      0.0,
      0.0,
      0.0,
      0.0,
      0.0,
      0.0,
      0.0,
      5.0,
      0.0,
      5.0,
      55.0,
      350.0,
      1960.0,
      11075.0,
      71740.0,
      206445.0,
      127480.0,
      617225.0,
      4079270.0,
      7905760.0,
      3262515.0,
      471650.0,
      109305.0,
      18385.0,
      27745.0,
      9420.0,
      905.0,
      120.0
    ],
    [
      0.0,
      0.0,
      0.0,
      0.0,
      0.0,
      0.0,
      0.0,
      0.0,
      0.0,
      0.0,
      0.0,
      0.0,
      0.0,
      0.0,
      0.0,
      0.0,
      0.0,
      0.0,
      0.0,
      0.0,
      0.0,
      0.0,
      0.0,
      0.0,
      0.0,
      0.0,
      0.0,
      0.0,
      0.0,
      0.0,
      0.0,
      0.0
    ],
    [
      0.0,
      0.0,
      0.0,
      0.0,
      0.0,
      0.0,
      0.0,
      0.0,
      0.0,
      0.0,
      0.0,
      0.0,
      0.0,
      0.0,
      0.0,
      0.0,
      0.0,
      0.0,
      0.0,
      0.0,
      0.0,
      2125.0,
      0.0,
      0.0,
      0.0,
      0.0,
      0.0,
      0.0,
      0.0,
      0.0,
      0.0,
      0.0
    ],
    [
      0.0,
      0.0,
      0.0,
      0.0,
      0.0,
      0.0,
      0.0,
      0.0,
      0.0,
      0.0,
      0.0,
      0.0,
      0.0,
      0.0,
      0.0,
      0.0,
      0.0,
      0.0,
      0.0,
      0.0,
      0.0,
      0.0,
      0.0,
      0.0,
      0.0,
      0.0,
      0.0,
      0.0,
      0.0,
      0.0,
      0.0,
      0.0
    ],
    [
      0.0,
      0.0,
      0.0,
      0.0,
      0.0,
      0.0,
      0.0,
      0.0,
      0.0,
      0.0,
      0.0,
      0.0,
      0.0,
      0.0,
      0.0,
      0.0,
      0.0,
      0.0,
      0.0,
      0.0,
      0.0,
      0.0,
      0.0,
      0.0,
      0.0,
      0.0,
      0.0,
      0.0,
      0.0,
      0.0,
      0.0,
      0.0
    ],
    [
      0.0,
      0.0,
      0.0,
      0.0,
      0.0,
      0.0,
      0.0,
      0.0,
      0.0,
      0.0,
      0.0,
      0.0,
      0.0,
      0.0,
      0.0,
      0.0,
      0.0,
      0.0,
      0.0,
      0.0,
      0.0,
      0.0,
      0.0,
      0.0,
      0.0,
      0.0,
      0.0,
      0.0,
      0.0,
      0.0,
      0.0,
      0.0
    ],
    [
      0.0,
      0.0,
      0.0,
      0.0,
      0.0,
      0.0,
      0.0,
      0.0,
      0.0,
      0.0,
      0.0,
      0.0,
      0.0,
      0.0,
      0.0,
      0.0,
      0.0,
      0.0,
      0.0,
      0.0,
      0.0,
      0.0,
      0.0,
      0.0,
      0.0,
      0.0,
      0.0,
      0.0,
      0.0,
      0.0,
      0.0,
      0.0
    ],
    [
      0.0,
      0.0,
      0.0,
      0.0,
      0.0,
      0.0,
      0.0,
      0.0,
      0.0,
      0.0,
      0.0,
      0.0,
      0.0,
      0.0,
      0.0,
      0.0,
      0.0,
      0.0,
      0.0,
      0.0,
      0.0,
      0.0,
      0.0,
      0.0,
      0.0,
      0.0,
      0.0,
      0.0,
      0.0,
      0.0,
      0.0,
      0.0
    ],
    [
      0.0,
      0.0,
      0.0,
      0.0,
      0.0,
      0.0,
      0.0,
      0.0,
      0.0,
      0.0,
      0.0,
      0.0,
      0.0,
      0.0,
      0.0,
      0.0,
      0.0,
      0.0,
      0.0,
      0.0,
      0.0,
      0.0,
      0.0,
      0.0,
      0.0,
      0.0,
      0.0,
      0.0,
      0.0,
      0.0,
      0.0,
      0.0
    ]
  ],
  "t1_calib_efficiency": [
    0.999,
    0.999,
    0.999,
    0.999,
    0.999,
    0.999,
    0.999,
    0.999,
    0.999,
    0.999,
    0.999,
    0.999,
    0.999,
    0.999,
    0.999,
    0.999
  ]
}