{
  "baseline_mean": [
    12.983560745915202,
    3.411460040687553,
    6.214159849944711,
    11.628972864992706,
    8.718690617126395,
    10.374674147759876,
    12.581397334456575,
    6.6196636813276415,
    9.99618284103266,
    4.461107397412838,
    12.582781864332151,
    9.380478507048045,
    3.4121016479328725,
    11.394258290072106,
    9.940385375124428,
    1.2316125024521023
  ],
  "baseline_stddev": [
    0.3613700343153191,
    2.448465960954152,
    1.9674870767842738,
    0.9846734066811487,
    1.294068675609816,
    1.6976614400667538,
    1.632712339828483,
    1.0377230229076837,
    0.3866195216093546,
    0.5838805965104812,
    0.5838078799143978,
    0.5680059221602143,
    0.530365628259427,
    0.6136866271823138,
    0.421629779395402,
    0.6176226721426189
  ],
  "baselines": [
    13.0,
    3.0,
    6.0,
    12.0,
    9.0,
    10.0,
    13.0,
    7.0,
    10.0,
    4.0,
    13.0,
    9.0,
    3.0,
    11.0,
    10.0,
    1.0
  ],
  "bl_range": [
    -15,
    -14,
    -13,
    -12,
    -11,
    -10,
    -9,
    -8,
    -7,
    -6,
    -5,
    -4,
    -3,
    -2,
    -1,
    0,
    1,
    2,
    3,
    4,
    5,
    6,
    7,
    8,
    9,
    10,
    11,
    12,
    13,
    14,
    15,
    16
  ],
  "ch_error": [
    0.0,
    0.0,
    0.0,
    0.0,
    0.0,
    0.0,
    0.0,
    0.0,
    0.0,
    0.0,
    0.0,
    0.0,
    0.0,
    0.0,
    0.0,
    0.0
  ],
  "noise_scan_raw": [
    [
      0.0,
      0.0,
      0.0,
      0.0,
      0.0,
      0.0,
      0.0,
      0.0,
      0.0,
      0.0,
      0.0,
      0.0,
      0.0,
      0.0,
      0.0,
      0.0,
      0.0,
      0.0,
      0.0,
      0.0,
      0.0,
      0.0,
      0.0,
      0.0,
      10.0,
      470.0,
      12710.0,
      212120.0,
      3040985.0,
      180790.0,
      760.0,
      0.0
    ],
    [
      560.0,
      15.0,
      13545.0,
      7130.0,
      3665.0,
      15305.0,
      97420.0,
      5420.0,
      12775.0,
      37855.0,
      196185.0,
      205685.0,
      303610.0,
      555130.0,
      1304940.0,
      2058590.0,
      3649555.0,
      6008405.0,
      9544505.0,
      10540725.0,
      7112860.0,
      4034235.0,
      1985580.0,
      909815.0,
      370145.0,
      208595.0,
      147725.0,
      57060.0,
      7815.0,
      2815.0,
      980.0,
      4670.0
    ],
    [
      0.0,
      0.0,
      20.0,
      15.0,
      10.0,
      125.0,
      4205.0,
      65.0,
      115.0,
      2255.0,
      42100.0,
      26230.0,
      19070.0,
      18560.0,
      217360.0,
      173445.0,
      432625.0,
      820905.0,
      1550350.0,
      3258110.0,
      6387195.0,
      11373020.0,
      11167920.0,
      5462330.0,
      2263645.0,
      890105.0,
      469130.0,
      166295.0,
      36520.0,
      11080.0,
      4280.0,
      13065.0
    ],
    [
      0.0,
      0.0,
      0.0,
      0.0,
      0.0,
      0.0,
      0.0,
      0.0,
      0.0,
      0.0,
      0.0,
      0.0,
      0.0,
      0.0,
      0.0,
      0.0,
      0.0,
      0.0,
      5.0,
      150.0,
      280.0,
      11790.0,
      35120.0,
      90130.0,
      290285.0,
      1191420.0,
      5701200.0,
      8057695.0,
      2142475.0,
      309540.0,
      35205.0,
      15850.0
    ],
    [
      0.0,
      0.0,
      0.0,
      0.0,
      0.0,
      0.0,
      0.0,
      0.0,
      0.0,
      0.0,
      0.0,
      0.0,
      5.0,
      0.0,
      1100.0,
      765.0,
      4190.0,
      19670.0,
      27370.0,
      82915.0,
      147325.0,
      765320.0,
      2419425.0,
      5979100.0,
      9198280.0,
      3938005.0,
      1236945.0,
      307610.0,
      61855.0,
      10955.0,
      1715.0,
      2135.0
    ],
    [
      0.0,
      0.0,
      0.0,
      0.0,
      0.0,
      0.0,
      0.0,
      0.0,
      0.0,
      0.0,
      65.0,
      90.0,
      105.0,
      15.0,
      9845.0,
      3500.0,
      16670.0,
      37710.0,
      39925.0,
      93900.0,
      111510.0,
      502315.0,
      1124785.0,
      2527160.0,
      4821945.0,
      9379815.0,
      10965870.0,
      5346390.0,
      1961410.0,
      590920.0,
      172360.0,
      109915.0
    ],
    [
      0.0,
      0.0,
      0.0,
      0.0,
      0.0,
      0.0,
      0.0,
      0.0,
      0.0,
      0.0,
      0.0,
      0.0,
      5.0,
      0.0,
      560.0,
      290.0,
      1770.0,
      9375.0,
      9275.0,
      25230.0,
      12440.0,
      118025.0,
      163350.0,
      285895.0,
      493555.0,
      1182405.0,
      3132175.0,
      6533690.0,
      8991040.0,
      4654125.0,
      1797700.0,
      698185.0
    ],
    [
      0.0,
      0.0,
      0.0,
      0.0,
      0.0,
      0.0,
      0.0,
      0.0,
      0.0,
      0.0,
      0.0,
      0.0,
      0.0,
      0.0,
      100.0,
      215.0,
      1170.0,
      10865.0,
      49445.0,
      284265.0,
      987400.0,
      4426465.0,
      5658495.0,
      1324285.0,
      388525.0,
      89185.0,
      24610.0,
      1760.0,
      165.0,
      10.0,
      0.0,
      0.0
    ],
    [
      0.0,
      0.0,
      0.0,
      0.0,
      0.0,
      0.0,
      0.0,
      0.0,
      0.0,
      0.0,
      0.0,
      0.0,
      0.0,
      0.0,
      0.0,
      0.0,
      0.0,
      0.0,
      0.0,
      0.0,
      0.0,
      0.0,
      45.0,
      6540.0,
      535055.0,
      6318875.0,
      500220.0,
      9875.0,
      55.0,
      0.0,
      0.0,
      0.0
    ],
    [
      0.0,
      0.0,
      0.0,
      0.0,
      0.0,
      0.0,
      0.0,
      0.0,
      0.0,
      0.0,
      0.0,
      0.0,
      0.0,
      0.0,
      0.0,
      0.0,
      220.0,
      6955.0,
      90490.0,
      2170560.0,
      1912070.0,
      71905.0,
      3620.0,
      175.0,
      20.0,
      0.0,
      0.0,
      0.0,
      0.0,
      0.0,
      0.0,
      0.0
    ],
    [
      0.0,
      0.0,
      0.0,
      0.0,
      0.0,
      0.0,
      0.0,
      0.0,
      0.0,
      0.0,
      0.0,
      0.0,
      0.0,
      0.0,
      0.0,
      0.0,
      0.0,
      0.0,
      0.0,
      0.0,
      0.0,
      0.0,
      0.0,
      0.0,
      90.0,
      9005.0,
      78670.0,
      1147940.0,
      1809610.0,
      42895.0,
      440.0,
      70.0
    ],
    [
      0.0,
      0.0,
      0.0,
      0.0,
      0.0,
      0.0,
      0.0,
      0.0,
      0.0,
      0.0,
      0.0,
      0.0,
      0.0,
      0.0,
      0.0,
      0.0,
      0.0,
      0.0,
      0.0,
      0.0,
      0.0,
      140.0,
      3735.0,
      70950.0,
      2419255.0,
      1437950.0,
      76545.0,
      4940.0,
      10.0,
      0.0,
      0.0,
      0.0
    ],
    [
      0.0,
      0.0,
      0.0,
      0.0,
      0.0,
      0.0,
      0.0,
      0.0,
      0.0,
      0.0,
      0.0,
      0.0,
      0.0,
      0.0,
      0.0,
      0.0,
      660.0,
      56360.0,
      2416880.0,
      1765660.0,
      24435.0,
      135.0,
      0.0,
      0.0,
      0.0,
      0.0,
      0.0,
      0.0,
      0.0,
      0.0,
      0.0,
      0.0
    ],
    [
      0.0,
      0.0,
      0.0,
      0.0,
      0.0,
      0.0,
      0.0,
      0.0,
      0.0,
      0.0,
      0.0,
      0.0,
      0.0,
      0.0,
      0.0,
      0.0,
      0.0,
      0.0,
      0.0,
      0.0,
      0.0,
      0.0,
      5.0,
      410.0,
      13100.0,
      208350.0,
      2164650.0,
      1830840.0,
      40870.0,
      770.0,
      15.0,
      0.0
    ],
    [
      0.0,
      0.0,
      0.0,
      0.0,
      0.0,
      0.0,
      0.0,
      0.0,
      0.0,
      0.0,
      0.0,
      0.0,
      0.0,
      0.0,
      0.0,
      0.0,
      0.0,
      0.0,
      0.0,
      0.0,
      0.0,
      25.0,
      2255.0,
      40150.0,
      505025.0,
      4687955.0,
      224055.0,
      20515.0,
      130.0,
      5.0,
      0.0,
      0.0
    ],
    [
      0.0,
      0.0,
      0.0,
      0.0,
      0.0,
      0.0,
      0.0,
      0.0,
      0.0,
      0.0,
      0.0,
      45.0,
      100.0,
      440.0,
      56800.0,
      160980.0,
      3143370.0,
      1130740.0,
