{
  "baseline_mean": [
    6.388488996095052,
    6.128923792084804,
    6.320652599974675,
    7.089215793691947,
    5.687109912571229,
    8.298859083727521,
    7.3618380964511685,
    6.108718427433568,
    3.393544148738446,
    1.3313203528778144,
    3.102823989031622,
    1.5918285753721297,
    1.7954682710752232,
    3.026810528713966,
    3.555395122251252,
    2.5441413175208525
  ],
  "baseline_stddev": [
    1.5603953337142153,
    2.3096085653799845,
    2.2225621292164868,
    1.5714804773341409,
    1.7746222439807726,
    2.414057747951058,
    1.521665194687824,
    2.093974772228064,
    7.827551787294899,
    8.994986023276311,
    8.035562694737084,
    8.881315540133325,
    8.77731710804608,
    8.07623068655416,
    7.673850643116736,
    8.387194131477523
  ],
  "baselines": [
    6.0,
    6.0,
    6.0,
    7.0,
    6.0,
    8.0,
    7.0,
    6.0,
    3.0,
    1.0,
    3.0,
    2.0,
    2.0,
    3.0,
    4.0,
    3.0
  ],
  "bl_range": [
    -15,
    -14,
    -13,
    -12,
    -11,
    -10,
    -9,
    -8,
    -7,
    -6,
    -5,
    -4,
    -3,
    -2,
    -1,
    0,
    1,
    2,
    3,
    4,
    5,
    6,
    7,
    8,
    9,
    10,
    11,
    12,
    13,
    14,
    15,
    16
  ],
  "ch_error": [
    0.0,
    0.0,
    0.0,
    0.0,
    0.0,
    0.0,
    0.0,
    0.0,
    0.0,
    0.0,
    0.0,
    0.0,
    0.0,
    0.0,
    0.0,
    0.0
  ],
  "noise_scan_raw": [
    [
      0.0,
      0.0,
      0.0,
      0.0,
      0.0,
      0.0,
      0.0,
      0.0,
      0.0,
      15.0,
      50.0,
      195.0,
      950.0,
      4230.0,
      16610.0,
      60630.0,
      218440.0,
      753115.0,
      2564100.0,
      8937395.0,
      18131270.0,
      24219040.0,
      25257220.0,
      20280535.0,
      7605665.0,
      365690.0,
      57340.0,
      10965.0,
      2680.0,
      485.0,
      90.0,
      5.0
    ],
    [
      0.0,
      0.0,
      0.0,
      0.0,
      0.0,
      0.0,
      0.0,
      55.0,
      280.0,
      795.0,
      3040.0,
      11110.0,
      37425.0,
      123290.0,
      325015.0,
      936170.0,
      3053795.0,
      6880150.0,
      13314030.0,
      23098100.0,
      26788135.0,
      28179085.0,
      28695340.0,
      27333920.0,
      21055075.0,
      6419935.0,
      2224050.0,
      699575.0,
      174525.0,
      60435.0,
      23805.0,
      6835.0
    ],
    [
      0.0,
      0.0,
      0.0,
      0.0,
      0.0,
      0.0,
      0.0,
      20.0,
      45.0,
      165.0,
      865.0,
      4575.0,
      7920.0,
      34640.0,
      137340.0,
      505865.0,
      1789300.0,
      5136825.0,
      12531610.0,
      23295300.0,
      26640435.0,
      28952845.0,
      29482525.0,
      27974620.0,
      23976250.0,
      8247785.0,
      1999740.0,
      439740.0,
      331625.0,
      82725.0,
      17025.0,
      3235.0
    ],
    [
      0.0,
      0.0,
      0.0,
      0.0,
      0.0,
      0.0,
      0.0,
      0.0,
      0.0,
      15.0,
      65.0,
      190.0,
      620.0,
      2380.0,
      9270.0,
      29040.0,
      93285.0,
      286800.0,
      1077940.0,
      4418890.0,
      12259275.0,
      22358985.0,
      27218205.0,
      26352775.0,
      18504830.0,
      3241480.0,
      665630.0,
      170650.0,
      64705.0,
      18575.0,
      4505.0,
      1045.0
    ],
    [
      0.0,
      0.0,
      0.0,
      0.0,
      0.0,
      0.0,
      0.0,
      20.0,
      80.0,
      245.0,
      880.0,
      3580.0,
      12295.0,
      42780.0,
      124590.0,
      381865.0,
      1201715.0,
      3250685.0,
      7695975.0,
      17035875.0,
      22890850.0,
      24310950.0,
      22880680.0,
      15543240.0,
      3601520.0,
      127975.0,
      25275.0,
      4935.0,
      1225.0,
      225.0,
      95.0,
      0.0
    ],
    [
      0.0,
      0.0,
      0.0,
      0.0,
      0.0,
      0.0,
      0.0,
      0.0,
      0.0,
      10.0,
      25.0,
      100.0,
      435.0,
      2185.0,
      8820.0,
      32470.0,
      120690.0,
      415770.0,
      1493900.0,
      6302275.0,
      17478040.0,
      27349505.0,
      29219440.0,
      29168125.0,
      29153425.0,
      26558635.0,
      19481070.0,
      10845625.0,
      5971545.0,
      2278680.0,
      741780.0,
      216905.0
    ],
    [
      0.0,
      0.0,
      0.0,
      0.0,
      0.0,
      0.0,
      0.0,
      0.0,
      0.0,
      5.0,
      15.0,
      50.0,
      155.0,
      780.0,
      2820.0,
      11190.0,
      37510.0,
      133765.0,
      498280.0,
      2344060.0,
      7570190.0,
      19245775.0,
      24643475.0,
      24897975.0,
      18757325.0,
      4183685.0,
      1108830.0,
      281115.0,
      140370.0,
      37570.0,
      10445.0,
      2220.0
    ],
    [
      0.0,
      0.0,
      0.0,
      0.0,
      0.0,
      0.0,
      0.0,
      5.0,
      50.0,
      150.0,
      565.0,
      2580.0,
      14920.0,
      58980.0,
      178020.0,
      590265.0,
      1742730.0,
      4766720.0,
      11233645.0,
      22878655.0,
      28261630.0,
      28835555.0,
      28846485.0,
      26426495.0,
      18162650.0,
      4124675.0,
      1086030.0,
      266930.0,
      52000.0,
      13225.0,
      3855.0,
      915.0
    ],
    [
      4159445.0,
      4172830.0,
      4136190.0,
      4150860.0,
      4199930.0,
      4080390.0,
      4136060.0,
      4152870.0,
      4249125.0,
      4160515.0,
      4153295.0,
      4152325.0,
      4165875.0,
      4148485.0,
      4166210.0,
      4192475.0,
      4320795.0,
      4830055.0,
      6558390.0,
      11172075.0,
      17595890.0,
      20513300.0,
      21557820.0,
      21470335.0,
      18978785.0,
      10423490.0,
      7196375.0,
      5557560.0,
      4903030.0,
      4578490.0,
      4372550.0,
      4367995.0
    ],
    [
      18772495.0,
      18792315.0,
      18772770.0,
      18778715.0,
      18940660.0,
      18443600.0,
      18443170.0,
      18420025.0,
      18888040.0,
      18456250.0,
      18450255.0,
      18462795.0,
      18491865.0,
      18384215.0,
      18435915.0,
      18458735.0,
      18730795.0,
      19086890.0,
      21733785.0,
      26803720.0,
      29101340.0,
      29958425.0,
      30552220.0,
      30364365.0,
      29160210.0,
      24927165.0,
      22382905.0,
      20664740.0,
      19911865.0,
      19542840.0,
      19162230.0,
      19140315.0
    ],
    [
      6631180.0,
      6632235.0,
      6608135.0,
      6637620.0,
      6694285.0,
      6502370.0,
      6548790.0,
      6569130.0,
      6719085.0,
      6582845.0,
      6583465.0,
      6583615.0,
      6600465.0,
      6557880.0,
      6591330.0,
      6604880.0,
      6734305.0,
      7462285.0,
      10424385.0,
      18321805.0,
      25078975.0,
      27484410.0,
      28356735.0,
      27864405.0,
      25002380.0,
      15626105.0,
      11295185.0,
      8864135.0,
      7846915.0,
      7328090.0,
      7001980.0,
      6968070.0
    ],
    [
      16023700.0,
      16046755.0,
      16021720.0,
      16037550.0,
      16176840.0,
      15742075.0,
      15754510.0,
      15743625.0,
      16132560.0,
      15774530.0,
      15768865.0,
      15770720.0,
      15800670.0,
      15707435.0,
      15756940.0,
      15785920.0,
      16033060.0,
      16553010.0,
      19576510.0,
      25677225.0,
      28696595.0,
      29712295.0,
      30270255.0,
      29990150.0,
      28465755.0,
      23167095.0,
      20119375.0,
      18133760.0,
      17261800.0,
      16824575.0,
      16424940.0,
      16405090.0
    ],
    [
      13522265.0,
      13538025.0,
      13506185.0,
      13520455.0,
      13637325.0,
      13278125.0,
      13287115.0,
      13286985.0,
      13619665.0,
      13324215.0,
      13310675.0,
      13317585.0,
      13340505.0,
      13265755.0,
      13302085.0,
      13328565.0,
      13550745.0,
      14036050.0,
      16782095.0,
      23093295.0,
      27221890.0,
      28755810.0,
      29366945.0,
      28918400.0,
      26903260.0,
      20483685.0,
