{
  "baseline_mean": [
    0.46790095138067844,
    6.099815380403553,
    4.763888321283865,
    -3.9897424609129453,
    4.5054487682625215,
    4.835908465632625,
    8.851093842055127,
    1.5144736583648495,
    10.397866845509617,
    7.845146089950779,
    8.216132995275611,
    8.281884101303817,
    3.298233104162003,
    -1.5248727367186186,
    3.8827968648065094,
    7.184377066561618
  ],
  "baseline_stddev": [
    1.7785859852474988,
    1.6318002802491174,
    1.5683173963982495,
    1.495448168567509,
    1.4483304006821698,
    1.3862639449170733,
    1.3579087778524144,
    1.3499535166622663,
    1.3873012385639196,
    1.3578212186665441,
    1.3368683191361912,
    1.2645372392668688,
    1.295560135131681,
    1.2093390928481562,
    1.282542605862925,
    1.182516562009543
  ],
  "baselines": [
    0.0,
    6.0,
    5.0,
    -4.0,
    5.0,
    5.0,
    9.0,
    2.0,
    10.0,
    8.0,
    8.0,
    8.0,
    3.0,
    -2.0,
    4.0,
    7.0
  ],
  "bl_range": [
    -15,
    -14,
    -13,
    -12,
    -11,
    -10,
    -9,
    -8,
    -7,
    -6,
    -5,
    -4,
    -3,
    -2,
    -1,
    0,
    1,
    2,
    3,
    4,
    5,
    6,
    7,
    8,
    9,
    10,
    11,
    12,
    13,
    14,
    15,
    16
  ],
  "ch_error": [
    0.0,
    0.0,
    0.0,
    0.0,
    0.0,
    0.0,
    0.0,
    0.0,
    0.0,
    0.0,
    0.0,
    0.0,
    0.0,
    0.0,
    0.0,
    0.0
  ],
  "noise_scan_raw": [
    [
      0.0,
      20.0,
      105.0,
      35.0,
      415.0,
      915.0,
      3320.0,
      10785.0,
      43525.0,
      68155.0,
      234330.0,
      747315.0,
      1976505.0,
      4978450.0,
      10895085.0,
      15049275.0,
      15717525.0,
      10252360.0,
      5081095.0,
      1953915.0,
      550900.0,
      142190.0,
      65815.0,
      14285.0,
      3115.0,
      1265.0,
      130.0,
      90.0,
      25.0,
      5.0,
      0.0,
      0.0
    ],
    [
      0.0,
      0.0,
      0.0,
      0.0,
      0.0,
      0.0,
      0.0,
      25.0,
      55.0,
      45.0,
      455.0,
      1505.0,
      3915.0,
      9865.0,
      47725.0,
      100635.0,
      254980.0,
      430645.0,
      2572225.0,
      6202870.0,
      12667180.0,
      17520520.0,
      14428555.0,
      7813200.0,
      2536040.0,
      976835.0,
      186095.0,
      77660.0,
      47150.0,
      11735.0,
      3075.0,
      1965.0
    ],
    [
      0.0,
      0.0,
      0.0,
      0.0,
      0.0,
      0.0,
      5.0,
      45.0,
      150.0,
      225.0,
      1500.0,
      5505.0,
      12305.0,
      33220.0,
      148500.0,
      316245.0,
      913330.0,
      2314550.0,
      8431165.0,
      14984455.0,
      18172505.0,
      11608620.0,
      5110230.0,
      1743255.0,
      457010.0,
      171200.0,
      31090.0,
      11615.0,
      7565.0,
      1560.0,
      390.0,
      325.0
    ],
    [
      190.0,
      455.0,
      2900.0,
      3565.0,
      18565.0,
      42445.0,
      151230.0,
      369895.0,
      1497370.0,
      2825155.0,
      9106465.0,
      13285435.0,
      8399985.0,
      3797765.0,
      1371140.0,
      369565.0,
      111905.0,
      19060.0,
      10930.0,
      1760.0,
      305.0,
      55.0,
      5.0,
      0.0,
      0.0,
      0.0,
      0.0,
      0.0,
      0.0,
      0.0,
      0.0,
      0.0
    ],
    [
      0.0,
      0.0,
      0.0,
      0.0,
      0.0,
      0.0,
      0.0,
      30.0,
      75.0,
      120.0,
      1050.0,
      3910.0,
      9705.0,
      27970.0,
      124765.0,
      284305.0,
      769875.0,
      1910345.0,
      7423835.0,
      14138610.0,
      15136555.0,
      6729385.0,
      2511755.0,
      783555.0,
      209285.0,
      79275.0,
      13385.0,
      4445.0,
      2965.0,
      515.0,
      125.0,
      85.0
    ],
    [
      0.0,
      0.0,
      0.0,
      0.0,
      0.0,
      0.0,
      0.0,
      25.0,
      70.0,
      55.0,
      455.0,
      1440.0,
      6010.0,
      15650.0,
      63550.0,
      133365.0,
      389850.0,
      767550.0,
      3739220.0,
      9014820.0,
      13927615.0,
      6316725.0,
      2596310.0,
      849805.0,
      186925.0,
      74595.0,
      14900.0,
      5150.0,
      2080.0,
      415.0,
      115.0,
      85.0
    ],
    [
      0.0,
      0.0,
      0.0,
      0.0,
      0.0,
      0.0,
      0.0,
      0.0,
      0.0,
      0.0,
      0.0,
      0.0,
      20.0,
      20.0,
      210.0,
      485.0,
      3740.0,
      4000.0,
      41535.0,
      89680.0,
      313025.0,
      775325.0,
      3084370.0,
      7574480.0,
      11498880.0,
      6861535.0,
      1621725.0,
      524695.0,
      249410.0,
      70335.0,
      19330.0,
      9130.0
    ],
    [
      0.0,
      0.0,
      0.0,
      0.0,
      0.0,
      0.0,
      35.0,
      250.0,
      1505.0,
      2800.0,
      12780.0,
      44375.0,
      99045.0,
      265150.0,
      1198115.0,
      3158860.0,
      8343995.0,
      8148550.0,
      3718415.0,
      965350.0,
      393985.0,
      83805.0,
      30215.0,
      4525.0,
      835.0,
      260.0,
      30.0,
      25.0,
      15.0,
      0.0,
      0.0,
      0.0
    ],
    [
      0.0,
      0.0,
      0.0,
      0.0,
      0.0,
      0.0,
      0.0,
      0.0,
      0.0,
      0.0,
      0.0,
      0.0,
      0.0,
      0.0,
      10.0,
      20.0,
      355.0,
      210.0,
      2490.0,
      6365.0,
      26755.0,
      73230.0,
      369505.0,
      1109320.0,
      3350305.0,
      7894395.0,
      6138425.0,
      2496275.0,
      1093815.0,
      295580.0,
      93040.0,
      42145.0
    ],
    [
      0.0,
      0.0,
      0.0,
      0.0,
      0.0,
      0.0,
      0.0,
      0.0,
      0.0,
      5.0,
      5.0,
      35.0,
      100.0,
      285.0,
      1495.0,
      3990.0,
      19275.0,
      28735.0,
      140175.0,
      314200.0,
      778360.0,
      2408175.0,
      7762805.0,
      11695670.0,
      5783420.0,
      2072445.0,
      342470.0,
      152480.0,
      104840.0,
      25015.0,
      8165.0,
      3940.0
    ],
    [
      0.0,
      0.0,
      0.0,
      0.0,
      0.0,
      0.0,
      0.0,
      0.0,
      0.0,
      0.0,
      0.0,
      10.0,
      55.0,
      85.0,
      705.0,
      2010.0,
      11725.0,
      17250.0,
      101015.0,
      231395.0,
      578565.0,
      1836270.0,
      7244410.0,
      13195920.0,
      10028850.0,
      4253625.0,
      615185.0,
      255500.0,
      171675.0,
      41480.0,
      11840.0,
      5305.0
    ],
    [
      0.0,
      0.0,
      0.0,
      0.0,
      0.0,
      0.0,
      0.0,
      0.0,
      0.0,
      0.0,
      5.0,
      0.0,
      30.0,
      30.0,
      305.0,
      890.0,
      6890.0,
      10055.0,
      63115.0,
      150990.0,
      443560.0,
      1420360.0,
      6305180.0,
      12809200.0,
      9993605.0,
      4139980.0,
      539550.0,
      228745.0,
      132220.0,
      31305.0,
      8300.0,
      3755.0
    ],
    [
      0.0,
      0.0,
      0.0,
      0.0,
      0.0,
      0.0,
      0.0,
      40.0,
      230.0,
      245.0,
      1460.0,
      5815.0,
      18590.0,
      53760.0,
      193110.0,
      496935.0,
      1544150.0,
      4972695.0,
      12980565.0,
      9822590.0,
      3342275.0,
      764920.0,
      416885.0,
      94860.0,
      21580.0,
      6050.0,
      410.0,
      190.0,
      105.0,
      15.0,
      0.0,
      0.0
    ],
    [
      0.0,
      0.0,
      40.0,
      20.0,
      135.0,
      325.0,
      1850.0,
      7945.0,
      36995.0,
      72125.0,
      257765.0,
      949465.0,
      3513135.0,
      9340975.0,
      9971360.0,
      3424445.0,
      757345.0,
      151135.0,
      96315.0,
      17390.0,
      3665.0,
      475.0,
      180.0,
      15.0,
      0.0,
      5.0,
      0.0,
      0.0,
      0.0,
      0.0,
      0.0,
      0.0
    ],
    [
      0.0,
      0.0,
      0.0,
      0.0,
      0.0,
      0.0,
      0.0,
      20.0,
      75.0,
      50.0,
      445.0,
      2275.0,
      7550.0,
      24160.0,
