{
  "baseline_mean": [
    0.0, 
    0.0, 
    6.0, 
    0.0, 
    0.0, 
    2.0, 
    0.0, 
    0.0, 
    5.481300947217939, 
    5.630740588753575, 
    6.739132463846908, 
    7.798662358705121, 
    0.304100294452768, 
    2.6007893303398295, 
    4.686003806362, 
    5.476868129624673
  ], 
  "baseline_stddev": [
    0.0, 
    -1.0, 
    0.0, 
    -1.0, 
    -1.0, 
    0.0, 
    -1.0, 
    -1.0, 
    0.5232747400530614, 
    0.8222414205735776, 
    1.2050496983061108, 
    1.4487064074772242, 
    1.27846805352192, 
    1.535194456848288, 
    1.0441697727365034, 
    0.8230048809216829
  ], 
  "baselines": [
    0.0, 
    0.0, 
    6.0, 
    0.0, 
    0.0, 
    2.0, 
    0.0, 
    0.0, 
    5.0, 
    6.0, 
    7.0, 
    8.0, 
    0.0, 
    3.0, 
    5.0, 
    5.0
  ], 
  "bl_range": [
    -15, 
    -14, 
    -13, 
    -12, 
    -11, 
    -10, 
    -9, 
    -8, 
    -7, 
    -6, 
    -5, 
    -4, 
    -3, 
    -2, 
    -1, 
    0, 
    1, 
    2, 
    3, 
    4, 
    5, 
    6, 
    7, 
    8, 
    9, 
    10, 
    11, 
    12, 
    13, 
    14, 
    15
  ], 
  "ch_error": [
    0.0, 
    1.0, 
    0.0, 
    1.0, 
    1.0, 
    0.0, 
    1.0, 
    1.0, 
    0.0, 
    0.0, 
    0.0, 
    0.0, 
    0.0, 
    0.0, 
    0.0, 
    0.0
  ], 
  "noise_scan_raw": [
    [
      0, 
      0, 
      0, 
      0, 
      0, 
      0, 
      0, 
      0, 
      0, 
      0, 
      0, 
      0, 
      0, 
      0, 
      0, 
      82, 
      0, 
      0, 
      0, 
      0, 
      0, 
      0, 
      0, 
      0, 
      0, 
      0, 
      0, 
      0, 
      0, 
      0, 
      0
    ], 
    [
      0, 
      0, 
      0, 
      0, 
      0, 
      0, 
      0, 
      0, 
      0, 
      0, 
      0, 
      0, 
      0, 
      0, 
      0, 
      0, 
      0, 
      0, 
      0, 
      0, 
      0, 
      0, 
      0, 
      0, 
      0, 
      0, 
      0, 
      0, 
      0, 
      0, 
      0
    ], 
    [
      0, 
      0, 
      0, 
      0, 
      0, 
      0, 
      0, 
      0, 
      0, 
      0, 
      0, 
      0, 
      0, 
      0, 
      0, 
      0, 
      0, 
      0, 
      0, 
      0, 
      0, 
      35, 
      0, 
      0, 
      0, 
      0, 
      0, 
      0, 
      0, 
      0, 
      0
    ], 
    [
      0, 
      0, 
      0, 
      0, 
      0, 
      0, 
      0, 
      0, 
      0, 
      0, 
      0, 
      0, 
      0, 
      0, 
      0, 
      0, 
      0, 
      0, 
      0, 
      0, 
      0, 
      0, 
      0, 
      0, 
      0, 
      0, 
      0, 
      0, 
      0, 
      0, 
      0
    ], 
    [
      0, 
      0, 
      0, 
      0, 
      0, 
      0, 
      0, 
      0, 
      0, 
      0, 
      0, 
      0, 
      0, 
      0, 
      0, 
      0, 
      0, 
      0, 
      0, 
      0, 
      0, 
      0, 
      0, 
      0, 
      0, 
      0, 
      0, 
      0, 
      0, 
      0, 
      0
    ], 
    [
      0, 
      0, 
      0, 
      0, 
      0, 
      0, 
      0, 
      0, 
      0, 
      0, 
      0, 
      0, 
      0, 
      0, 
      0, 
      0, 
      0, 
      3, 
      0, 
      0, 
      0, 
      0, 
      0, 
      0, 
      0, 
      0, 
      0, 
      0, 
      0, 
      0, 
      0
    ], 
    [
      0, 
      0, 
      0, 
      0, 
      0, 
      0, 
      0, 
      0, 
      0, 
      0, 
      0, 
      0, 
      0, 
      0, 
      0, 
      0, 
      0, 
      0, 
      0, 
      0, 
      0, 
      0, 
      0, 
      0, 
      0, 
      0, 
      0, 
      0, 
      0, 
      0, 
      0
    ], 
    [
      0, 
      0, 
      0, 
      0, 
      0, 
      0, 
      0, 
      0, 
      0, 
      0, 
      0, 
      0, 
      0, 
      0, 
      0, 
      0, 
      0, 
      0, 
      0, 
      0, 
      0, 
      0, 
      0, 
      0, 
      0, 
      0, 
      0, 
      0, 
      0, 
      0, 
      0
    ], 
    [
      0, 
      0, 
      0, 
      0, 
      0, 
      0, 
      0, 
      0, 
      0, 
      0, 
      0, 
      0, 
      0, 
      0, 
      0, 
      0, 
      1, 
      58, 
      784, 
      14652, 
      1557564, 
      1438245, 
      16778, 
      758, 
      29, 
      1, 
      0, 
      0, 
      0, 
      0, 
      0
    ], 
    [
      0, 
      0, 
      0, 
      0, 
      0, 
      0, 
      0, 
      0, 
      0, 
      0, 
      0, 
      2, 
      18, 
      107, 
      301, 
      1184, 
      3014, 
      8829, 
      33233, 
      227227, 
      2650261, 
      3045718, 
      538991, 
      89979, 
      21964, 
      5159, 
      1644, 
      471, 
      118, 
      20, 
      0
    ], 
    [
      0, 
      0, 
      0, 
      0, 
      0, 
      0, 
      0, 
      0, 
      0, 
      0, 
      0, 
      0, 
      1, 
      9, 
      19, 
      147, 
      749, 
      2778, 
      4653, 
      23912, 
      744888, 
      1823948, 
      1382015, 
      1152652, 
      306167, 
      45167, 
      14667, 
      3401, 
      1389, 
      281, 
      86
    ], 
    [
      0, 
      0, 
      0, 
      0, 
      0, 
      0, 
      0, 
      0, 
      0, 
      0, 
      0, 
      0, 
      0, 
      5, 
      3, 
      24, 
      129, 
      596, 
      1249, 
      3531, 
      248327, 
      652630, 
      483027, 
      1269545, 
      939687, 
      258911, 
      74271, 
      14941, 
      3061, 
      897, 
      300
    ], 
    [
      0, 
      0, 
      0, 
      0, 
      0, 
      0, 
      3, 
      25, 
      330, 
      879, 
      3179, 
      8672, 
      32095, 
      138828, 
      606165, 
      1423210, 
      1015318, 
      299744, 
      49380, 
      13992, 
      55687, 
      8409, 
      298, 
      56, 
      3, 
      1, 
      0, 
      0, 
      0, 
      0, 
      0
    ], 
    [
      0, 
      0, 
      0, 
      0, 
      0, 
      0, 
      0, 
      8, 
      19, 
      96, 
      277, 
      1167, 
      3579, 
      16336, 
      46030, 
      304047, 
      794047, 
      1736739, 
      1214423, 
      342542, 
      893282, 
      73412, 
      3747, 
      531, 
      114, 
      19, 
      10, 
      1, 
      0, 
      0, 
      0
    ], 
    [
      0, 
      0, 
      0, 
      0, 
      0, 
      0, 
      0, 
      0, 
      0, 
      1, 
      2, 
      27, 
      51, 
      349, 
      1031, 
      5122, 
      30142, 
      209344, 
      671140, 
      1766010, 
      3163345, 
      1454529, 
      50179, 
      6457, 
      1089, 
      281, 
      115, 
      29, 
      15, 
      0, 
      0
    ], 
    [
      0, 
      0, 
      0, 
      0, 
      0, 
      0, 
      0, 
      0, 
      0, 
      0, 
      0, 
      0, 
      1, 
      8, 
      26, 
      288, 
      1814, 
      10697, 
      96086, 
      638995, 
      3139189, 
      3507275, 
      479057, 
      57375, 
      3381, 
      714, 
      184, 
      43, 
      23, 
      0, 
      0
    ]
  ], 
  "t1_calib_efficiency": [
    0.999, 
    0.999, 
    0.999, 
    0.999, 
    0.999, 
    0.999, 
    0.999, 
    0.007, 
    0.0, 
    0.999, 
    0.999, 
    0.999, 
    0.999, 
    0.999, 
    0.999, 
    0.999
  ]
}