{
  "baseline_mean": [
    0.512457827403513,
    0.4823389578393233,
    0.4237601343491005,
    0.5010930989780982,
    0.49712150035672514,
    0.49635052951049013,
    0.5141961365064953,
    0.0,
    0.0,
    0.0,
    0.0,
    0.0,
    0.0,
    0.0,
    0.0,
    0.0
  ],
  "baseline_stddev": [
    9.218158096579094,
    9.226837065996111,
    9.230734745131462,
    9.2236510993371,
    9.223692414745049,
    9.22175086721484,
    9.216715199525405,
    -1.0,
    -1.0,
    -1.0,
    -1.0,
    -1.0,
    -1.0,
    -1.0,
    -1.0,
    -1.0
  ],
  "baselines": [
    1.0,
    0.0,
    0.0,
    1.0,
    0.0,
    0.0,
    1.0,
    0.0,
    0.0,
    0.0,
    0.0,
    0.0,
    0.0,
    0.0,
    0.0,
    0.0
  ],
  "bl_range": [
    -15,
    -14,
    -13,
    -12,
    -11,
    -10,
    -9,
    -8,
    -7,
    -6,
    -5,
    -4,
    -3,
    -2,
    -1,
    0,
    1,
    2,
    3,
    4,
    5,
    6,
    7,
    8,
    9,
    10,
    11,
    12,
    13,
    14,
    15,
    16
  ],
  "ch_error": [
    1.0,
    1.0,
    1.0,
    1.0,
    1.0,
    1.0,
    1.0,
    1.0,
    1.0,
    1.0,
    1.0,
    1.0,
    1.0,
    1.0,
    1.0,
    1.0
  ],
  "noise_scan_raw": [
    [
      11049535.0,
      12087410.0,
      11321320.0,
      11338080.0,
      11409205.0,
      12052005.0,
      11743470.0,
      11558520.0,
      11570090.0,
      14125500.0,
      11215250.0,
      12811920.0,
      11607915.0,
      11907270.0,
      11443065.0,
      11473480.0,
      11608785.0,
      11836010.0,
      11532255.0,
      11323740.0,
      11138265.0,
      12212905.0,
      11556870.0,
      11635895.0,
      12058070.0,
      11568290.0,
      11556135.0,
      11585045.0,
      11772160.0,
      11784095.0,
      12191200.0,
      11799770.0
    ],
    [
      4367685.0,
      4797440.0,
      4503835.0,
      4525290.0,
      4533235.0,
      4765900.0,
      4609915.0,
      4527485.0,
      4536705.0,
      5555860.0,
      4410885.0,
      5032415.0,
      4552985.0,
      4656605.0,
      4535150.0,
      4499425.0,
      4537520.0,
      4628275.0,
      4562460.0,
      4468840.0,
      4377915.0,
      4771045.0,
      4523525.0,
      4563915.0,
      4732230.0,
      4535350.0,
      4542540.0,
      4514305.0,
      4601435.0,
      4609735.0,
      4790780.0,
      4656520.0
    ],
    [
      2046055.0,
      2264400.0,
      2129935.0,
      2139090.0,
      2137030.0,
      2207270.0,
      2119920.0,
      2107790.0,
      2111230.0,
      2587870.0,
      2051590.0,
      2338270.0,
      2121800.0,
      2157925.0,
      2110530.0,
      2094410.0,
      2101010.0,
      2141540.0,
      2127275.0,
      2078525.0,
      2033985.0,
      2205705.0,
      2086845.0,
      2110185.0,
      2171925.0,
      2096820.0,
      2101085.0,
      2079495.0,
      2105800.0,
      2116595.0,
      2210215.0,
      2146970.0
    ],
    [
      6204710.0,
      6801465.0,
      6376715.0,
      6395245.0,
      6422615.0,
      6747650.0,
      6526295.0,
      6436370.0,
      6461330.0,
      7891455.0,
      6270980.0,
      7164820.0,
      6490825.0,
      6645950.0,
      6435095.0,
      6419995.0,
      6472140.0,
      6603175.0,
      6485845.0,
      6348215.0,
      6243275.0,
      6808365.0,
      6456340.0,
      6508585.0,
      6726970.0,
      6451005.0,
      6455330.0,
      6451170.0,
      6575880.0,
      6579060.0,
      6827825.0,
      6632490.0
    ],
    [
      8485145.0,
      9307700.0,
      8726515.0,
      8740955.0,
      8777340.0,
      9228370.0,
      8948310.0,
      8825380.0,
      8848485.0,
      10796910.0,
      8563120.0,
      9789445.0,
      8871565.0,
      9081270.0,
      8799745.0,
      8767980.0,
      8847230.0,
      9030810.0,
      8857875.0,
      8688895.0,
      8522430.0,
      9311840.0,
      8822385.0,
      8883605.0,
      9202600.0,
      8830345.0,
      8826210.0,
      8825190.0,
      8993860.0,
      8997880.0,
      9321475.0,
      9046480.0
    ],
    [
      8409350.0,
      9236730.0,
      8658190.0,
      8689465.0,
      8723930.0,
      9179230.0,
      8899655.0,
      8773635.0,
      8789170.0,
      10733225.0,
      8515395.0,
      9724645.0,
      8808380.0,
      9017955.0,
      8745650.0,
      8722925.0,
      8791865.0,
      8968055.0,
      8793860.0,
      8620555.0,
      8473465.0,
      9264860.0,
      8772685.0,
      8829870.0,
      9143295.0,
      8761790.0,
      8777410.0,
      8767050.0,
      8933120.0,
      8919315.0,
      9250230.0,
      8982105.0
    ],
    [
      9126930.0,
      9981845.0,
      9323830.0,
      9367275.0,
      9418090.0,
      9985470.0,
      9710025.0,
      9560710.0,
      9590470.0,
      11709960.0,
      9303825.0,
      10629210.0,
      9615275.0,
      9861695.0,
      9469920.0,
      9510495.0,
      9600900.0,
      9784990.0,
      9533635.0,
      9344980.0,
      9186995.0,
      10080550.0,
      9560290.0,
      9624385.0,
      9983655.0,
      9577710.0,
      9562765.0,
      9545295.0,
      9721235.0,
      9740540.0,
      10103240.0,
      9799565.0
    ],
    [
      0.0,
      0.0,
      0.0,
      0.0,
      0.0,
      0.0,
      0.0,
      0.0,
      0.0,
      0.0,
      0.0,
      0.0,
      0.0,
      0.0,
      0.0,
      0.0,
      0.0,
      0.0,
      0.0,
      0.0,
      0.0,
      0.0,
      0.0,
      0.0,
      0.0,
      0.0,
      0.0,
      0.0,
      0.0,
      0.0,
      0.0,
      0.0
    ],
    [
      0.0,
      0.0,
      0.0,
      0.0,
      0.0,
      0.0,
      0.0,
      0.0,
      0.0,
      0.0,
      0.0,
      0.0,
      0.0,
      0.0,
      0.0,
      0.0,
      0.0,
      0.0,
      0.0,
      0.0,
      0.0,
      0.0,
      0.0,
      0.0,
      0.0,
      0.0,
      0.0,
      0.0,
      0.0,
      0.0,
      0.0,
      0.0
    ],
    [
      0.0,
      0.0,
      0.0,
      0.0,
      0.0,
      0.0,
      0.0,
      0.0,
      0.0,
      0.0,
      0.0,
      0.0,
      0.0,
      0.0,
      0.0,
      0.0,
      0.0,
      0.0,
      0.0,
      0.0,
      0.0,
      0.0,
      0.0,
      0.0,
      0.0,
      0.0,
      0.0,
      0.0,
      0.0,
      0.0,
      0.0,
      0.0
    ],
    [
      0.0,
      0.0,
      0.0,
      0.0,
      0.0,
      0.0,
      0.0,
      0.0,
      0.0,
      0.0,
      0.0,
      0.0,
      0.0,
      0.0,
      0.0,
      0.0,
      0.0,
      0.0,
      0.0,
      0.0,
      0.0,
      0.0,
      0.0,
      0.0,
      0.0,
      0.0,
      0.0,
      0.0,
      0.0,
      0.0,
      0.0,
      0.0
    ],
    [
      0.0,
      0.0,
      0.0,
      0.0,
      0.0,
      0.0,
      0.0,
      0.0,
      0.0,
      0.0,
      0.0,
      0.0,
      0.0,
      0.0,
      0.0,
      0.0,
      0.0,
      0.0,
      0.0,
      0.0,
      0.0,
      0.0,
      0.0,
      0.0,
      0.0,
      0.0,
      0.0,
      0.0,
      0.0,
      0.0,
      0.0,
      0.0
    ],
    [
      0.0,
      0.0,
      0.0,
      0.0,
      0.0,
      0.0,
      0.0,
      0.0,
      0.0,
      0.0,
      0.0,
      0.0,
      0.0,
      0.0,
      0.0,
      0.0,
      0.0,
      0.0,
      0.0,
      0.0,
      0.0,
      0.0,
      0.0,
      0.0,
      0.0,
      0.0,
      0.0,
      0.0,
      0.0,
      0.0,
      0.0,
      0.0
    ],
    [
      0.0,
      0.0,
      0.0,
      0.0,
      0.0,
      0.0,
      0.0,
      0.0,
      0.0,
      0.0,
      0.0,
      0.0,
      0.0,
      0.0,
      0.0,
      0.0,
      0.0,
      0.0,
      0.0,
      0.0,
      0.0,
      0.0,
      0.0,
      0.0,
      0.0,
      0.0,
      0.0,
      0.0,
      0.0,
      0.0,
      0.0,
      0.0
    ],
    [
      0.0,
      0.0,
      0.0,
      0.0,
      0.0,
      0.0,
      0.0,
      0.0,
      0.0,
      0.0,
      0.0,
      0.0,
      0.0,
      0.0,
      0.0,
      0.0,
      0.0,
      0.0,
      0.0,
      0.0,
      0.0,
      0.0,
      0.0,
      0.0,
      0.0,
      0.0,
      0.0,
      0.0,
      0.0,
      0.0,
      0.0,
