{
  "baseline_mean": [
    4.000283318147247,
    9.984850102547519,
    9.91308220846823,
    3.871406936254586,
    12.191736343317881,
    7.873145886212057,
    5.9257766471267,
    3.9002327533650005,
    5.054009533198549,
    8.355267785771384,
    4.992704298606722,
    2.0075521488808854,
    12.152021039998823,
    4.007582347733392,
    13.99235227553636,
    11.738356078457041
  ],
  "baseline_stddev": [
    0.026179337227741878,
    0.7521142912916599,
    0.6429336581380906,
    0.6098322123853676,
    0.7132888393296891,
    0.6075502325583602,
    0.740015658795157,
    0.5721827576376877,
    1.6626369838505928,
    1.7073622800138006,
    0.16058427700076103,
    0.16415264685989872,
    1.7580086338721748,
    0.1721484602716647,
    0.1606718356237291,
    1.7628550284089257
  ],
  "baselines": [
    4.0,
    10.0,
    10.0,
    4.0,
    12.0,
    8.0,
    6.0,
    4.0,
    5.0,
    8.0,
    5.0,
    2.0,
    12.0,
    4.0,
    14.0,
    12.0
  ],
  "bl_range": [
    -15,
    -14,
    -13,
    -12,
    -11,
    -10,
    -9,
    -8,
    -7,
    -6,
    -5,
    -4,
    -3,
    -2,
    -1,
    0,
    1,
    2,
    3,
    4,
    5,
    6,
    7,
    8,
    9,
    10,
    11,
    12,
    13,
    14,
    15,
    16
  ],
  "ch_error": [
    0.0,
    0.0,
    0.0,
    0.0,
    0.0,
    0.0,
    0.0,
    0.0,
    0.0,
    0.0,
    0.0,
    0.0,
    0.0,
    0.0,
    0.0,
    0.0
  ],
  "noise_scan_raw": [
    [
      0.0,
      0.0,
      0.0,
      0.0,
      0.0,
      0.0,
      0.0,
      0.0,
      0.0,
      0.0,
      0.0,
      0.0,
      0.0,
      0.0,
      0.0,
      190.0,
      2930.0,
      74865.0,
      1297855.0,
      10661071230.0,
      3346840.0,
      531350.0,
      22085.0,
      790.0,
      30.0,
      0.0,
      0.0,
      0.0,
      0.0,
      0.0,
      0.0,
      0.0
    ],
    [
      0.0,
      0.0,
      0.0,
      0.0,
      0.0,
      0.0,
      0.0,
      0.0,
      0.0,
      0.0,
      0.0,
      0.0,
      0.0,
      0.0,
      0.0,
      0.0,
      0.0,
      0.0,
      0.0,
      0.0,
      125.0,
      1785.0,
      24625.0,
      420870.0,
      2002600.0,
      8115965.0,
      2094910.0,
      299340.0,
      11400.0,
      410.0,
      5.0,
      0.0
    ],
    [
      0.0,
      0.0,
      0.0,
      0.0,
      0.0,
      0.0,
      0.0,
      0.0,
      0.0,
      0.0,
      0.0,
      0.0,
      0.0,
      0.0,
      0.0,
      0.0,
      0.0,
      0.0,
      0.0,
      0.0,
      20.0,
      1025.0,
      9265.0,
      230240.0,
      1339520.0,
      5936610.0,
      953380.0,
      65250.0,
      1970.0,
      40.0,
      0.0,
      0.0
    ],
    [
      0.0,
      0.0,
      0.0,
      0.0,
      0.0,
      0.0,
      0.0,
      0.0,
      0.0,
      0.0,
      0.0,
      0.0,
      0.0,
      0.0,
      10.0,
      585.0,
      8390.0,
      195470.0,
      2176670.0,
      7781200.0,
      990500.0,
      76375.0,
      2440.0,
      70.0,
      0.0,
      0.0,
      0.0,
      0.0,
      0.0,
      0.0,
      0.0,
      0.0
    ],
    [
      0.0,
      0.0,
      0.0,
      0.0,
      0.0,
      0.0,
      0.0,
      0.0,
      0.0,
      0.0,
      0.0,
      0.0,
      0.0,
      0.0,
      0.0,
      0.0,
      0.0,
      0.0,
      0.0,
      0.0,
      0.0,
      0.0,
      10.0,
      100.0,
      2275.0,
      84325.0,
      812215.0,
      4045865.0,
      2012895.0,
      161220.0,
      6120.0,
      150.0
    ],
    [
      0.0,
      0.0,
      0.0,
      0.0,
      0.0,
      0.0,
      0.0,
      0.0,
      0.0,
      0.0,
      0.0,
      0.0,
      0.0,
      0.0,
      0.0,
      0.0,
      0.0,
      0.0,
      35.0,
      790.0,
      19360.0,
      128680.0,
      1401145.0,
      5412000.0,
      650470.0,
      47980.0,
      520.0,
      25.0,
      0.0,
      0.0,
      0.0,
      0.0
    ],
    [
      0.0,
      0.0,
      0.0,
      0.0,
      0.0,
      0.0,
      0.0,
      0.0,
      0.0,
      0.0,
      0.0,
      0.0,
      0.0,
      0.0,
      0.0,
      0.0,
      10.0,
      320.0,
      9200.0,
      367440.0,
      2200725.0,
      6987090.0,
      1665145.0,
      218790.0,
      3750.0,
      115.0,
      10.0,
      0.0,
      0.0,
      0.0,
      0.0,
      0.0
    ],
    [
      0.0,
      0.0,
      0.0,
      0.0,
      0.0,
      0.0,
      0.0,
      0.0,
      0.0,
      0.0,
      0.0,
      0.0,
      0.0,
      0.0,
      0.0,
      130.0,
      3670.0,
      146550.0,
      1791780.0,
      7587895.0,
      956415.0,
      42675.0,
      1330.0,
      15.0,
      0.0,
      0.0,
      0.0,
      0.0,
      0.0,
      0.0,
      0.0,
      0.0
    ],
    [
      0.0,
      0.0,
      0.0,
      0.0,
      0.0,
      0.0,
      0.0,
      0.0,
      0.0,
      10.0,
      10.0,
      160.0,
      775.0,
      4000.0,
      25135.0,
      143320.0,
      575525.0,
      1807655.0,
      4164270.0,
      7960170.0,
      10321000.0,
      8370550.0,
      4718210.0,
      2237130.0,
      513880.0,
      93680.0,
      12205.0,
      1590.0,
      235.0,
      20.0,
      0.0,
      0.0
    ],
    [
      0.0,
      0.0,
      0.0,
      0.0,
      0.0,
      0.0,
      0.0,
      0.0,
      0.0,
      0.0,
      0.0,
      0.0,
      0.0,
      15.0,
      140.0,
      990.0,
      4560.0,
      26185.0,
      130385.0,
      454220.0,
      1230510.0,
      2925530.0,
      5639280.0,
      9106945.0,
      8330000.0,
      5539040.0,
      2313235.0,
      763420.0,
      213890.0,
      56970.0,
      10755.0,
      2055.0
    ],
    [
      0.0,
      0.0,
      0.0,
      0.0,
      0.0,
      0.0,
      0.0,
      15.0,
      55.0,
      280.0,
      1480.0,
      8595.0,
      50110.0,
      208225.0,
      782430.0,
      2089705.0,
      3929575.0,
      6906355.0,
      10025145.0,
      8812920.0,
      10658304670.0,
      2161270.0,
      679435.0,
      217530.0,
      41975.0,
      6260.0,
      630.0,
      90.0,
      0.0,
      0.0,
      0.0,
      0.0
    ],
    [
      0.0,
      0.0,
      0.0,
      0.0,
      0.0,
      0.0,
      0.0,
      0.0,
      20.0,
      80.0,
      345.0,
      2290.0,
      16420.0,
      76930.0,
      331325.0,
      1063120.0,
      2386625.0,
      10658372170.0,
      8266035.0,
      10999420.0,
      7896140.0,
      4388065.0,
      1832810.0,
      738455.0,
      183615.0,
      33385.0,
      4010.0,
      630.0,
      60.0,
      10.0,
      0.0,
      0.0
    ],
    [
      0.0,
      0.0,
      0.0,
      0.0,
      0.0,
      0.0,
      0.0,
      0.0,
      0.0,
      0.0,
      0.0,
      0.0,
      0.0,
      0.0,
      0.0,
      0.0,
      35.0,
      120.0,
      705.0,
      2745.0,
      11245.0,
      43595.0,
      181585.0,
      749825.0,
      1870550.0,
      4207245.0,
      7361980.0,
      10628330.0,
      8506395.0,
      5321385.0,
      2811230.0,
      1149040.0
    ],
    [
      0.0,
      0.0,
      0.0,
      0.0,
      0.0,
      0.0,
      0.0,
      0.0,
      0.0,
      20.0,
      70.0,
      425.0,
      1725.0,
      8705.0,
      41500.0,
      198135.0,
      630250.0,
      1817860.0,
      3857550.0,
      10660909075.0,
      9613975.0,
      10612640.0,
      7830150.0,
      5122255.0,
      2168320.0,
      731785.0,
      177885.0,
      30420.0,
      6400.0,
      1115.0,
      310.0,
      40.0
    ],
    [
      0.0,
      0.0,
      0.0,
      0.0,
      0.0,
      0.0,
      0.0,
      0.0,
      0.0,
      0.0,
      0.0,
      0.0,
      0.0,
      0.0,
      0.0,
      5.0,
      10.0,
      50.0,
      375.0,
      1715.0,
      5000.0,
      20865.0,
      97815.0,
      468200.0,
      2073340.0,
      4587730.0,
      8004735.0,
      10663340.0,
      7777305.0,
      10658090975.0,
      2156680.0,
      808240.0
    ],
    [
      0.0,
      0.0,
      0.0,
      0.0,
      0.0,
      0.0,
      0.0,
      0.0,
      0.0,
      0.0,
      0.0,
      0.0,
      0.0,
      0.0,
      0.0,
      20.0,
