{
  "baseline_mean": [
    12.839242790359494,
    3.1642634045569205,
    6.076229169073992,
    11.434372543404418,
    8.556232935920068,
    9.831708682664269,
    11.146018573346936,
    6.751251923524999,
    9.973357083766615,
    4.417899354594921,
    12.42361246421559,
    9.376944366356895,
    3.2815122627253968,
    11.311714335209109,
    9.800234269997485,
    1.268685610203021
  ],
  "baseline_stddev": [
    0.85540046232371,
    4.704068579483663,
    3.6324140475536653,
    1.7984488742670264,
    2.71318013760001,
    3.406624529534257,
    3.4947327998357145,
    0.8224531806952606,
    0.7604704564404584,
    0.9891748927277524,
    0.9816679547913414,
    0.9703471919947538,
    0.7276946797751694,
    0.9851518314008961,
    0.9355986182128762,
    1.191093746613852
  ],
  "baselines": [
    13.0,
    3.0,
    6.0,
    11.0,
    9.0,
    10.0,
    11.0,
    7.0,
    10.0,
    4.0,
    12.0,
    9.0,
    3.0,
    11.0,
    10.0,
    1.0
  ],
  "bl_range": [
    -15,
    -14,
    -13,
    -12,
    -11,
    -10,
    -9,
    -8,
    -7,
    -6,
    -5,
    -4,
    -3,
    -2,
    -1,
    0,
    1,
    2,
    3,
    4,
    5,
    6,
    7,
    8,
    9,
    10,
    11,
    12,
    13,
    14,
    15,
    16
  ],
  "ch_error": [
    0.0,
    1.0,
    1.0,
    0.0,
    1.0,
    1.0,
    1.0,
    0.0,
    0.0,
    0.0,
    0.0,
    0.0,
    0.0,
    0.0,
    0.0,
    0.0
  ],
  "noise_scan_raw": [
    [
      0.0,
      0.0,
      0.0,
      0.0,
      0.0,
      0.0,
      0.0,
      0.0,
      0.0,
      0.0,
      0.0,
      0.0,
      0.0,
      0.0,
      0.0,
      0.0,
      0.0,
      0.0,
      0.0,
      0.0,
      0.0,
      5.0,
      185.0,
      1575.0,
      15385.0,
      127870.0,
      733405.0,
      3100185.0,
      7814760.0,
      2197800.0,
      239585.0,
      17875.0
    ],
    [
      56770.0,
      84230.0,
      117810.0,
      199815.0,
      256695.0,
      396895.0,
      560605.0,
      845165.0,
      1168945.0,
      1607355.0,
      2167125.0,
      2740170.0,
      3550585.0,
      4430625.0,
      5440700.0,
      6790240.0,
      8400575.0,
      10253530.0,
      11912150.0,
      12584245.0,
      10941775.0,
      9175530.0,
      7289660.0,
      5498925.0,
      4084245.0,
      3116695.0,
      2276625.0,
      1677275.0,
      1106860.0,
      724000.0,
      474150.0,
      321860.0
    ],
    [
      940.0,
      1760.0,
      2755.0,
      7780.0,
      9635.0,
      20125.0,
      28655.0,
      62425.0,
      92030.0,
      153100.0,
      249505.0,
      421375.0,
      705425.0,
      1096320.0,
      1603650.0,
      2412240.0,
      3280850.0,
      4463155.0,
      5897645.0,
      8406585.0,
      10595335.0,
      12798325.0,
      12871515.0,
      10346455.0,
      7612040.0,
      5415495.0,
      3842975.0,
      2597565.0,
      1590105.0,
      920755.0,
      563825.0,
      327225.0
    ],
    [
      0.0,
      0.0,
      0.0,
      0.0,
      0.0,
      0.0,
      0.0,
      0.0,
      0.0,
      0.0,
      0.0,
      0.0,
      25.0,
      25.0,
      90.0,
      395.0,
      1470.0,
      3805.0,
      12820.0,
      44025.0,
      101525.0,
      263790.0,
      756955.0,
      1609830.0,
      3613295.0,
      6755970.0,
      11060800.0,
      12021175.0,
      7783355.0,
      3514885.0,
      1290625.0,
      471180.0
    ],
    [
      0.0,
      0.0,
      5.0,
      20.0,
      15.0,
      45.0,
      160.0,
      415.0,
      870.0,
      1785.0,
      4465.0,
      10440.0,
      23725.0,
      47795.0,
      100150.0,
      190505.0,
      360420.0,
      694805.0,
      1353330.0,
      2365390.0,
      3503090.0,
      5399055.0,
      8378860.0,
      10923900.0,
      12121540.0,
      9837835.0,
      6551890.0,
      4216525.0,
      2526465.0,
      1329200.0,
      600060.0,
      284015.0
    ],
    [
      60.0,
      125.0,
      190.0,
      450.0,
      750.0,
      1665.0,
      2745.0,
      5860.0,
      8970.0,
      16105.0,
      31765.0,
      54275.0,
      93880.0,
      147510.0,
      238410.0,
      394410.0,
      656450.0,
      1087980.0,
      1754350.0,
      2639665.0,
      3456150.0,
      4609200.0,
      6272285.0,
      7995630.0,
      9944790.0,
      12502095.0,
      13092890.0,
      10867785.0,
      7785640.0,
      5556965.0,
      4116000.0,
      2906670.0
    ],
    [
      125.0,
      220.0,
      390.0,
      855.0,
      1230.0,
      2380.0,
      3670.0,
      6775.0,
      10565.0,
      17430.0,
      30895.0,
      49460.0,
      80935.0,
      120170.0,
      177750.0,
      265915.0,
      394790.0,
      611105.0,
      961130.0,
      1534800.0,
      2117750.0,
      2887900.0,
      3810030.0,
      4639655.0,
      5586035.0,
      7059295.0,
      8923005.0,
      11046755.0,
      12045230.0,
      10114390.0,
      7556885.0,
      5807995.0
    ],
    [
      0.0,
      0.0,
      0.0,
      0.0,
      0.0,
      0.0,
      0.0,
      0.0,
      0.0,
      0.0,
      0.0,
      0.0,
      0.0,
      0.0,
      0.0,
      0.0,
      0.0,
      10.0,
      865.0,
      30810.0,
      374925.0,
      3237485.0,
      4716195.0,
      1164795.0,
      227065.0,
      11725.0,
      95.0,
      5.0,
      0.0,
      0.0,
      0.0,
      0.0
    ],
    [
      0.0,
      0.0,
      0.0,
      0.0,
      0.0,
      0.0,
      0.0,
      0.0,
      0.0,
      0.0,
      0.0,
      0.0,
      0.0,
      0.0,
      0.0,
      0.0,
      0.0,
      0.0,
      0.0,
      75.0,
      355.0,
      1870.0,
      25705.0,
      314095.0,
      2849865.0,
      8745605.0,
      2333840.0,
      372195.0,
      29335.0,
      1755.0,
      110.0,
      15.0
    ],
    [
      0.0,
      0.0,
      0.0,
      0.0,
      0.0,
      0.0,
      0.0,
      0.0,
      0.0,
      0.0,
      0.0,
      5.0,
      15.0,
      20.0,
      315.0,
      9635.0,
      47555.0,
      312160.0,
      1578785.0,
      6019055.0,
      4820610.0,
      1288295.0,
      279060.0,
      36940.0,
      3460.0,
      410.0,
      30.0,
      35.0,
      0.0,
      0.0,
      0.0,
      0.0
    ],
    [
      0.0,
      0.0,
      0.0,
      0.0,
      0.0,
      0.0,
      0.0,
      0.0,
      0.0,
      0.0,
      0.0,
      0.0,
      0.0,
      0.0,
      0.0,
      0.0,
      0.0,
      0.0,
      0.0,
      5.0,
      0.0,
      20.0,
      255.0,
      4875.0,
      34830.0,
      315785.0,
      1389200.0,
      5081905.0,
      4448155.0,
      1167195.0,
      203920.0,
      30465.0
    ],
    [
      0.0,
      0.0,
      0.0,
      0.0,
      0.0,
      0.0,
      0.0,
      0.0,
      0.0,
      0.0,
      0.0,
      0.0,
      0.0,
      0.0,
      0.0,
      0.0,
      0.0,
      10.0,
      245.0,
      5245.0,
      9805.0,
      49555.0,
      346345.0,
      1529595.0,
      7071050.0,
      4713120.0,
      1214535.0,
      304975.0,
      30610.0,
      2775.0,
      365.0,
      205.0
    ],
    [
      0.0,
      0.0,
      0.0,
      0.0,
      0.0,
      0.0,
      0.0,
      0.0,
      0.0,
      0.0,
      0.0,
      0.0,
      0.0,
      0.0,
      105.0,
      6360.0,
      108935.0,
      1052390.0,
      6380920.0,
      3679045.0,
      406370.0,
      25240.0,
      1040.0,
      130.0,
      5.0,
      0.0,
      0.0,
      0.0,
      0.0,
      0.0,
      0.0,
      0.0
    ],
    [
      0.0,
      0.0,
      0.0,
      0.0,
      0.0,
      0.0,
      0.0,
      0.0,
      0.0,
      0.0,
      0.0,
      0.0,
      0.0,
      0.0,
      0.0,
      0.0,
      0.0,
      0.0,
      5.0,
      250.0,
      370.0,
      510.0,
      3450.0,
      52525.0,
      422205.0,
      2291645.0,
      6349760.0,
      5198885.0,
      1102800.0,
      213495.0,
      29270.0,
      7465.0
    ],
    [
      0.0,
      0.0,
      0.0,
      0.0,
      0.0,
      0.0,
      0.0,
      0.0,
      0.0,
      0.0,
      0.0,
      0.0,
      0.0,
      0.0,
      0.0,
      0.0,
      0.0,
      15.0,
