{
  "baseline_mean": [
    8.783153113224708,
    4.991629010222494,
    3.4664429270416997,
    7.372300718930972,
    6.002978199621524,
    -1.0008655778699733,
    9.967619568467935,
    5.405507996084902,
    8.67828737094981,
    11.078372558133877,
    7.997811915320864,
    3.9997738434807073,
    2.771186177492951,
    4.999526378728513,
    6.13095290618985,
    5.398911787007113
  ],
  "baseline_stddev": [
    1.946997210944805,
    0.21561095093067786,
    2.308866024861967,
    1.7119273176474916,
    0.15304429347099124,
    0.25655952474949356,
    0.4501886816915421,
    2.022678256913539,
    1.0098944364263538,
    1.2118387863052829,
    0.08153674069655677,
    0.06577483482265517,
    0.9450663959476704,
    0.06624971617912882,
    1.2911284507450622,
    1.1678617432069054
  ],
  "baselines": [
    9.0,
    5.0,
    3.0,
    7.0,
    6.0,
    -1.0,
    10.0,
    5.0,
    9.0,
    11.0,
    8.0,
    4.0,
    3.0,
    5.0,
    6.0,
    5.0
  ],
  "bl_range": [
    -15,
    -14,
    -13,
    -12,
    -11,
    -10,
    -9,
    -8,
    -7,
    -6,
    -5,
    -4,
    -3,
    -2,
    -1,
    0,
    1,
    2,
    3,
    4,
    5,
    6,
    7,
    8,
    9,
    10,
    11,
    12,
    13,
    14,
    15,
    16
  ],
  "ch_error": [
    0.0,
    0.0,
    0.0,
    0.0,
    0.0,
    0.0,
    0.0,
    0.0,
    0.0,
    0.0,
    0.0,
    0.0,
    0.0,
    0.0,
    0.0,
    0.0
  ],
  "noise_scan_raw": [
    [
      0.0,
      0.0,
      0.0,
      0.0,
      10.0,
      35.0,
      160.0,
      65.0,
      345.0,
      300.0,
      5945.0,
      9700.0,
      9735.0,
      13855.0,
      44095.0,
      60835.0,
      162800.0,
      125565.0,
      229690.0,
      538550.0,
      966680.0,
      1838470.0,
      4366835.0,
      8510135.0,
      12558980.0,
      9227220.0,
      3479515.0,
      1257875.0,
      497065.0,
      238680.0,
      153180.0,
      96155.0
    ],
    [
      4125.0,
      10520.0,
      5170.0,
      9335.0,
      24075.0,
      40320.0,
      75670.0,
      43570.0,
      70185.0,
      81155.0,
      167790.0,
      233005.0,
      351870.0,
      614810.0,
      1119270.0,
      2073180.0,
      3673200.0,
      7134545.0,
      12232675.0,
      15878820.0,
      10664114745.0,
      5372525.0,
      2314985.0,
      870950.0,
      474190.0,
      309120.0,
      200640.0,
      155355.0,
      72925.0,
      36115.0,
      17245.0,
      13825.0
    ],
    [
      2695.0,
      7255.0,
      4595.0,
      8090.0,
      20440.0,
      36530.0,
      67285.0,
      37550.0,
      63865.0,
      73690.0,
      149705.0,
      198960.0,
      309690.0,
      554875.0,
      1010485.0,
      1968835.0,
      3787130.0,
      7760395.0,
      12862705.0,
      15780895.0,
      8902460.0,
      4138260.0,
      1842000.0,
      699365.0,
      397185.0,
      260645.0,
      175110.0,
      135525.0,
      55885.0,
      25210.0,
      10545.0,
      9175.0
    ],
    [
      0.0,
      0.0,
      0.0,
      0.0,
      0.0,
      0.0,
      15.0,
      20.0,
      145.0,
      265.0,
      5280.0,
      5915.0,
      11160.0,
      12445.0,
      52190.0,
      58025.0,
      173130.0,
      152795.0,
      298325.0,
      857500.0,
      1809015.0,
      4506260.0,
      10780470.0,
      11691530.0,
      3706220.0,
      1213670.0,
      532145.0,
      307555.0,
      156905.0,
      77235.0,
      40135.0,
      26640.0
    ],
    [
      25.0,
      145.0,
      80.0,
      250.0,
      675.0,
      2285.0,
      6420.0,
      5695.0,
      11300.0,
      16095.0,
      45440.0,
      63845.0,
      58135.0,
      69225.0,
      135445.0,
      194820.0,
      423245.0,
      685895.0,
      1297290.0,
      2904285.0,
      4927510.0,
      10663373530.0,
      14035410.0,
      8710880.0,
      3534195.0,
      1352505.0,
      650275.0,
      368405.0,
      206035.0,
      106225.0,
      67525.0,
      43885.0
    ],
    [
      80615.0,
      123265.0,
      82085.0,
      112735.0,
      226905.0,
      323365.0,
      503210.0,
      677825.0,
      1048230.0,
      1779485.0,
      2912365.0,
      4938475.0,
      8836765.0,
      13370630.0,
      10669098710.0,
      13860060.0,
      9165830.0,
      5302605.0,
      2901245.0,
      1559810.0,
      716005.0,
      338375.0,
      286200.0,
      167050.0,
      137980.0,
      80705.0,
      65330.0,
      62295.0,
      19695.0,
      8075.0,
      2355.0,
      2905.0
    ],
    [
      15355.0,
      24350.0,
      13625.0,
      18690.0,
      38740.0,
      56535.0,
      92810.0,
      54105.0,
      87125.0,
      96155.0,
      180140.0,
      244990.0,
      331370.0,
      491155.0,
      792940.0,
      1264700.0,
      1890870.0,
      2956365.0,
      4452000.0,
      7190720.0,
      10697950.0,
      14731580.0,
      17013850.0,
      13289200.0,
      7514790.0,
      10657962970.0,
      2483090.0,
      1425455.0,
      705095.0,
      411375.0,
      281300.0,
      188515.0
    ],
    [
      5.0,
      120.0,
      30.0,
      90.0,
      960.0,
      2975.0,
      8390.0,
      3120.0,
      9980.0,
      13145.0,
      52875.0,
      70475.0,
      69050.0,
      98265.0,
      213810.0,
      383305.0,
      785890.0,
      1607260.0,
      3371965.0,
      7643335.0,
      11893365.0,
      13610190.0,
      8233415.0,
      2906180.0,
      1019780.0,
      519105.0,
      293170.0,
      198465.0,
      92760.0,
      39760.0,
      16195.0,
      11090.0
    ],
    [
      0.0,
      0.0,
      0.0,
      0.0,
      0.0,
      0.0,
      0.0,
      0.0,
      0.0,
      0.0,
      0.0,
      0.0,
      0.0,
      0.0,
      5.0,
      70.0,
      3000.0,
      425.0,
      2475.0,
      43110.0,
      90430.0,
      283870.0,
      1243365.0,
      5032885.0,
      8765105.0,
      2047710.0,
      383105.0,
      95190.0,
      19685.0,
      2965.0,
      340.0,
      90.0
    ],
    [
      0.0,
      0.0,
      0.0,
      0.0,
      0.0,
      0.0,
      0.0,
      0.0,
      0.0,
      0.0,
      0.0,
      0.0,
      0.0,
      0.0,
      60.0,
      345.0,
      6125.0,
      475.0,
      2055.0,
      30460.0,
      42555.0,
      56660.0,
      150935.0,
      458515.0,
      1465165.0,
      4912225.0,
      11989560.0,
      7848590.0,
      1731115.0,
      353165.0,
      97260.0,
      37590.0
    ],
    [
      0.0,
      0.0,
      0.0,
      0.0,
      0.0,
      0.0,
      0.0,
      0.0,
      0.0,
      0.0,
      10.0,
      105.0,
      55.0,
      115.0,
      3370.0,
      11420.0,
      81075.0,
      58550.0,
      207455.0,
      584705.0,
      1394900.0,
      4213650.0,
      11230720.0,
      10664569105.0,
      2701825.0,
      588760.0,
      168685.0,
      81860.0,
      23350.0,
      6300.0,
      1270.0,
      560.0
    ],
    [
      0.0,
      0.0,
      0.0,
      0.0,
      0.0,
      0.0,
      0.0,
      0.0,
      0.0,
      5.0,
      730.0,
      6150.0,
      3310.0,
      10040.0,
      63865.0,
      190030.0,
      629890.0,
      2089395.0,
      7301530.0,
      10668801435.0,
      7383575.0,
      1664515.0,
      300430.0,
      90360.0,
      26670.0,
      3340.0,
      2830.0,
      2725.0,
      110.0,
      5.0,
      0.0,
      0.0
    ],
    [
      0.0,
      0.0,
      0.0,
      0.0,
      0.0,
      0.0,
      0.0,
      0.0,
      0.0,
      0.0,
      145.0,
      1645.0,
      1400.0,
      3930.0,
      49330.0,
      153585.0,
      706980.0,
      3602775.0,
      6879425.0,
      1738195.0,
      315415.0,
      47855.0,
      11465.0,
      8790.0,
      3050.0,
      15.0,
      25.0,
      5.0,
      0.0,
      0.0,
      0.0,
      0.0
    ],
    [
      0.0,
      0.0,
      0.0,
      0.0,
      0.0,
      0.0,
      0.0,
      0.0,
      5.0,
      0.0,
      520.0,
      3650.0,
      1985.0,
      4450.0,
      39695.0,
      102030.0,
      316570.0,
      704195.0,
      1938710.0,
      6317135.0,
      10666683870.0,
