{
  "baseline_mean": [
    -0.9975191695679105,
    4.299788764294542,
    9.507726956186751,
    3.9343775016817535,
    -1.2643293853980468,
    2.5844965795728925,
    5.508697880898552,
    6.292497545122345,
    -1.1882543400249275,
    4.6063632181637955,
    -0.3987744285201936,
    2.144615614957249,
    7.562087128875216,
    3.680380707371146,
    7.003477656910314,
    -4.999999693520315
  ],
  "baseline_stddev": [
    0.9774829535530293,
    1.1084597968466272,
    1.237075365777982,
    1.151446803038369,
    1.0426040835987924,
    1.2680181365356993,
    1.2955030758202477,
    1.2954562449073588,
    0.9958059900251172,
    1.082368082072658,
    1.0558225472128255,
    1.0851004219116536,
    1.0161406642008686,
    0.9880299447066482,
    1.050269232661496,
    0.9310694689296798
  ],
  "baselines": [
    -1.0,
    4.0,
    10.0,
    4.0,
    -1.0,
    3.0,
    6.0,
    6.0,
    -1.0,
    5.0,
    -0.0,
    2.0,
    8.0,
    4.0,
    7.0,
    -5.0
  ],
  "bl_range": [
    -15,
    -14,
    -13,
    -12,
    -11,
    -10,
    -9,
    -8,
    -7,
    -6,
    -5,
    -4,
    -3,
    -2,
    -1,
    0,
    1,
    2,
    3,
    4,
    5,
    6,
    7,
    8,
    9,
    10,
    11,
    12,
    13,
    14,
    15,
    16
  ],
  "ch_error": [
    0.0,
    0.0,
    0.0,
    0.0,
    0.0,
    0.0,
    0.0,
    0.0,
    0.0,
    0.0,
    0.0,
    0.0,
    0.0,
    0.0,
    0.0,
    0.0
  ],
  "noise_scan_raw": [
    [
      0.0,
      0.0,
      0.0,
      0.0,
      0.0,
      0.0,
      30.0,
      175.0,
      870.0,
      5860.0,
      34105.0,
      188505.0,
      709780.0,
      3430225.0,
      10113970.0,
      3186215.0,
      775995.0,
      238030.0,
      37965.0,
      5315.0,
      500.0,
      45.0,
      15.0,
      0.0,
      0.0,
      0.0,
      0.0,
      0.0,
      0.0,
      0.0,
      0.0,
      0.0
    ],
    [
      0.0,
      0.0,
      0.0,
      0.0,
      0.0,
      0.0,
      0.0,
      0.0,
      0.0,
      0.0,
      10.0,
      80.0,
      625.0,
      3555.0,
      13150.0,
      62920.0,
      256765.0,
      820015.0,
      2786095.0,
      9185025.0,
      6908210.0,
      1910095.0,
      380835.0,
      67520.0,
      19840.0,
      2730.0,
      530.0,
      70.0,
      10.0,
      5.0,
      0.0,
      0.0
    ],
    [
      0.0,
      0.0,
      0.0,
      0.0,
      0.0,
      0.0,
      0.0,
      0.0,
      0.0,
      0.0,
      0.0,
      0.0,
      0.0,
      5.0,
      5.0,
      95.0,
      675.0,
      2495.0,
      10920.0,
      54415.0,
      106785.0,
      302955.0,
      622000.0,
      1432330.0,
      7008265.0,
      7948535.0,
      1964170.0,
      482075.0,
      241810.0,
      56700.0,
      11440.0,
      1625.0
    ],
    [
      0.0,
      0.0,
      0.0,
      0.0,
      0.0,
      0.0,
      0.0,
      0.0,
      0.0,
      5.0,
      80.0,
      330.0,
      2060.0,
      11135.0,
      41745.0,
      151030.0,
      471295.0,
      1477630.0,
      5438380.0,
      11242650.0,
      5074375.0,
      1384325.0,
      289620.0,
      58740.0,
      12030.0,
      1935.0,
      330.0,
      35.0,
      10.0,
      0.0,
      0.0,
      0.0
    ],
    [
      0.0,
      0.0,
      0.0,
      0.0,
      5.0,
      20.0,
      120.0,
      1060.0,
      3250.0,
      17430.0,
      70350.0,
      313300.0,
      1297415.0,
      5562925.0,
      9345970.0,
      2199225.0,
      620420.0,
      214115.0,
      42325.0,
      6520.0,
      575.0,
      80.0,
      0.0,
      0.0,
      0.0,
      0.0,
      0.0,
      0.0,
      0.0,
      0.0,
      0.0,
      0.0
    ],
    [
      0.0,
      0.0,
      0.0,
      0.0,
      0.0,
      0.0,
      0.0,
      15.0,
      70.0,
      260.0,
      1080.0,
      6520.0,
      28840.0,
      116565.0,
      305550.0,
      668340.0,
      2079555.0,
      7240115.0,
      8071530.0,
      3299455.0,
      785665.0,
      244920.0,
      60270.0,
      10315.0,
      2130.0,
      520.0,
      110.0,
      15.0,
      0.0,
      5.0,
      0.0,
      0.0
    ],
    [
      0.0,
      0.0,
      0.0,
      0.0,
      0.0,
      0.0,
      0.0,
      0.0,
      0.0,
      5.0,
      25.0,
      65.0,
      325.0,
      1485.0,
      5550.0,
      21755.0,
      100300.0,
      326845.0,
      952530.0,
      3237620.0,
      5458105.0,
      9442230.0,
      2888180.0,
      683815.0,
      240920.0,
      56015.0,
      10590.0,
      2035.0,
      680.0,
      170.0,
      25.0,
      0.0
    ],
    [
      0.0,
      0.0,
      0.0,
      0.0,
      0.0,
      0.0,
      0.0,
      0.0,
      0.0,
      0.0,
      5.0,
      15.0,
      135.0,
      515.0,
      1525.0,
      6775.0,
      33600.0,
      147775.0,
      420125.0,
      1343955.0,
      3332350.0,
      8713495.0,
      7880285.0,
      2022235.0,
      782885.0,
      194370.0,
      51585.0,
      11515.0,
      1685.0,
      330.0,
      70.0,
      5.0
    ],
    [
      0.0,
      0.0,
      0.0,
      0.0,
      0.0,
      10.0,
      155.0,
      755.0,
      3945.0,
      17725.0,
      71925.0,
      268060.0,
      959680.0,
      4092470.0,
      9191635.0,
      2400850.0,
      499285.0,
      133465.0,
      19020.0,
      3870.0,
      285.0,
      70.0,
      0.0,
      0.0,
      0.0,
      0.0,
      0.0,
      0.0,
      0.0,
      0.0,
      0.0,
      0.0
    ],
    [
      0.0,
      0.0,
      0.0,
      0.0,
      0.0,
      0.0,
      0.0,
      0.0,
      0.0,
      10.0,
      20.0,
      75.0,
      510.0,
      2810.0,
      9575.0,
      35735.0,
      164935.0,
      534670.0,
      1824620.0,
      7125880.0,
      9603585.0,
      2574825.0,
      657215.0,
      122470.0,
      21665.0,
      4205.0,
      835.0,
      135.0,
      25.0,
      5.0,
      0.0,
      0.0
    ],
    [
      0.0,
      0.0,
      0.0,
      0.0,
      0.0,
      0.0,
      30.0,
      120.0,
      1150.0,
      5890.0,
      26240.0,
      111605.0,
      442475.0,
      1656735.0,
      7674720.0,
      8754735.0,
      2317325.0,
      697105.0,
      122130.0,
      31780.0,
      3500.0,
      540.0,
      50.0,
      5.0,
      0.0,
      0.0,
      0.0,
      0.0,
      0.0,
      0.0,
      0.0,
      0.0
    ],
    [
      0.0,
      0.0,
      0.0,
      0.0,
      0.0,
      0.0,
      0.0,
      0.0,
      10.0,
      120.0,
      680.0,
      4010.0,
      16220.0,
      67930.0,
      222395.0,
      757510.0,
      2391625.0,
      8665410.0,
      4120170.0,
      1221245.0,
      244600.0,
      44125.0,
      8430.0,
      1610.0,
      135.0,
      10.0,
      0.0,
      0.0,
      0.0,
      0.0,
      0.0,
      0.0
    ],
    [
      0.0,
      0.0,
      0.0,
      0.0,
      0.0,
      0.0,
      0.0,
      0.0,
      0.0,
      0.0,
      0.0,
      0.0,
      0.0,
      10.0,
      35.0,
      320.0,
      2000.0,
      9140.0,
      33380.0,
      159180.0,
      434725.0,
      1345380.0,
      6397115.0,
      8800390.0,
      1777140.0,
      335120.0,
      77620.0,
      18155.0,
      3525.0,
      605.0,
      75.0,
      0.0
    ],
    [
      0.0,
      0.0,
      0.0,
      0.0,
      0.0,
      0.0,
      0.0,
      0.0,
      0.0,
      15.0,
      40.0,
      165.0,
      1780.0,
      7765.0,
      28310.0,
      93710.0,
      351855.0,
      1038750.0,
      4333640.0,
      8947410.0,
      1651140.0,
      370850.0,
      58340.0,
      13645.0,
      3035.0,
      630.0,
      80.0,
      10.0,
      0.0,
      0.0,
      0.0,
      0.0
    ],
    [
      0.0,
      0.0,
      0.0,
      0.0,
      0.0,
      0.0,
      0.0,
      0.0,
      0.0,
      0.0,
      0.0,
      0.0,
      10.0,
      45.0,
      205.0,
      1105.0,
      5935.0,
      25085.0,
      88265.0,
      379750.0,
      911535.0,
      3094025.0,
      10631670.0,
      4249255.0,
      834935.0,
      172195.0,
      40370.0,
      8535.0,
      1630.0,
      225.0,
      25.0,
      0.0
    ],
    [
      0.0,
      0.0,
      5.0,
