{
  "baseline_mean": [
    -0.8943180861319857, 
    0.6071815867411132, 
    -0.006277518098738332, 
    0.07602920544623218, 
    -1.9693509985517523, 
    3.9626612690214302, 
    -4.905721434450545, 
    2.0676799084836577, 
    5.1088807170933315, 
    -0.5571114761733921, 
    0.9298535167129668, 
    1.6764601005459212, 
    5.879163966552416, 
    3.0008918610053277, 
    -2.3418276704419276, 
    0.5171088578333509
  ], 
  "baseline_stddev": [
    0.7882868227285027, 
    0.564902740035588, 
    0.17076847298773518, 
    0.2766054402623528, 
    0.1916622884652759, 
    0.2845147606338642, 
    0.34848095633516435, 
    0.4096245840705893, 
    0.5298399034919741, 
    0.5488151041876254, 
    0.3496871781934978, 
    0.4750072188677448, 
    0.32957651097107676, 
    0.12493385342019687, 
    0.4784158147694438, 
    0.5161024073624225
  ], 
  "baselines": [
    -1.0, 
    1.0, 
    -0.0, 
    0.0, 
    -2.0, 
    4.0, 
    -5.0, 
    2.0, 
    5.0, 
    -1.0, 
    1.0, 
    2.0, 
    6.0, 
    3.0, 
    -2.0, 
    1.0
  ], 
  "bl_range": [
    -15, 
    -14, 
    -13, 
    -12, 
    -11, 
    -10, 
    -9, 
    -8, 
    -7, 
    -6, 
    -5, 
    -4, 
    -3, 
    -2, 
    -1, 
    0, 
    1, 
    2, 
    3, 
    4, 
    5, 
    6, 
    7, 
    8, 
    9, 
    10, 
    11, 
    12, 
    13, 
    14, 
    15
  ], 
  "ch_error": [
    0.0, 
    0.0, 
    0.0, 
    0.0, 
    0.0, 
    0.0, 
    0.0, 
    0.0, 
    0.0, 
    0.0, 
    0.0, 
    0.0, 
    0.0, 
    0.0, 
    0.0, 
    0.0
  ], 
  "noise_scan_raw": [
    [
      0, 
      0, 
      0, 
      0, 
      0, 
      0, 
      0, 
      0, 
      0, 
      6, 
      126, 
      3857, 
      65304, 
      806007, 
      2284041, 
      1154018, 
      120841, 
      7202, 
      189, 
      11, 
      0, 
      0, 
      0, 
      0, 
      0, 
      0, 
      0, 
      0, 
      0, 
      0, 
      0
    ], 
    [
      0, 
      0, 
      0, 
      0, 
      0, 
      0, 
      0, 
      0, 
      0, 
      0, 
      0, 
      0, 
      0, 
      49, 
      13997, 
      515981, 
      721508, 
      37529, 
      94, 
      0, 
      0, 
      0, 
      0, 
      0, 
      0, 
      0, 
      0, 
      0, 
      0, 
      0, 
      0
    ], 
    [
      0, 
      0, 
      0, 
      0, 
      0, 
      0, 
      0, 
      0, 
      0, 
      0, 
      0, 
      0, 
      0, 
      11, 
      15777, 
      865937, 
      10176, 
      12, 
      0, 
      0, 
      0, 
      0, 
      0, 
      0, 
      0, 
      0, 
      0, 
      0, 
      0, 
      0, 
      0
    ], 
    [
      0, 
      0, 
      0, 
      0, 
      0, 
      0, 
      0, 
      0, 
      0, 
      0, 
      0, 
      0, 
      0, 
      1, 
      1721, 
      525466, 
      45103, 
      68, 
      0, 
      0, 
      0, 
      0, 
      0, 
      0, 
      0, 
      0, 
      0, 
      0, 
      0, 
      0, 
      0
    ], 
    [
      0, 
      0, 
      0, 
      0, 
      0, 
      0, 
      0, 
      0, 
      0, 
      0, 
      0, 
      3, 
      1431, 
      548541, 
      17742, 
      556, 
      0, 
      0, 
      0, 
      0, 
      0, 
      0, 
      0, 
      0, 
      0, 
      0, 
      0, 
      0, 
      0, 
      0, 
      0
    ], 
    [
      0, 
      0, 
      0, 
      0, 
      0, 
      0, 
      0, 
      0, 
      0, 
      0, 
      0, 
      0, 
      0, 
      0, 
      0, 
      0, 
      0, 
      173, 
      43174, 
      671137, 
      16173, 
      32, 
      0, 
      0, 
      0, 
      0, 
      0, 
      0, 
      0, 
      0, 
      0
    ], 
    [
      0, 
      0, 
      0, 
      0, 
      0, 
      0, 
      0, 
      1, 
      40, 
      14698, 
      743515, 
      94099, 
      543, 
      2, 
      0, 
      0, 
      0, 
      0, 
      0, 
      0, 
      0, 
      0, 
      0, 
      0, 
      0, 
      0, 
      0, 
      0, 
      0, 
      0, 
      0
    ], 
    [
      0, 
      0, 
      0, 
      0, 
      0, 
      0, 
      0, 
      0, 
      0, 
      0, 
      0, 
      0, 
      0, 
      0, 
      7, 
      2145, 
      88566, 
      1583987, 
      213105, 
      3821, 
      53, 
      0, 
      0, 
      0, 
      0, 
      0, 
      0, 
      0, 
      0, 
      0, 
      0
    ], 
    [
      0, 
      0, 
      0, 
      0, 
      0, 
      0, 
      0, 
      0, 
      0, 
      0, 
      0, 
      0, 
      0, 
      0, 
      0, 
      0, 
      0, 
      115, 
      3752, 
      132538, 
      1192684, 
      306623, 
      6208, 
      42, 
      0, 
      0, 
      0, 
      0, 
      0, 
      0, 
      0
    ], 
    [
      0, 
      0, 
      0, 
      0, 
      0, 
      0, 
      0, 
      0, 
      0, 
      0, 
      0, 
      1, 
      33, 
      9554, 
      435295, 
      337584, 
      11891, 
      27, 
      0, 
      0, 
      0, 
      0, 
      0, 
      0, 
      0, 
      0, 
      0, 
      0, 
      0, 
      0, 
      0
    ], 
    [
      0, 
      0, 
      0, 
      0, 
      0, 
      0, 
      0, 
      0, 
      0, 
      0, 
      0, 
      0, 
      0, 
      0, 
      514, 
      108174, 
      973323, 
      30908, 
      108, 
      1, 
      0, 
      0, 
      0, 
      0, 
      0, 
      0, 
      0, 
      0, 
      0, 
      0, 
      0
    ], 
    [
      0, 
      0, 
      0, 
      0, 
      0, 
      0, 
      0, 
      0, 
      0, 
      0, 
      0, 
      0, 
      0, 
      0, 
      0, 
      183, 
      64546, 
      133893, 
      491, 
      0, 
      0, 
      0, 
      0, 
      0, 
      0, 
      0, 
      0, 
      0, 
      0, 
      0, 
      0
    ], 
    [
      0, 
      0, 
      0, 
      0, 
      0, 
      0, 
      0, 
      0, 
      0, 
      0, 
      0, 
      0, 
      0, 
      0, 
      0, 
      0, 
      0, 
      0, 
      0, 
      35, 
      78043, 
      561598, 
      729, 
      0, 
      0, 
      0, 
      0, 
      0, 
      0, 
      0, 
      0
    ], 
    [
      0, 
      0, 
      0, 
      0, 
      0, 
      0, 
      0, 
      0, 
      0, 
      0, 
      0, 
      0, 
      0, 
      0, 
      0, 
      0, 
      9, 
      4298, 
      580644, 
      4812, 
      15, 
      0, 
      0, 
      0, 
      0, 
      0, 
      0, 
      0, 
      0, 
      0, 
      0
    ], 
    [
      0, 
      0, 
      0, 
      0, 
      0, 
      0, 
      0, 
      0, 
      0, 
      0, 
      0, 
      30, 
      49446, 
      94371, 
      248, 
      1, 
      0, 
      0, 
      0, 
      0, 
      0, 
      0, 
      0, 
      0, 
      0, 
      0, 
      0, 
      0, 
      0, 
      0, 
      0
    ], 
    [
      0, 
      0, 
      0, 
      0, 
      0, 
      0, 
      0, 
      0, 
      0, 
      0, 
      0, 
      0, 
      0, 
      4, 
      5161, 
      545483, 
      587057, 
      4334, 
      1, 
      0, 
      0, 
      0, 
      0, 
      0, 
      0, 
      0, 
      0, 
      0, 
      0, 
      0, 
      0
    ]
  ], 
  "t1_calib_efficiency": [
    0.999, 
    0.999, 
    0.999, 
    0.999, 
    0.999, 
    0.999, 
    0.999, 
    0.999, 
    0.999, 
    0.999, 
    0.999, 
    0.999, 
    0.999, 
    0.999, 
    0.999, 
    0.999
  ]
}