{
  "baseline_mean": [
    2.0984761158978804,
    7.007722305481462,
    1.8836196824365576,
    8.679591179322111,
    6.899874442048347,
    6.58804668133871,
    3.4907603985090505,
    11.75305789499762,
    9.079534294921913,
    1.0759364285477724,
    1.9982904392410015,
    1.0620233368353922,
    -2.6784528213714847,
    3.8235494406617776,
    3.241676941683078,
    9.0
  ],
  "baseline_stddev": [
    1.4173019492243233,
    1.3821303642221645,
    1.8547806594852723,
    1.1002656778833715,
    0.8965351741028613,
    0.9315903015110574,
    0.6885676807193876,
    1.5898977918989399,
    0.7858485416105429,
    0.792539508201103,
    0.7500611308013931,
    0.8667870166019351,
    0.7793732163432121,
    0.7498731094711681,
    0.9386740519111243,
    0.0
  ],
  "baselines": [
    2.0,
    7.0,
    2.0,
    9.0,
    7.0,
    7.0,
    3.0,
    12.0,
    9.0,
    1.0,
    2.0,
    1.0,
    -3.0,
    4.0,
    3.0,
    9.0
  ],
  "bl_range": [
    -15,
    -14,
    -13,
    -12,
    -11,
    -10,
    -9,
    -8,
    -7,
    -6,
    -5,
    -4,
    -3,
    -2,
    -1,
    0,
    1,
    2,
    3,
    4,
    5,
    6,
    7,
    8,
    9,
    10,
    11,
    12,
    13,
    14,
    15,
    16
  ],
  "ch_error": [
    0.0,
    0.0,
    0.0,
    0.0,
    0.0,
    0.0,
    0.0,
    0.0,
    0.0,
    0.0,
    0.0,
    0.0,
    0.0,
    0.0,
    0.0,
    0.0
  ],
  "noise_scan_raw": [
    [
      0.0,
      0.0,
      0.0,
      0.0,
      0.0,
      0.0,
      0.0,
      0.0,
      0.0,
      80.0,
      275.0,
      16580.0,
      514865.0,
      1090590.0,
      1429435.0,
      7996545.0,
      8497430.0,
      22776505.0,
      24058585.0,
      8150550.0,
      452920.0,
      174010.0,
      146010.0,
      10535.0,
      3635.0,
      70.0,
      100.0,
      0.0,
      0.0,
      0.0,
      0.0,
      0.0
    ],
    [
      0.0,
      0.0,
      0.0,
      0.0,
      0.0,
      0.0,
      0.0,
      0.0,
      0.0,
      0.0,
      0.0,
      0.0,
      0.0,
      20.0,
      20.0,
      545.0,
      67225.0,
      636850.0,
      850395.0,
      1071760.0,
      991030.0,
      7006905.0,
      7620260.0,
      19488145.0,
      370.0,
      15.0,
      10.0,
      0.0,
      0.0,
      0.0,
      0.0,
      0.0
    ],
    [
      0.0,
      0.0,
      0.0,
      0.0,
      0.0,
      0.0,
      0.0,
      0.0,
      0.0,
      15.0,
      15.0,
      40.0,
      5194070.0,
      2683550.0,
      3662320.0,
      3553360.0,
      20341275.0,
      21315190.0,
      22993455.0,
      20126590.0,
      4820.0,
      18880.0,
      15875.0,
      15775.0,
      0.0,
      0.0,
      0.0,
      0.0,
      0.0,
      0.0,
      0.0,
      0.0
    ],
    [
      0.0,
      0.0,
      0.0,
      0.0,
      0.0,
      0.0,
      0.0,
      0.0,
      0.0,
      0.0,
      0.0,
      0.0,
      0.0,
      0.0,
      0.0,
      0.0,
      0.0,
      5.0,
      5.0,
      55.0,
      17550.0,
      392105.0,
      1128955.0,
      5727525.0,
      5931515.0,
      1700930.0,
      961425.0,
      156690.0,
      1505.0,
      5.0,
      0.0,
      0.0
    ],
    [
      0.0,
      0.0,
      0.0,
      0.0,
      0.0,
      0.0,
      0.0,
      0.0,
      0.0,
      0.0,
      0.0,
      0.0,
      0.0,
      0.0,
      0.0,
      0.0,
      0.0,
      0.0,
      1720.0,
      19000.0,
      258155.0,
      7880705.0,
      11869590.0,
      2208455.0,
      1643130.0,
      178625.0,
      5200.0,
      5.0,
      0.0,
      0.0,
      0.0,
      0.0
    ],
    [
      0.0,
      0.0,
      0.0,
      0.0,
      0.0,
      0.0,
      0.0,
      0.0,
      0.0,
      0.0,
      0.0,
      0.0,
      0.0,
      0.0,
      0.0,
      0.0,
      0.0,
      5125.0,
      248980.0,
      1046680.0,
      489870.0,
      11560135.0,
      13979165.0,
      3088225.0,
      414520.0,
      24075.0,
      95.0,
      0.0,
      0.0,
      0.0,
      0.0,
      0.0
    ],
    [
      0.0,
      0.0,
      0.0,
      0.0,
      0.0,
      0.0,
      0.0,
      0.0,
      0.0,
      0.0,
      0.0,
      0.0,
      0.0,
      0.0,
      1705.0,
      2520.0,
      433285.0,
      719770.0,
      23831910.0,
      21397385.0,
      318390.0,
      989900.0,
      520.0,
      395.0,
      0.0,
      0.0,
      0.0,
      0.0,
      0.0,
      0.0,
      0.0,
      0.0
    ],
    [
      0.0,
      0.0,
      0.0,
      0.0,
      0.0,
      0.0,
      0.0,
      0.0,
      0.0,
      0.0,
      0.0,
      0.0,
      0.0,
      0.0,
      0.0,
      0.0,
      0.0,
      0.0,
      0.0,
      0.0,
      0.0,
      0.0,
      0.0,
      0.0,
      5827705.0,
      6917950.0,
      19088170.0,
      19792985.0,
      7169850.0,
      6672890.0,
      1802560.0,
      1853465.0
    ],
    [
      0.0,
      0.0,
      0.0,
      0.0,
      0.0,
      0.0,
      0.0,
      0.0,
      0.0,
      0.0,
      0.0,
      0.0,
      0.0,
      0.0,
      0.0,
      0.0,
      0.0,
      0.0,
      0.0,
      0.0,
      350.0,
      34500.0,
      778350.0,
      6982590.0,
      22614590.0,
      9158095.0,
      1156325.0,
      131860.0,
      6925.0,
      45.0,
      0.0,
      0.0
    ],
    [
      0.0,
      0.0,
      0.0,
      0.0,
      0.0,
      0.0,
      0.0,
      0.0,
      0.0,
      0.0,
      0.0,
      15.0,
      2700.0,
      31705.0,
      839205.0,
      7306070.0,
      24411760.0,
      8553680.0,
      1842220.0,
      39600.0,
      220.0,
      0.0,
      0.0,
      0.0,
      0.0,
      0.0,
      0.0,
      0.0,
      0.0,
      0.0,
      0.0,
      0.0
    ],
    [
      0.0,
      0.0,
      0.0,
      0.0,
      0.0,
      0.0,
      0.0,
      0.0,
      0.0,
      0.0,
      0.0,
      0.0,
      15.0,
      340.0,
      65050.0,
      850860.0,
      8949965.0,
      26042315.0,
      8930740.0,
      839135.0,
      49435.0,
      3175.0,
      15.0,
      0.0,
      0.0,
      0.0,
      0.0,
      0.0,
      0.0,
      0.0,
      0.0,
      0.0
    ],
    [
      0.0,
      0.0,
      0.0,
      0.0,
      0.0,
      0.0,
      0.0,
      0.0,
      0.0,
      0.0,
      0.0,
      330.0,
      10105.0,
      79610.0,
      1017635.0,
      8387610.0,
      22695470.0,
      7990170.0,
      2557040.0,
      82345.0,
      2090.0,
      25.0,
      0.0,
      0.0,
      0.0,
      0.0,
      0.0,
      0.0,
      0.0,
      0.0,
      0.0,
      0.0
    ],
    [
      0.0,
      0.0,
      0.0,
      0.0,
      0.0,
      0.0,
      0.0,
      0.0,
      780.0,
      35540.0,
      313520.0,
      2177370.0,
      17373485.0,
      8664350.0,
      1552530.0,
      241730.0,
      46315.0,
      2355.0,
      20.0,
      0.0,
      0.0,
      0.0,
      0.0,
      0.0,
      0.0,
      0.0,
      0.0,
      0.0,
      0.0,
      0.0,
      0.0,
      0.0
    ],
    [
      0.0,
      0.0,
      0.0,
      0.0,
      0.0,
      0.0,
      0.0,
      0.0,
      0.0,
      0.0,
      0.0,
      0.0,
      0.0,
      0.0,
      65.0,
      4910.0,
      171105.0,
      1788900.0,
      7902570.0,
      24648365.0,
      3968120.0,
      490320.0,
      52940.0,
      3870.0,
      650.0,
      25.0,
      0.0,
      0.0,
      0.0,
      0.0,
      0.0,
      0.0
    ],
    [
      0.0,
      0.0,
      0.0,
      0.0,
      0.0,
      0.0,
      0.0,
      0.0,
      0.0,
      0.0,
      0.0,
      0.0,
      25.0,
      610.0,
      11025.0,
      121880.0,
      1259920.0,
      6626365.0,
      26075655.0,
      12813600.0,
      2959995.0,
      810740.0,
      139205.0,
      22125.0,
      2150.0,
      95.0,
      0.0,
      0.0,
      0.0,
      0.0,
      0.0,
      0.0
    ],
    [
      0.0,
      0.0,
      0.0,
      0.0,
      0.0,
      0.0,
      0.0,
      0.0,
      0.0,
      0.0,
      0.0,
      0.0,
      0.0,
      0.0,
      0.0,
      0.0,
      0.0,
      0.0,
      0.0,
      0.0,
      0.0,
      0.0,
      0.0,
      0.0,
      38380.0,
      0.0,
      0.0,
      0.0,
      0.0,
      0.0,
      0.0,
