{
  "baseline_mean": [
    4.431916419429744,
    7.6533117217172935,
    5.642674091163813,
    3.6714542504931957,
    7.734759734697627,
    4.791703246435205,
    8.173385831801085,
    4.169942550438168,
    4.291250517227166,
    0.765184417879492,
    7.554746070141191,
    3.2589607885852763,
    7.497834566839209,
    3.7022195753051665,
    9.385242511325437,
    0.6962031123187127
  ],
  "baseline_stddev": [
    1.059416158794141,
    1.1351532511124216,
    1.1643454365157926,
    0.9785266907758133,
    1.2768323022868064,
    1.0995747350667482,
    1.2664657627709113,
    1.0889279432853305,
    1.2458137314010762,
    1.0925634471312213,
    1.0661557592421127,
    1.0629663193594652,
    1.0896602511704994,
    0.9411000979729025,
    0.8966457098395728,
    0.8964555211047697
  ],
  "baselines": [
    4.0,
    8.0,
    6.0,
    4.0,
    8.0,
    5.0,
    8.0,
    4.0,
    4.0,
    1.0,
    8.0,
    3.0,
    7.0,
    4.0,
    9.0,
    1.0
  ],
  "bl_range": [
    -15,
    -14,
    -13,
    -12,
    -11,
    -10,
    -9,
    -8,
    -7,
    -6,
    -5,
    -4,
    -3,
    -2,
    -1,
    0,
    1,
    2,
    3,
    4,
    5,
    6,
    7,
    8,
    9,
    10,
    11,
    12,
    13,
    14,
    15,
    16
  ],
  "ch_error": [
    0.0,
    0.0,
    0.0,
    0.0,
    0.0,
    0.0,
    0.0,
    0.0,
    0.0,
    0.0,
    0.0,
    0.0,
    0.0,
    0.0,
    0.0,
    0.0
  ],
  "noise_scan_raw": [
    [
      0.0,
      0.0,
      0.0,
      0.0,
      0.0,
      0.0,
      0.0,
      0.0,
      0.0,
      0.0,
      0.0,
      15.0,
      100.0,
      700.0,
      6420.0,
      27505.0,
      132020.0,
      649385.0,
      4507155.0,
      10649685.0,
      10759260.0,
      3391535.0,
      517880.0,
      97195.0,
      24400.0,
      4390.0,
      615.0,
      110.0,
      25.0,
      0.0,
      0.0,
      0.0
    ],
    [
      0.0,
      0.0,
      0.0,
      0.0,
      0.0,
      0.0,
      0.0,
      0.0,
      0.0,
      0.0,
      0.0,
      0.0,
      0.0,
      0.0,
      35.0,
      205.0,
      2230.0,
      13840.0,
      90105.0,
      250145.0,
      716220.0,
      1572955.0,
      4447700.0,
      10924585.0,
      2622830.0,
      445755.0,
      104790.0,
      19430.0,
      5205.0,
      845.0,
      105.0,
      5.0
    ],
    [
      0.0,
      0.0,
      0.0,
      0.0,
      0.0,
      0.0,
      0.0,
      0.0,
      0.0,
      0.0,
      0.0,
      0.0,
      0.0,
      70.0,
      710.0,
      4705.0,
      23535.0,
      149875.0,
      831860.0,
      2939260.0,
      6356465.0,
      10248860.0,
      3969445.0,
      973660.0,
      104195.0,
      17640.0,
      3955.0,
      615.0,
      220.0,
      10.0,
      0.0,
      0.0
    ],
    [
      0.0,
      0.0,
      0.0,
      0.0,
      0.0,
      0.0,
      0.0,
      0.0,
      0.0,
      0.0,
      5.0,
      50.0,
      370.0,
      2145.0,
      15145.0,
      62825.0,
      265455.0,
      1319535.0,
      6774795.0,
      8125115.0,
      2903295.0,
      433375.0,
      58820.0,
      9545.0,
      1155.0,
      140.0,
      30.0,
      0.0,
      0.0,
      0.0,
      0.0,
      0.0
    ],
    [
      0.0,
      0.0,
      0.0,
      0.0,
      0.0,
      0.0,
      0.0,
      0.0,
      0.0,
      0.0,
      0.0,
      0.0,
      0.0,
      5.0,
      125.0,
      685.0,
      4220.0,
      23760.0,
      145525.0,
      390135.0,
      998680.0,
      2054065.0,
      5550650.0,
      11582895.0,
      5035520.0,
      970220.0,
      226175.0,
      47965.0,
      15640.0,
      3010.0,
      505.0,
      110.0
    ],
    [
      0.0,
      0.0,
      0.0,
      0.0,
      0.0,
      0.0,
      0.0,
      0.0,
      0.0,
      0.0,
      0.0,
      25.0,
      100.0,
      530.0,
      4315.0,
      19490.0,
      84810.0,
      412555.0,
      2406395.0,
      7072570.0,
      11449625.0,
      4795840.0,
      1063365.0,
      230635.0,
      42495.0,
      8740.0,
      1865.0,
      320.0,
      115.0,
      15.0,
      0.0,
      0.0
    ],
    [
      0.0,
      0.0,
      0.0,
      0.0,
      0.0,
      0.0,
      0.0,
      0.0,
      0.0,
      0.0,
      0.0,
      0.0,
      0.0,
      10.0,
      75.0,
      430.0,
      3025.0,
      17975.0,
      103485.0,
      298340.0,
      655840.0,
      1471745.0,
      3950485.0,
      11194670.0,
      9627685.0,
      2111655.0,
      484275.0,
      94250.0,
      37205.0,
      6650.0,
      1290.0,
      200.0
    ],
    [
      0.0,
      0.0,
      0.0,
      0.0,
      0.0,
      0.0,
      0.0,
      0.0,
      0.0,
      0.0,
      15.0,
      75.0,
      430.0,
      3115.0,
      15695.0,
      70355.0,
      250895.0,
      1258670.0,
      5808985.0,
      11878690.0,
      8904085.0,
      2060375.0,
      434500.0,
      68515.0,
      14065.0,
      2265.0,
      520.0,
      60.0,
      30.0,
      0.0,
      0.0,
      0.0
    ],
    [
      0.0,
      0.0,
      0.0,
      0.0,
      0.0,
      0.0,
      0.0,
      0.0,
      0.0,
      5.0,
      0.0,
      40.0,
      410.0,
      2490.0,
      28630.0,
      109890.0,
      402205.0,
      1096585.0,
      3676570.0,
      9090275.0,
      7396445.0,
      2230550.0,
      759270.0,
      164690.0,
      25905.0,
      3965.0,
      920.0,
      145.0,
      20.0,
      10.0,
      0.0,
      0.0
    ],
    [
      0.0,
      0.0,
      0.0,
      0.0,
      0.0,
      0.0,
      5.0,
      25.0,
      80.0,
      435.0,
      2835.0,
      14510.0,
      81660.0,
      344670.0,
      1608745.0,
      6119325.0,
      9450615.0,
      2789015.0,
      1024595.0,
      230520.0,
      34095.0,
      4770.0,
      570.0,
      65.0,
      10.0,
      0.0,
      0.0,
      0.0,
      0.0,
      0.0,
      0.0,
      0.0
    ],
    [
      0.0,
      0.0,
      0.0,
      0.0,
      0.0,
      0.0,
      0.0,
      0.0,
      0.0,
      0.0,
      0.0,
      0.0,
      0.0,
      0.0,
      55.0,
      150.0,
      1115.0,
      8330.0,
      56025.0,
      169280.0,
      604325.0,
      1304870.0,
      5456320.0,
      8790090.0,
      1611040.0,
      383190.0,
      81060.0,
      10140.0,
      1305.0,
      130.0,
      20.0,
      0.0
    ],
    [
      0.0,
      0.0,
      0.0,
      0.0,
      0.0,
      0.0,
      0.0,
      0.0,
      0.0,
      0.0,
      0.0,
      20.0,
      550.0,
      3475.0,
      42700.0,
      192410.0,
      835595.0,
      2028445.0,
      7082960.0,
      6073555.0,
      1011095.0,
      235680.0,
      45900.0,
      5025.0,
      525.0,
      65.0,
      20.0,
      5.0,
      0.0,
      0.0,
      0.0,
      0.0
    ],
    [
      0.0,
      0.0,
      0.0,
      0.0,
      0.0,
      0.0,
      0.0,
      0.0,
      0.0,
      0.0,
      0.0,
      0.0,
      0.0,
      0.0,
      35.0,
      165.0,
      1295.0,
      10660.0,
      76395.0,
      241675.0,
      670085.0,
      1539815.0,
      7108830.0,
      8731375.0,
      2010710.0,
      425110.0,
      76015.0,
      7755.0,
      1055.0,
      135.0,
      15.0,
      5.0
    ],
    [
      0.0,
      0.0,
      0.0,
      0.0,
      0.0,
      0.0,
      0.0,
      0.0,
      0.0,
      0.0,
      0.0,
      0.0,
      45.0,
      375.0,
      9190.0,
      54820.0,
      332990.0,
      1063225.0,
      4795860.0,
      9092700.0,
      1920885.0,
      401550.0,
      54470.0,
      4515.0,
      610.0,
      70.0,
      10.0,
      5.0,
      0.0,
      0.0,
      0.0,
      0.0
    ],
    [
      0.0,
      0.0,
      0.0,
      0.0,
      0.0,
      0.0,
      0.0,
      0.0,
      0.0,
      0.0,
      0.0,
      0.0,
      0.0,
      0.0,
      0.0,
      0.0,
      0.0,
      40.0,
      210.0,
      1165.0,
      9100.0,
      41525.0,
      210640.0,
      868995.0,
      4567485.0,
      3717010.0,
      668355.0,
      94570.0,
      10400.0,
      955.0,
      90.0,
      15.0
    ],
    [
      0.0,
      0.0,
      0.0,
      0.0,
      0.0,
      0.0,
      0.0,
      0.0,
      5.0,
