{
  "baseline_mean": [
    10.487278888948964,
    -0.2734619759791607,
    3.980404148878307,
    -1.4819949841934832,
    2.598013451215173,
    8.845340624524413,
    1.5873633091081982,
    -0.04339634203635086,
    3.878207052852812,
    7.800907437711217,
    8.093027418023894,
    4.807942287160853,
    7.89661700865427,
    6.207601238802655,
    5.0606101988890515,
    5.563769522045982
  ],
  "baseline_stddev": [
    0.7048170221637541,
    0.7080765610329297,
    0.6529674144961898,
    0.5958913899524954,
    0.5806668962260816,
    0.48887541117697547,
    0.6042497588607797,
    0.3507552284423665,
    0.6133449738649809,
    0.6440051867656349,
    0.5739928037227904,
    0.46476356147139697,
    0.6511204240263082,
    0.8314839066201668,
    0.7893758608251731,
    0.6353406325972071
  ],
  "baselines": [
    10.0,
    -0.0,
    4.0,
    -1.0,
    3.0,
    9.0,
    2.0,
    -0.0,
    4.0,
    8.0,
    8.0,
    5.0,
    8.0,
    6.0,
    5.0,
    6.0
  ],
  "bl_range": [
    -15,
    -14,
    -13,
    -12,
    -11,
    -10,
    -9,
    -8,
    -7,
    -6,
    -5,
    -4,
    -3,
    -2,
    -1,
    0,
    1,
    2,
    3,
    4,
    5,
    6,
    7,
    8,
    9,
    10,
    11,
    12,
    13,
    14,
    15,
    16
  ],
  "ch_error": [
    0.0,
    0.0,
    0.0,
    0.0,
    0.0,
    0.0,
    0.0,
    0.0,
    0.0,
    0.0,
    0.0,
    0.0,
    0.0,
    0.0,
    0.0,
    0.0
  ],
  "noise_scan_raw": [
    [
      0.0,
      0.0,
      0.0,
      0.0,
      0.0,
      0.0,
      0.0,
      0.0,
      0.0,
      0.0,
      0.0,
      0.0,
      0.0,
      0.0,
      0.0,
      0.0,
      0.0,
      0.0,
      0.0,
      0.0,
      100.0,
      175.0,
      1710.0,
      18065.0,
      257660.0,
      1848450.0,
      2035215.0,
      173320.0,
      11225.0,
      430.0,
      155.0,
      10.0
    ],
    [
      0.0,
      0.0,
      0.0,
      0.0,
      0.0,
      0.0,
      0.0,
      0.0,
      5.0,
      35.0,
      655.0,
      3005.0,
      25840.0,
      244955.0,
      1850010.0,
      4009160.0,
      504715.0,
      41570.0,
      5105.0,
      355.0,
      35.0,
      0.0,
      0.0,
      0.0,
      0.0,
      0.0,
      0.0,
      0.0,
      0.0,
      0.0,
      0.0,
      0.0
    ],
    [
      0.0,
      0.0,
      0.0,
      0.0,
      0.0,
      0.0,
      0.0,
      0.0,
      0.0,
      0.0,
      0.0,
      0.0,
      0.0,
      10.0,
      325.0,
      10285.0,
      16690.0,
      174520.0,
      1392600.0,
      6928090.0,
      1417435.0,
      102845.0,
      4525.0,
      110.0,
      95.0,
      5.0,
      0.0,
      0.0,
      0.0,
      0.0,
      0.0,
      0.0
    ],
    [
      0.0,
      0.0,
      0.0,
      0.0,
      0.0,
      0.0,
      0.0,
      0.0,
      0.0,
      5.0,
      455.0,
      5505.0,
      96315.0,
      2453110.0,
      2494665.0,
      151080.0,
      2315.0,
      95.0,
      5.0,
      0.0,
      0.0,
      0.0,
      0.0,
      0.0,
      0.0,
      0.0,
      0.0,
      0.0,
      0.0,
      0.0,
      0.0,
      0.0
    ],
    [
      0.0,
      0.0,
      0.0,
      0.0,
      0.0,
      0.0,
      0.0,
      0.0,
      0.0,
      0.0,
      0.0,
      0.0,
      0.0,
      0.0,
      310.0,
      18925.0,
      68305.0,
      2000795.0,
      2972955.0,
      103365.0,
      6605.0,
      20.0,
      0.0,
      0.0,
      0.0,
      0.0,
      0.0,
      0.0,
      0.0,
      0.0,
      0.0,
      0.0
    ],
    [
      0.0,
      0.0,
      0.0,
      0.0,
      0.0,
      0.0,
      0.0,
      0.0,
      0.0,
      0.0,
      0.0,
      0.0,
      0.0,
      0.0,
      0.0,
      0.0,
      0.0,
      0.0,
      0.0,
      10.0,
      630.0,
      1740.0,
      51810.0,
      1031220.0,
      4452225.0,
      241120.0,
      3475.0,
      90.0,
      0.0,
      0.0,
      0.0,
      0.0
    ],
    [
      0.0,
      0.0,
      0.0,
      0.0,
      0.0,
      0.0,
      0.0,
      0.0,
      0.0,
      0.0,
      0.0,
      0.0,
      0.0,
      55.0,
      3895.0,
      120210.0,
      1286865.0,
      2044810.0,
      74310.0,
      3305.0,
      70.0,
      0.0,
      0.0,
      0.0,
      0.0,
      0.0,
      0.0,
      0.0,
      0.0,
      0.0,
      0.0,
      0.0
    ],
    [
      0.0,
      0.0,
      0.0,
      0.0,
      0.0,
      0.0,
      0.0,
      0.0,
      0.0,
      0.0,
      0.0,
      0.0,
      90.0,
      9085.0,
      481770.0,
      5399230.0,
      224180.0,
      5045.0,
      125.0,
      0.0,
      0.0,
      0.0,
      0.0,
      0.0,
      0.0,
      0.0,
      0.0,
      0.0,
      0.0,
      0.0,
      0.0,
      0.0
    ],
    [
      0.0,
      0.0,
      0.0,
      0.0,
      0.0,
      0.0,
      0.0,
      0.0,
      0.0,
      0.0,
      0.0,
      0.0,
      0.0,
      5.0,
      0.0,
      220.0,
      2505.0,
      50195.0,
      744405.0,
      2417210.0,
      385600.0,
      13230.0,
      345.0,
      0.0,
      0.0,
      0.0,
      0.0,
      0.0,
      0.0,
      0.0,
      0.0,
      0.0
    ],
    [
      0.0,
      0.0,
      0.0,
      0.0,
      0.0,
      0.0,
      0.0,
      0.0,
      0.0,
      0.0,
      0.0,
      0.0,
      0.0,
      0.0,
      0.0,
      0.0,
      0.0,
      5.0,
      20.0,
      575.0,
      22805.0,
      152430.0,
      1242205.0,
      3918030.0,
      390190.0,
      38480.0,
      930.0,
      10.0,
      5.0,
      0.0,
      0.0,
      0.0
    ],
    [
      0.0,
      0.0,
      0.0,
      0.0,
      0.0,
      0.0,
      0.0,
      0.0,
      0.0,
      0.0,
      0.0,
      0.0,
      0.0,
      0.0,
      0.0,
      0.0,
      0.0,
      0.0,
      0.0,
      65.0,
      3385.0,
      22530.0,
      251045.0,
      2325985.0,
      508425.0,
      44540.0,
      870.0,
      20.0,
      0.0,
      0.0,
      0.0,
      0.0
    ],
    [
      0.0,
      0.0,
      0.0,
      0.0,
      0.0,
      0.0,
      0.0,
      0.0,
      0.0,
      0.0,
      0.0,
      0.0,
      0.0,
      0.0,
      0.0,
      0.0,
      0.0,
      105.0,
      15970.0,
      722035.0,
      2645835.0,
      84905.0,
      1415.0,
      20.0,
      0.0,
      0.0,
      0.0,
      0.0,
      0.0,
      0.0,
      0.0,
      0.0
    ],
    [
      0.0,
      0.0,
      0.0,
      0.0,
      0.0,
      0.0,
      0.0,
      0.0,
      0.0,
      0.0,
      0.0,
      0.0,
      0.0,
      0.0,
      0.0,
      0.0,
      0.0,
      0.0,
      55.0,
      1090.0,
      37275.0,
      256365.0,
      1797890.0,
      7606375.0,
      1065325.0,
      112380.0,
      3900.0,
      90.0,
      10.0,
      0.0,
      0.0,
      0.0
    ],
    [
      0.0,
      0.0,
      0.0,
      0.0,
      0.0,
      0.0,
      0.0,
      0.0,
      0.0,
      0.0,
      0.0,
      0.0,
      0.0,
      0.0,
      0.0,
      15.0,
      75.0,
      780.0,
      11855.0,
      112630.0,
      1143390.0,
      4259185.0,
      2118485.0,
      406790.0,
      47455.0,
      3820.0,
      110.0,
      5.0,
      5.0,
      0.0,
      0.0,
      0.0
    ],
    [
      0.0,
      0.0,
      0.0,
      0.0,
      0.0,
      0.0,
      0.0,
      0.0,
      0.0,
      0.0,
      0.0,
      0.0,
      0.0,
      5.0,
      20.0,
      610.0,
      2880.0,
      26170.0,
      249370.0,
      1452390.0,
      6034175.0,
      1928445.0,
      298895.0,
      30480.0,
      7950.0,
      580.0,
      5.0,
      0.0,
      0.0,
      0.0,
      0.0,
      0.0
    ],
    [
      0.0,
      0.0,
      0.0,
      0.0,
      0.0,
      0.0,
      0.0,
      0.0,
      0.0,
      0.0,
      0.0,
      0.0,
      0.0,
      0.0,
      0.0,
      0.0,
      5.0,
      140.0,
      7715.0,
      161520.0,
      1783130.0,
      2400875.0,
      149480.0,
      6080.0,
      365.0,
      15.0,
      0.0,
      0.0,
      0.0,
      0.0,
      0.0,
      0.0
    ]
  ]
}