{
  "baseline_mean": [
    4.9989082451227045, 
    1.0505450941526262, 
    -0.9931291153736043, 
    6.817325800376647, 
    6.998240262787423, 
    7.0360551431601275, 
    1.1899940440738537, 
    6.008846517220648, 
    5.747740345110929, 
    1.3679369250985547, 
    7.625523686754752, 
    4.5869699783348805, 
    6.224355523655721, 
    8.997363061031498, 
    -1.7619147016944854, 
    2.9238940272957925
  ], 
  "baseline_stddev": [
    0.08380938711548029, 
    0.2933390022922687, 
    0.15857501245331226, 
    0.5875042214642338, 
    0.11202542319188069, 
    0.494695215713896, 
    0.5777242221986999, 
    0.20136287526423408, 
    0.716948411973004, 
    0.5627248109347326, 
    0.5837870713908208, 
    0.770666587702477, 
    0.5511919578173696, 
    0.1370805870192145, 
    0.46928190642432593, 
    0.2777249838782085
  ], 
  "baselines": [
    5.0, 
    1.0, 
    -1.0, 
    7.0, 
    7.0, 
    7.0, 
    1.0, 
    6.0, 
    6.0, 
    1.0, 
    8.0, 
    5.0, 
    6.0, 
    9.0, 
    -2.0, 
    3.0
  ], 
  "bl_range": [
    -15, 
    -14, 
    -13, 
    -12, 
    -11, 
    -10, 
    -9, 
    -8, 
    -7, 
    -6, 
    -5, 
    -4, 
    -3, 
    -2, 
    -1, 
    0, 
    1, 
    2, 
    3, 
    4, 
    5, 
    6, 
    7, 
    8, 
    9, 
    10, 
    11, 
    12, 
    13, 
    14, 
    15
  ], 
  "ch_error": [
    0.0, 
    0.0, 
    0.0, 
    0.0, 
    0.0, 
    0.0, 
    0.0, 
    0.0, 
    0.0, 
    0.0, 
    0.0, 
    0.0, 
    0.0, 
    0.0, 
    0.0, 
    0.0
  ], 
  "noise_scan_raw": [
    [
      0, 
      0, 
      0, 
      0, 
      0, 
      0, 
      0, 
      0, 
      0, 
      0, 
      0, 
      0, 
      0, 
      0, 
      0, 
      0, 
      0, 
      7, 
      19, 
      67, 
      41966, 
      70, 
      5, 
      0, 
      0, 
      0, 
      0, 
      0, 
      0, 
      0, 
      0
    ], 
    [
      0, 
      0, 
      0, 
      0, 
      0, 
      0, 
      0, 
      0, 
      0, 
      0, 
      0, 
      0, 
      0, 
      0, 
      2, 
      74, 
      4652, 
      301, 
      16, 
      0, 
      0, 
      0, 
      0, 
      0, 
      0, 
      0, 
      0, 
      0, 
      0, 
      0, 
      0
    ], 
    [
      0, 
      0, 
      0, 
      0, 
      0, 
      0, 
      0, 
      0, 
      0, 
      0, 
      0, 
      0, 
      5, 
      59, 
      10295, 
      100, 
      19, 
      1, 
      0, 
      0, 
      0, 
      0, 
      0, 
      0, 
      0, 
      0, 
      0, 
      0, 
      0, 
      0, 
      0
    ], 
    [
      0, 
      0, 
      0, 
      0, 
      0, 
      0, 
      0, 
      0, 
      0, 
      0, 
      0, 
      0, 
      0, 
      0, 
      0, 
      0, 
      0, 
      0, 
      0, 
      0, 
      19, 
      92, 
      387, 
      33, 
      0, 
      0, 
      0, 
      0, 
      0, 
      0, 
      0
    ], 
    [
      0, 
      0, 
      0, 
      0, 
      0, 
      0, 
      0, 
      0, 
      0, 
      0, 
      0, 
      0, 
      0, 
      0, 
      0, 
      0, 
      0, 
      0, 
      0, 
      0, 
      14, 
      79, 
      16879, 
      75, 
      1, 
      0, 
      0, 
      0, 
      0, 
      0, 
      0
    ], 
    [
      0, 
      0, 
      0, 
      0, 
      0, 
      0, 
      0, 
      0, 
      0, 
      0, 
      0, 
      0, 
      0, 
      0, 
      0, 
      0, 
      0, 
      0, 
      0, 
      0, 
      7, 
      62, 
      780, 
      78, 
      16, 
      0, 
      0, 
      0, 
      0, 
      0, 
      0
    ], 
    [
      0, 
      0, 
      0, 
      0, 
      0, 
      0, 
      0, 
      0, 
      0, 
      0, 
      0, 
      0, 
      0, 
      0, 
      11, 
      86, 
      1187, 
      363, 
      32, 
      0, 
      0, 
      0, 
      0, 
      0, 
      0, 
      0, 
      0, 
      0, 
      0, 
      0, 
      0
    ], 
    [
      0, 
      0, 
      0, 
      0, 
      0, 
      0, 
      0, 
      0, 
      0, 
      0, 
      0, 
      0, 
      0, 
      0, 
      0, 
      0, 
      0, 
      0, 
      2, 
      20, 
      71, 
      11371, 
      139, 
      39, 
      1, 
      0, 
      0, 
      0, 
      0, 
      0, 
      0
    ], 
    [
      0, 
      0, 
      0, 
      0, 
      0, 
      0, 
      0, 
      0, 
      0, 
      0, 
      0, 
      0, 
      0, 
      0, 
      0, 
      0, 
      0, 
      2, 
      21, 
      55, 
      192, 
      883, 
      62, 
      2, 
      0, 
      0, 
      0, 
      0, 
      0, 
      0, 
      0
    ], 
    [
      0, 
      0, 
      0, 
      0, 
      0, 
      0, 
      0, 
      0, 
      0, 
      0, 
      0, 
      0, 
      0, 
      7, 
      48, 
      119, 
      7483, 
      4331, 
      180, 
      7, 
      1, 
      0, 
      0, 
      0, 
      0, 
      0, 
      0, 
      0, 
      0, 
      0, 
      0
    ], 
    [
      0, 
      0, 
      0, 
      0, 
      0, 
      0, 
      0, 
      0, 
      0, 
      0, 
      0, 
      0, 
      0, 
      0, 
      0, 
      0, 
      0, 
      0, 
      1, 
      5, 
      40, 
      103, 
      3321, 
      5699, 
      95, 
      44, 
      1, 
      0, 
      0, 
      0, 
      0
    ], 
    [
      0, 
      0, 
      0, 
      0, 
      0, 
      0, 
      0, 
      0, 
      0, 
      0, 
      0, 
      0, 
      0, 
      0, 
      0, 
      0, 
      10, 
      57, 
      2893, 
      2236, 
      14018, 
      121, 
      48, 
      3, 
      0, 
      0, 
      0, 
      0, 
      0, 
      0, 
      0
    ], 
    [
      0, 
      0, 
      0, 
      0, 
      0, 
      0, 
      0, 
      0, 
      0, 
      0, 
      0, 
      0, 
      0, 
      0, 
      0, 
      0, 
      0, 
      12, 
      51, 
      68, 
      139, 
      12454, 
      3836, 
      97, 
      51, 
      11, 
      0, 
      0, 
      0, 
      0, 
      0
    ], 
    [
      0, 
      0, 
      0, 
      0, 
      0, 
      0, 
      0, 
      0, 
      0, 
      0, 
      0, 
      0, 
      0, 
      0, 
      0, 
      0, 
      0, 
      0, 
      0, 
      2, 
      17, 
      63, 
      104, 
      545, 
      163878, 
      210, 
      78, 
      49, 
      18, 
      0, 
      0
    ], 
    [
      0, 
      0, 
      0, 
      0, 
      0, 
      0, 
      0, 
      2, 
      17, 
      47, 
      66, 
      100, 
      207, 
      101454, 
      31918, 
      169, 
      91, 
      52, 
      18, 
      0, 
      0, 
      0, 
      0, 
      0, 
      0, 
      0, 
      0, 
      0, 
      0, 
      0, 
      0
    ], 
    [
      0, 
      0, 
      0, 
      0, 
      0, 
      0, 
      0, 
      0, 
      0, 
      0, 
      5, 
      24, 
      49, 
      63, 
      93, 
      139, 
      508, 
      178581, 
      2153860, 
      2454, 
      163, 
      90, 
      52, 
      27, 
      3, 
      0, 
      0, 
      0, 
      0, 
      0, 
      0
    ]
  ], 
  "t1_calib_efficiency": [
    0.999, 
    0.999, 
    0.999, 
    0.999, 
    0.999, 
    0.999, 
    0.999, 
    0.999, 
    0.999, 
    0.999, 
    0.999, 
    0.999, 
    0.999, 
    0.999, 
    0.999, 
    0.999
  ]
}