{
  "baseline_mean": [
    1.8651514679299384,
    -0.9725499026680815,
    -0.040614406946290496,
    3.5185049226103073,
    0.9369527675947528,
    4.359660616525531,
    2.209899646088453,
    2.6760153283219292,
    5.80612463572699,
    8.661119222657684,
    6.315664681306641,
    7.330253114263352,
    2.9595741355008953,
    3.502889913233356,
    10.776836164394904,
    3.6889408618584705
  ],
  "baseline_stddev": [
    0.549933738473607,
    0.4852014462836387,
    0.5094187898069323,
    0.5322041377052583,
    0.3930519880861386,
    0.532147288894896,
    0.4973726852769741,
    0.49474464232343257,
    0.6766990935020581,
    0.7701840163747625,
    0.8124880192838254,
    0.7785618069475871,
    0.6008901751476822,
    0.8331665751882961,
    0.8154791604853417,
    0.7683191029792388
  ],
  "baselines": [
    2.0,
    -1.0,
    -0.0,
    4.0,
    1.0,
    4.0,
    2.0,
    3.0,
    6.0,
    9.0,
    6.0,
    7.0,
    3.0,
    4.0,
    11.0,
    4.0
  ],
  "bl_range": [
    -15,
    -14,
    -13,
    -12,
    -11,
    -10,
    -9,
    -8,
    -7,
    -6,
    -5,
    -4,
    -3,
    -2,
    -1,
    0,
    1,
    2,
    3,
    4,
    5,
    6,
    7,
    8,
    9,
    10,
    11,
    12,
    13,
    14,
    15,
    16
  ],
  "ch_error": [
    0.0,
    0.0,
    0.0,
    0.0,
    0.0,
    0.0,
    0.0,
    0.0,
    0.0,
    0.0,
    0.0,
    0.0,
    0.0,
    0.0,
    0.0,
    0.0
  ],
  "noise_scan_raw": [
    [
      0.0,
      0.0,
      0.0,
      0.0,
      0.0,
      0.0,
      0.0,
      0.0,
      0.0,
      0.0,
      0.0,
      0.0,
      0.0,
      20.0,
      3005.0,
      103315.0,
      2124505.0,
      7840605.0,
      806780.0,
      30675.0,
      335.0,
      0.0,
      0.0,
      0.0,
      0.0,
      0.0,
      0.0,
      0.0,
      0.0,
      0.0,
      0.0,
      0.0
    ],
    [
      0.0,
      0.0,
      0.0,
      0.0,
      0.0,
      0.0,
      0.0,
      0.0,
      0.0,
      0.0,
      0.0,
      905.0,
      28260.0,
      882895.0,
      7740655.0,
      1112985.0,
      47420.0,
      1230.0,
      5.0,
      0.0,
      0.0,
      0.0,
      0.0,
      0.0,
      0.0,
      0.0,
      0.0,
      0.0,
      0.0,
      0.0,
      0.0,
      0.0
    ],
    [
      0.0,
      0.0,
      0.0,
      0.0,
      0.0,
      0.0,
      0.0,
      0.0,
      0.0,
      0.0,
      0.0,
      5.0,
      290.0,
      35630.0,
      1296395.0,
      7255960.0,
      914520.0,
      32950.0,
      275.0,
      0.0,
      0.0,
      0.0,
      0.0,
      0.0,
      0.0,
      0.0,
      0.0,
      0.0,
      0.0,
      0.0,
      0.0,
      0.0
    ],
    [
      0.0,
      0.0,
      0.0,
      0.0,
      0.0,
      0.0,
      0.0,
      0.0,
      0.0,
      0.0,
      0.0,
      0.0,
      0.0,
      0.0,
      0.0,
      0.0,
      100.0,
      34115.0,
      1139075.0,
      1311850.0,
      7440.0,
      0.0,
      0.0,
      0.0,
      0.0,
      0.0,
      0.0,
      0.0,
      0.0,
      0.0,
      0.0,
      0.0
    ],
    [
      0.0,
      0.0,
      0.0,
      0.0,
      0.0,
      0.0,
      0.0,
      0.0,
      0.0,
      0.0,
      0.0,
      0.0,
      0.0,
      5.0,
      6010.0,
      510555.0,
      4050065.0,
      217915.0,
      1465.0,
      0.0,
      0.0,
      0.0,
      0.0,
      0.0,
      0.0,
      0.0,
      0.0,
      0.0,
      0.0,
      0.0,
      0.0,
      0.0
    ],
    [
      0.0,
      0.0,
      0.0,
      0.0,
      0.0,
      0.0,
      0.0,
      0.0,
      0.0,
      0.0,
      0.0,
      0.0,
      0.0,
      0.0,
      0.0,
      0.0,
      20.0,
      1390.0,
      80550.0,
      2591780.0,
      1561095.0,
      27475.0,
      125.0,
      0.0,
      0.0,
      0.0,
      0.0,
      0.0,
      0.0,
      0.0,
      0.0,
      0.0
    ],
    [
      0.0,
      0.0,
      0.0,
      0.0,
      0.0,
      0.0,
      0.0,
      0.0,
      0.0,
      0.0,
      0.0,
      0.0,
      0.0,
      0.0,
      20.0,
      4660.0,
      255935.0,
      5428780.0,
      1767415.0,
      35060.0,
      115.0,
      0.0,
      0.0,
      0.0,
      0.0,
      0.0,
      0.0,
      0.0,
      0.0,
      0.0,
      0.0,
      0.0
    ],
    [
      0.0,
      0.0,
      0.0,
      0.0,
      0.0,
      0.0,
      0.0,
      0.0,
      0.0,
      0.0,
      0.0,
      0.0,
      0.0,
      0.0,
      0.0,
      50.0,
      10750.0,
      941000.0,
      1911970.0,
      26300.0,
      5.0,
      0.0,
      0.0,
      0.0,
      0.0,
      0.0,
      0.0,
      0.0,
      0.0,
      0.0,
      0.0,
      0.0
    ],
    [
      0.0,
      0.0,
      0.0,
      0.0,
      0.0,
      0.0,
      0.0,
      0.0,
      0.0,
      0.0,
      0.0,
      0.0,
      0.0,
      0.0,
      0.0,
      15.0,
      155.0,
      2265.0,
      32370.0,
      299205.0,
      2122785.0,
      6223190.0,
      854570.0,
      50360.0,
      3750.0,
      640.0,
      0.0,
      0.0,
      0.0,
      0.0,
      0.0,
      0.0
    ],
    [
      0.0,
      0.0,
      0.0,
      0.0,
      0.0,
      0.0,
      0.0,
      0.0,
      0.0,
      0.0,
      0.0,
      0.0,
      0.0,
      0.0,
      0.0,
      0.0,
      0.0,
      15.0,
      40.0,
      1680.0,
      27260.0,
      80445.0,
      533570.0,
      3645185.0,
      6417110.0,
      916265.0,
      84705.0,
      4835.0,
      555.0,
      35.0,
      0.0,
      0.0
    ],
    [
      0.0,
      0.0,
      0.0,
      0.0,
      0.0,
      0.0,
      0.0,
      0.0,
      0.0,
      0.0,
      0.0,
      0.0,
      0.0,
      0.0,
      0.0,
      45.0,
      920.0,
      4790.0,
      34810.0,
      226960.0,
      1447980.0,
      7537365.0,
      5159810.0,
      725880.0,
      52370.0,
      15150.0,
      210.0,
      15.0,
      5.0,
      0.0,
      0.0,
      0.0
    ],
    [
      0.0,
      0.0,
      0.0,
      0.0,
      0.0,
      0.0,
      0.0,
      0.0,
      0.0,
      0.0,
      0.0,
      0.0,
      0.0,
      0.0,
      0.0,
      0.0,
      0.0,
      25.0,
      300.0,
      8055.0,
      93960.0,
      557760.0,
      3786780.0,
      2290905.0,
      357065.0,
      39305.0,
      1125.0,
      30.0,
      5.0,
      0.0,
      0.0,
      0.0
    ],
    [
      0.0,
      0.0,
      0.0,
      0.0,
      0.0,
      0.0,
      0.0,
      0.0,
      0.0,
      0.0,
      0.0,
      0.0,
      0.0,
      45.0,
      1090.0,
      12480.0,
      144790.0,
      1633320.0,
      8144515.0,
      1274415.0,
      105960.0,
      5985.0,
      720.0,
      0.0,
      0.0,
      0.0,
      0.0,
      0.0,
      0.0,
      0.0,
      0.0,
      0.0
    ],
    [
      0.0,
      0.0,
      0.0,
      0.0,
      0.0,
      0.0,
      0.0,
      0.0,
      0.0,
      0.0,
      0.0,
      0.0,
      5.0,
      75.0,
      2225.0,
      14670.0,
      119065.0,
      758895.0,
      5980210.0,
      4833415.0,
      1129150.0,
      143165.0,
      15250.0,
      695.0,
      90.0,
      20.0,
      0.0,
      0.0,
      0.0,
      0.0,
      0.0,
      0.0
    ],
    [
      0.0,
      0.0,
      0.0,
      0.0,
      0.0,
      0.0,
      0.0,
      0.0,
      0.0,
      0.0,
      0.0,
      0.0,
      0.0,
      0.0,
      0.0,
      0.0,
      0.0,
      0.0,
      0.0,
      45.0,
      1095.0,
      3790.0,
      25155.0,
      116275.0,
      703655.0,
      4009085.0,
      9029905.0,
      1802710.0,
      216410.0,
      26800.0,
      4485.0,
      135.0
    ],
    [
      0.0,
      0.0,
      0.0,
      0.0,
      0.0,
      0.0,
      0.0,
      0.0,
      0.0,
      0.0,
      0.0,
      0.0,
      0.0,
      40.0,
      625.0,
      5540.0,
      56520.0,
      422090.0,
      3627060.0,
      5688035.0,
      999650.0,
      113820.0,
      12775.0,
      440.0,
      25.0,
      0.0,
      0.0,
      0.0,
      0.0,
      0.0,
      0.0,
      0.0
    ]
  ]
}