{
  "baseline_mean": [
    6.003687769315692,
    3.682733394183368,
    8.997321601905751,
    5.004281993608103,
    9.992238554387889,
    7.0982166731084035,
    10.001885577443405,
    5.996191926621302,
    0.0,
    10.052631578947368,
    8.000072574207127,
    4.99809885931559,
    1.0,
    6.976539589442815,
    6.0,
    1.0
  ],
  "baseline_stddev": [
    0.121066033746152,
    1.34210991315244,
    0.09425787446415589,
    0.12116393190917024,
    0.1444980031478727,
    1.482027466541995,
    0.1390768943761219,
    0.18758261167416201,
    0.0,
    0.22329687826943606,
    0.00851874052376565,
    0.0435606054653597,
    0.0,
    0.15136056188344799,
    0.0,
    0.0
  ],
  "baselines": [
    6.0,
    4.0,
    9.0,
    5.0,
    10.0,
    7.0,
    10.0,
    6.0,
    0.0,
    10.0,
    8.0,
    5.0,
    1.0,
    7.0,
    6.0,
    1.0
  ],
  "bl_range": [
    -15,
    -14,
    -13,
    -12,
    -11,
    -10,
    -9,
    -8,
    -7,
    -6,
    -5,
    -4,
    -3,
    -2,
    -1,
    0,
    1,
    2,
    3,
    4,
    5,
    6,
    7,
    8,
    9,
    10,
    11,
    12,
    13,
    14,
    15,
    16
  ],
  "ch_error": [
    0.0,
    0.0,
    0.0,
    0.0,
    0.0,
    0.0,
    0.0,
    0.0,
    0.0,
    0.0,
    0.0,
    0.0,
    0.0,
    0.0,
    0.0,
    0.0
  ],
  "noise_scan_raw": [
    [
      0.0,
      0.0,
      0.0,
      0.0,
      0.0,
      0.0,
      0.0,
      0.0,
      0.0,
      0.0,
      0.0,
      0.0,
      0.0,
      5.0,
      95.0,
      2875.0,
      30415.0,
      262830.0,
      981370.0,
      2926060.0,
      6993700.0,
      10670627300.0,
      17676705.0,
      9122695.0,
      4548700.0,
      1371265.0,
      259390.0,
      27790.0,
      1155.0,
      10.0,
      0.0,
      0.0
    ],
    [
      0.0,
      0.0,
      0.0,
      0.0,
      0.0,
      0.0,
      0.0,
      0.0,
      0.0,
      0.0,
      0.0,
      0.0,
      20.0,
      1600.0,
      33005.0,
      308365.0,
      1389430.0,
      5496670.0,
      13583975.0,
      12127920.0,
      6752820.0,
      3106100.0,
      932385.0,
      114230.0,
      4445.0,
      10.0,
      0.0,
      0.0,
      0.0,
      0.0,
      0.0,
      0.0
    ],
    [
      0.0,
      0.0,
      0.0,
      0.0,
      0.0,
      0.0,
      0.0,
      0.0,
      0.0,
      0.0,
      0.0,
      0.0,
      0.0,
      0.0,
      0.0,
      0.0,
      5.0,
      270.0,
      9345.0,
      128605.0,
      578325.0,
      2566530.0,
      7237455.0,
      13911285.0,
      10667869045.0,
      5912460.0,
      1686775.0,
      308890.0,
      53385.0,
      2810.0,
      45.0,
      0.0
    ],
    [
      0.0,
      0.0,
      0.0,
      0.0,
      0.0,
      0.0,
      0.0,
      0.0,
      0.0,
      0.0,
      0.0,
      0.0,
      0.0,
      5.0,
      725.0,
      13410.0,
      122875.0,
      822705.0,
      2641250.0,
      6559885.0,
      10664613295.0,
      20204245.0,
      9786065.0,
      4648450.0,
      1444400.0,
      229165.0,
      15050.0,
      385.0,
      20.0,
      0.0,
      0.0,
      0.0
    ],
    [
      0.0,
      0.0,
      0.0,
      0.0,
      0.0,
      0.0,
      0.0,
      0.0,
      0.0,
      0.0,
      0.0,
      0.0,
      0.0,
      0.0,
      0.0,
      0.0,
      15.0,
      685.0,
      14295.0,
      163530.0,
      684580.0,
      2822530.0,
      7911225.0,
      15200565.0,
      17252890.0,
      10661186060.0,
      2522910.0,
      574755.0,
      120205.0,
      10035.0,
      235.0,
      10.0
    ],
    [
      0.0,
      0.0,
      0.0,
      0.0,
      0.0,
      0.0,
      0.0,
      0.0,
      0.0,
      0.0,
      0.0,
      0.0,
      0.0,
      0.0,
      10.0,
      435.0,
      9635.0,
      98385.0,
      537965.0,
      1777210.0,
      4920485.0,
      11942835.0,
      19167780.0,
      11823600.0,
      6645780.0,
      2573095.0,
      589925.0,
      99730.0,
      6330.0,
      185.0,
      10.0,
      0.0
    ],
    [
      0.0,
      0.0,
      0.0,
      0.0,
      0.0,
      0.0,
      0.0,
      0.0,
      0.0,
      0.0,
      0.0,
      0.0,
      0.0,
      0.0,
      0.0,
      0.0,
      10.0,
      295.0,
      3885.0,
      48525.0,
      167460.0,
      967745.0,
      2738720.0,
      6047835.0,
      9023320.0,
      10669592740.0,
      16697285.0,
      7663155.0,
      4338150.0,
      1667695.0,
      479015.0,
      78800.0
    ],
    [
      0.0,
      0.0,
      0.0,
      0.0,
      0.0,
      0.0,
      0.0,
      0.0,
      0.0,
      5.0,
      115.0,
      980.0,
      7540.0,
      47070.0,
      171910.0,
      577590.0,
      1423205.0,
      3943120.0,
      7049110.0,
      11419420.0,
      18098225.0,
      10674784385.0,
      13183705.0,
      7672705.0,
      3787165.0,
      1512340.0,
      484165.0,
      108895.0,
      21445.0,
      2075.0,
      140.0,
      15.0
    ],
    [
      0.0,
      0.0,
      0.0,
      0.0,
      0.0,
      0.0,
      0.0,
      0.0,
      0.0,
      0.0,
      0.0,
      0.0,
      0.0,
      0.0,
      0.0,
      3440.0,
      0.0,
      0.0,
      0.0,
      0.0,
      0.0,
      0.0,
      0.0,
      0.0,
      0.0,
      0.0,
      0.0,
      0.0,
      0.0,
      0.0,
      0.0,
      0.0
    ],
    [
      0.0,
      0.0,
      0.0,
      0.0,
      0.0,
      0.0,
      0.0,
      0.0,
      0.0,
      0.0,
      0.0,
      0.0,
      0.0,
      0.0,
      0.0,
      0.0,
      0.0,
      0.0,
      0.0,
      0.0,
      0.0,
      0.0,
      0.0,
      0.0,
      0.0,
      360.0,
      20.0,
      0.0,
      0.0,
      0.0,
      0.0,
      0.0
    ],
    [
      0.0,
      0.0,
      0.0,
      0.0,
      0.0,
      0.0,
      0.0,
      0.0,
      0.0,
      0.0,
      0.0,
      0.0,
      0.0,
      0.0,
      0.0,
      0.0,
      0.0,
      0.0,
      0.0,
      0.0,
      0.0,
      0.0,
      0.0,
      68890.0,
      5.0,
      0.0,
      0.0,
      0.0,
      0.0,
      0.0,
      0.0,
      0.0
    ],
    [
      0.0,
      0.0,
      0.0,
      0.0,
      0.0,
      0.0,
      0.0,
      0.0,
      0.0,
      0.0,
      0.0,
      0.0,
      0.0,
      0.0,
      0.0,
      0.0,
      0.0,
      0.0,
      0.0,
      5.0,
      2625.0,
      0.0,
      0.0,
      0.0,
      0.0,
      0.0,
      0.0,
      0.0,
      0.0,
      0.0,
      0.0,
      0.0
    ],
    [
      0.0,
      0.0,
      0.0,
      0.0,
      0.0,
      0.0,
      0.0,
      0.0,
      0.0,
      0.0,
      0.0,
      0.0,
      0.0,
      0.0,
      0.0,
      0.0,
      4505.0,
      0.0,
      0.0,
      0.0,
      0.0,
      0.0,
      0.0,
      0.0,
      0.0,
      0.0,
      0.0,
      0.0,
      0.0,
      0.0,
      0.0,
      0.0
    ],
    [
      0.0,
      0.0,
      0.0,
      0.0,
      0.0,
      0.0,
      0.0,
      0.0,
      0.0,
      0.0,
      0.0,
      0.0,
      0.0,
      0.0,
      0.0,
      0.0,
      0.0,
      0.0,
      0.0,
      0.0,
      0.0,
      80.0,
      3330.0,
      0.0,
      0.0,
      0.0,
      0.0,
      0.0,
      0.0,
      0.0,
      0.0,
      0.0
    ],
    [
      0.0,
      0.0,
      0.0,
      0.0,
      0.0,
      0.0,
      0.0,
      0.0,
      0.0,
      0.0,
      0.0,
      0.0,
      0.0,
      0.0,
      0.0,
      0.0,
      0.0,
      0.0,
      0.0,
      0.0,
      0.0,
      183370.0,
      0.0,
      0.0,
      0.0,
      0.0,
      0.0,
      0.0,
      0.0,
      0.0,
      0.0,
      0.0
    ],
    [
      0.0,
      0.0,
      0.0,
      0.0,
      0.0,
      0.0,
      0.0,
      0.0,
      0.0,
      0.0,
      0.0,
      0.0,
      0.0,
      0.0,
      0.0,
      0.0,
      25460.0,
      0.0,
      0.0,
      0.0,
      0.0,
      0.0,
      0.0,
      0.0,
      0.0,
      0.0,
      0.0,
      0.0,
      0.0,
      0.0,
      0.0,
      0.0
    ]
  ]
}