{
  "baseline_mean": [
    6.009061491567359, 
    0.1900209207072452, 
    -5.616184555639795, 
    4.9038353515355215, 
    -0.8036916231818187, 
    1.811836125890877, 
    4.1923800398605495, 
    1.191899494612377, 
    -0.8340624265808946, 
    7.3620763418783115, 
    -0.4054930552421325, 
    2.449166303426275, 
    -0.9940942396743878, 
    -3.1095725466586392, 
    6.081303304728384, 
    1.559158549834761
  ], 
  "baseline_stddev": [
    1.1450827138973425, 
    1.0352878470597964, 
    1.0358136368065067, 
    1.0210922412587367, 
    0.9155831006066666, 
    0.8711327891498307, 
    0.7735063695043856, 
    0.7826846717065771, 
    0.9496908637448859, 
    0.6263837465409453, 
    0.6897102835478351, 
    0.5121741529705393, 
    0.15025203859306202, 
    0.3166004693265182, 
    0.28040080249568644, 
    0.5690063404233254
  ], 
  "baselines": [
    6.0, 
    0.0, 
    -6.0, 
    5.0, 
    -1.0, 
    2.0, 
    4.0, 
    1.0, 
    -1.0, 
    7.0, 
    -0.0, 
    2.0, 
    -1.0, 
    -3.0, 
    6.0, 
    2.0
  ], 
  "bl_range": [
    -15, 
    -14, 
    -13, 
    -12, 
    -11, 
    -10, 
    -9, 
    -8, 
    -7, 
    -6, 
    -5, 
    -4, 
    -3, 
    -2, 
    -1, 
    0, 
    1, 
    2, 
    3, 
    4, 
    5, 
    6, 
    7, 
    8, 
    9, 
    10, 
    11, 
    12, 
    13, 
    14, 
    15
  ], 
  "ch_error": [
    0.0, 
    0.0, 
    0.0, 
    0.0, 
    0.0, 
    0.0, 
    0.0, 
    0.0, 
    0.0, 
    0.0, 
    0.0, 
    0.0, 
    0.0, 
    0.0, 
    0.0, 
    0.0
  ], 
  "noise_scan_raw": [
    [
      0, 
      0, 
      0, 
      0, 
      0, 
      0, 
      0, 
      0, 
      0, 
      0, 
      0, 
      0, 
      0, 
      6, 
      23, 
      181, 
      1477, 
      21346, 
      80574, 
      467729, 
      1525629, 
      2380967, 
      1682929, 
      479389, 
      60471, 
      7227, 
      987, 
      102, 
      12, 
      1, 
      0
    ], 
    [
      0, 
      0, 
      0, 
      0, 
      0, 
      0, 
      0, 
      0, 
      12, 
      62, 
      661, 
      5848, 
      32455, 
      218845, 
      1110288, 
      2462159, 
      1642030, 
      471991, 
      60417, 
      10367, 
      1325, 
      63, 
      4, 
      0, 
      0, 
      0, 
      0, 
      0, 
      0, 
      0, 
      0
    ], 
    [
      0, 
      0, 
      4, 
      28, 
      368, 
      2745, 
      23286, 
      154994, 
      769893, 
      2012019, 
      1821101, 
      583677, 
      76833, 
      8093, 
      811, 
      101, 
      12, 
      0, 
      0, 
      0, 
      0, 
      0, 
      0, 
      0, 
      0, 
      0, 
      0, 
      0, 
      0, 
      0, 
      0
    ], 
    [
      0, 
      0, 
      0, 
      0, 
      0, 
      0, 
      0, 
      0, 
      0, 
      0, 
      0, 
      0, 
      0, 
      7, 
      78, 
      655, 
      5627, 
      63601, 
      319427, 
      1292072, 
      2143667, 
      1157193, 
      204522, 
      22674, 
      2710, 
      297, 
      29, 
      1, 
      0, 
      0, 
      0
    ], 
    [
      0, 
      0, 
      0, 
      0, 
      0, 
      0, 
      0, 
      0, 
      10, 
      101, 
      1264, 
      14683, 
      112163, 
      722294, 
      2258998, 
      1185563, 
      310638, 
      29504, 
      2576, 
      205, 
      14, 
      1, 
      0, 
      0, 
      0, 
      0, 
      0, 
      0, 
      0, 
      0, 
      0
    ], 
    [
      0, 
      0, 
      0, 
      0, 
      0, 
      0, 
      0, 
      0, 
      0, 
      0, 
      0, 
      4, 
      108, 
      1358, 
      22574, 
      200606, 
      1143360, 
      2102531, 
      565367, 
      119839, 
      9239, 
      408, 
      23, 
      0, 
      0, 
      0, 
      0, 
      0, 
      0, 
      0, 
      0
    ], 
    [
      0, 
      0, 
      0, 
      0, 
      0, 
      0, 
      0, 
      0, 
      0, 
      0, 
      0, 
      0, 
      0, 
      1, 
      5, 
      114, 
      2456, 
      66999, 
      391836, 
      1863620, 
      923168, 
      121555, 
      5314, 
      192, 
      7, 
      0, 
      0, 
      0, 
      0, 
      0, 
      0
    ], 
    [
      0, 
      0, 
      0, 
      0, 
      0, 
      0, 
      0, 
      0, 
      0, 
      0, 
      0, 
      5, 
      148, 
      2404, 
      48583, 
      467622, 
      1745087, 
      980554, 
      98798, 
      12121, 
      503, 
      14, 
      1, 
      0, 
      0, 
      0, 
      0, 
      0, 
      0, 
      0, 
      0
    ], 
    [
      0, 
      0, 
      0, 
      0, 
      0, 
      0, 
      1, 
      4, 
      34, 
      374, 
      3544, 
      38417, 
      193499, 
      968121, 
      2559098, 
      1736900, 
      315302, 
      26270, 
      2214, 
      207, 
      31, 
      1, 
      0, 
      0, 
      0, 
      0, 
      0, 
      0, 
      0, 
      0, 
      0
    ], 
    [
      0, 
      0, 
      0, 
      0, 
      0, 
      0, 
      0, 
      0, 
      0, 
      0, 
      0, 
      0, 
      0, 
      0, 
      0, 
      0, 
      0, 
      0, 
      17, 
      282, 
      3138, 
      91686, 
      1105166, 
      703161, 
      48628, 
      1922, 
      51, 
      1, 
      0, 
      0, 
      0
    ], 
    [
      0, 
      0, 
      0, 
      0, 
      0, 
      0, 
      0, 
      0, 
      0, 
      2, 
      20, 
      541, 
      8500, 
      132302, 
      1455829, 
      1836843, 
      231771, 
      11653, 
      543, 
      21, 
      1, 
      0, 
      0, 
      0, 
      0, 
      0, 
      0, 
      0, 
      0, 
      0, 
      0
    ], 
    [
      0, 
      0, 
      0, 
      0, 
      0, 
      0, 
      0, 
      0, 
      0, 
      0, 
      0, 
      0, 
      0, 
      0, 
      0, 
      4, 
      594, 
      114741, 
      92492, 
      932, 
      6, 
      0, 
      0, 
      0, 
      0, 
      0, 
      0, 
      0, 
      0, 
      0, 
      0
    ], 
    [
      0, 
      0, 
      0, 
      0, 
      0, 
      0, 
      0, 
      0, 
      0, 
      0, 
      0, 
      0, 
      22, 
      9832, 
      1161441, 
      16841, 
      26, 
      0, 
      0, 
      0, 
      0, 
      0, 
      0, 
      0, 
      0, 
      0, 
      0, 
      0, 
      0, 
      0, 
      0
    ], 
    [
      0, 
      0, 
      0, 
      0, 
      0, 
      0, 
      0, 
      0, 
      0, 
      0, 
      2, 
      19519, 
      156316, 
      227, 
      2, 
      0, 
      0, 
      0, 
      0, 
      0, 
      0, 
      0, 
      0, 
      0, 
      0, 
      0, 
      0, 
      0, 
      0, 
      0, 
      0
    ], 
    [
      0, 
      0, 
      0, 
      0, 
      0, 
      0, 
      0, 
      0, 
      0, 
      0, 
      0, 
      0, 
      0, 
      0, 
      0, 
      0, 
      0, 
      0, 
      0, 
      0, 
      2328, 
      1110494, 
      100896, 
      58, 
      0, 
      0, 
      0, 
      0, 
      0, 
      0, 
      0
    ], 
    [
      0, 
      0, 
      0, 
      0, 
      0, 
      0, 
      0, 
      0, 
      0, 
      0, 
      0, 
      0, 
      0, 
      0, 
      78, 
      27794, 
      296129, 
      465899, 
      2589, 
      0, 
      0, 
      0, 
      0, 
      0, 
      0, 
      0, 
      0, 
      0, 
      0, 
      0, 
      0
    ]
  ], 
  "t1_calib_efficiency": [
    0.999, 
    0.999, 
    0.999, 
    0.999, 
    0.999, 
    0.999, 
    0.999, 
    0.999, 
    0.992, 
    0.992, 
    0.992, 
    0.992, 
    0.992, 
    0.992, 
    0.992, 
    0.99
  ]
}