{
  "baseline_mean": [
    0.0,
    0.0,
    0.0,
    0.6365987959134058,
    0.0,
    0.0,
    0.0,
    0.5644305163029382,
    0.0,
    0.0,
    1.2381745993912454,
    0.0,
    1.0471389249641365,
    0.0,
    0.0,
    0.5184659961364975
  ],
  "baseline_stddev": [
    -1.0,
    -1.0,
    -1.0,
    9.2432063579604,
    -1.0,
    -1.0,
    -1.0,
    9.226609287015435,
    -1.0,
    -1.0,
    9.370488985329136,
    -1.0,
    9.278241302631967,
    -1.0,
    -1.0,
    9.199200037720027
  ],
  "baselines": [
    0.0,
    0.0,
    0.0,
    1.0,
    0.0,
    0.0,
    0.0,
    1.0,
    0.0,
    0.0,
    1.0,
    0.0,
    1.0,
    0.0,
    0.0,
    1.0
  ],
  "bl_range": [
    -15,
    -14,
    -13,
    -12,
    -11,
    -10,
    -9,
    -8,
    -7,
    -6,
    -5,
    -4,
    -3,
    -2,
    -1,
    0,
    1,
    2,
    3,
    4,
    5,
    6,
    7,
    8,
    9,
    10,
    11,
    12,
    13,
    14,
    15,
    16
  ],
  "ch_error": [
    1.0,
    1.0,
    1.0,
    1.0,
    1.0,
    1.0,
    1.0,
    1.0,
    1.0,
    1.0,
    1.0,
    1.0,
    1.0,
    1.0,
    1.0,
    1.0
  ],
  "noise_scan_raw": [
    [
      0.0,
      0.0,
      0.0,
      0.0,
      0.0,
      0.0,
      0.0,
      0.0,
      0.0,
      0.0,
      0.0,
      0.0,
      0.0,
      0.0,
      0.0,
      0.0,
      0.0,
      0.0,
      0.0,
      0.0,
      0.0,
      0.0,
      0.0,
      0.0,
      0.0,
      0.0,
      0.0,
      0.0,
      0.0,
      0.0,
      0.0,
      0.0
    ],
    [
      0.0,
      0.0,
      0.0,
      0.0,
      0.0,
      0.0,
      0.0,
      0.0,
      0.0,
      0.0,
      0.0,
      0.0,
      0.0,
      0.0,
      0.0,
      0.0,
      0.0,
      0.0,
      0.0,
      0.0,
      0.0,
      0.0,
      0.0,
      0.0,
      0.0,
      0.0,
      0.0,
      0.0,
      0.0,
      0.0,
      0.0,
      0.0
    ],
    [
      0.0,
      0.0,
      0.0,
      0.0,
      0.0,
      0.0,
      0.0,
      0.0,
      0.0,
      0.0,
      0.0,
      0.0,
      0.0,
      0.0,
      0.0,
      0.0,
      0.0,
      0.0,
      0.0,
      0.0,
      0.0,
      0.0,
      0.0,
      0.0,
      0.0,
      0.0,
      0.0,
      0.0,
      0.0,
      0.0,
      0.0,
      0.0
    ],
    [
      15402040.0,
      15829015.0,
      14495215.0,
      13702445.0,
      12999455.0,
      13262040.0,
      14090430.0,
      13773270.0,
      13567595.0,
      14305790.0,
      13761175.0,
      13764575.0,
      14131710.0,
      14219815.0,
      13557590.0,
      13134850.0,
      15161905.0,
      15158685.0,
      14935705.0,
      14271350.0,
      14983045.0,
      15442485.0,
      15272620.0,
      15363380.0,
      15885150.0,
      16185590.0,
      15213905.0,
      12823910.0,
      14250365.0,
      14723670.0,
      13971190.0,
      14344250.0
    ],
    [
      0.0,
      0.0,
      0.0,
      0.0,
      0.0,
      0.0,
      0.0,
      0.0,
      0.0,
      0.0,
      0.0,
      0.0,
      0.0,
      0.0,
      0.0,
      0.0,
      0.0,
      0.0,
      0.0,
      0.0,
      0.0,
      0.0,
      0.0,
      0.0,
      0.0,
      0.0,
      0.0,
      0.0,
      0.0,
      0.0,
      0.0,
      0.0
    ],
    [
      0.0,
      0.0,
      0.0,
      0.0,
      0.0,
      0.0,
      0.0,
      0.0,
      0.0,
      0.0,
      0.0,
      0.0,
      0.0,
      0.0,
      0.0,
      0.0,
      0.0,
      0.0,
      0.0,
      0.0,
      0.0,
      0.0,
      0.0,
      0.0,
      0.0,
      0.0,
      0.0,
      0.0,
      0.0,
      0.0,
      0.0,
      0.0
    ],
    [
      0.0,
      0.0,
      0.0,
      0.0,
      0.0,
      0.0,
      0.0,
      0.0,
      0.0,
      0.0,
      0.0,
      0.0,
      0.0,
      0.0,
      0.0,
      0.0,
      0.0,
      0.0,
      0.0,
      0.0,
      0.0,
      0.0,
      0.0,
      0.0,
      0.0,
      0.0,
      0.0,
      0.0,
      0.0,
      0.0,
      0.0,
      0.0
    ],
    [
      13376265.0,
      13770955.0,
      13571225.0,
      13375540.0,
      12845015.0,
      13175685.0,
      13975380.0,
      13327065.0,
      13603005.0,
      14294225.0,
      14139410.0,
      13797325.0,
      13933560.0,
      14226995.0,
      13854215.0,
      12859295.0,
      13273470.0,
      13328705.0,
      13780790.0,
      12937605.0,
      13349635.0,
      13735905.0,
      14071670.0,
      13376045.0,
      14239060.0,
      14398070.0,
      14152275.0,
      13458915.0,
      13626945.0,
      14119500.0,
      14053595.0,
      13183415.0
    ],
    [
      0.0,
      0.0,
      0.0,
      0.0,
      0.0,
      0.0,
      0.0,
      0.0,
      0.0,
      0.0,
      0.0,
      0.0,
      0.0,
      0.0,
      0.0,
      0.0,
      0.0,
      0.0,
      0.0,
      0.0,
      0.0,
      0.0,
      0.0,
      0.0,
      0.0,
      0.0,
      0.0,
      0.0,
      0.0,
      0.0,
      0.0,
      0.0
    ],
    [
      0.0,
      0.0,
      0.0,
      0.0,
      0.0,
      0.0,
      0.0,
      0.0,
      0.0,
      0.0,
      0.0,
      0.0,
      0.0,
      0.0,
      0.0,
      0.0,
      0.0,
      0.0,
      0.0,
      0.0,
      0.0,
      0.0,
      0.0,
      0.0,
      0.0,
      0.0,
      0.0,
      0.0,
      0.0,
      0.0,
      0.0,
      0.0
    ],
    [
      10000250.0,
      9685005.0,
      9715585.0,
      9531025.0,
      8634060.0,
      8663490.0,
      9896880.0,
      9658935.0,
      10050775.0,
      10401840.0,
      8260105.0,
      9405355.0,
      9385830.0,
      8360600.0,
      9347160.0,
      9602220.0,
      9453580.0,
      9828855.0,
      9459015.0,
      10241790.0,
      10175430.0,
      10181510.0,
      11143200.0,
      11562975.0,
      11519420.0,
      12443615.0,
      11611465.0,
      10735555.0,
      10824760.0,
      11638605.0,
      12416185.0,
      11734445.0
    ],
    [
      0.0,
      0.0,
      0.0,
      0.0,
      0.0,
      0.0,
      0.0,
      0.0,
      0.0,
      0.0,
      0.0,
      0.0,
      0.0,
      0.0,
      0.0,
      0.0,
      0.0,
      0.0,
      0.0,
      0.0,
      0.0,
      0.0,
      0.0,
      0.0,
      0.0,
      0.0,
      0.0,
      0.0,
      0.0,
      0.0,
      0.0,
      0.0
    ],
    [
      3672010.0,
      6133260.0,
      5617065.0,
      3887485.0,
      3798950.0,
      2941035.0,
      4035480.0,
      4017060.0,
      3852785.0,
      5403255.0,
      4430060.0,
      3953085.0,
      4169950.0,
      4076520.0,
      4407955.0,
      4227100.0,
      5059235.0,
      4551490.0,
      5699165.0,
      5241400.0,
      5826695.0,
      6220980.0,
      5405370.0,
      4187975.0,
      4204030.0,
      4318370.0,
      4354095.0,
      3958395.0,
      4744680.0,
      5422820.0,
      5591150.0,
      5681470.0
    ],
    [
      0.0,
      0.0,
      0.0,
      0.0,
      0.0,
      0.0,
      0.0,
      0.0,
      0.0,
      0.0,
      0.0,
      0.0,
      0.0,
      0.0,
      0.0,
      0.0,
      0.0,
      0.0,
      0.0,
      0.0,
      0.0,
      0.0,
      0.0,
      0.0,
      0.0,
      0.0,
      0.0,
      0.0,
      0.0,
      0.0,
      0.0,
      0.0
    ],
    [
      0.0,
      0.0,
      0.0,
      0.0,
      0.0,
      0.0,
      0.0,
      0.0,
      0.0,
      0.0,
      0.0,
      0.0,
      0.0,
      0.0,
      0.0,
      0.0,
      0.0,
      0.0,
      0.0,
      0.0,
      0.0,
      0.0,
      0.0,
      0.0,
      0.0,
      0.0,
      0.0,
      0.0,
      0.0,
      0.0,
      0.0,
      0.0
    ],
    [
      6538130.0,
      6866910.0,
      6404375.0,
      6626970.0,
      6850880.0,
      5944380.0,
      6522315.0,
      6592655.0,
      7104295.0,
      7321865.0,
      7401825.0,
      7460485.0,
      7163175.0,
      6826010.0,
      6957915.0,
      7031365.0,
      7379775.0,
      6469045.0,
      6836455.0,
      6358865.0,
      6413655.0,
      6396560.0,
      6596620.0,
      6506835.0,
      6635810.0,
      6516480.0,
      6316530.0,
      6898480.0,
      7176595.0,
      7509400.0,
      6731960.0,
      6679605.0
    ]
  ],