{
  "baseline_mean": [
    0.0,
    0.0,
    0.0,
    0.0,
    0.36279860091694394,
    0.0,
    0.0,
    0.5233556837366368,
    0.0,
    -1.0381778741865508,
    0.43137239332832206,
    0.0,
    0.0,
    0.5366398031641302,
    0.0,
    0.0
  ],
  "baseline_stddev": [
    -1.0,
    -1.0,
    -1.0,
    -1.0,
    9.51271036032656,
    -1.0,
    -1.0,
    9.257416677647457,
    -1.0,
    7.914254153467082,
    9.238496712029052,
    -1.0,
    -1.0,
    9.248905257015249,
    -1.0,
    -1.0
  ],
  "baselines": [
    0.0,
    0.0,
    0.0,
    0.0,
    0.0,
    0.0,
    0.0,
    1.0,
    0.0,
    -1.0,
    0.0,
    0.0,
    0.0,
    1.0,
    0.0,
    0.0
  ],
  "bl_range": [
    -15,
    -14,
    -13,
    -12,
    -11,
    -10,
    -9,
    -8,
    -7,
    -6,
    -5,
    -4,
    -3,
    -2,
    -1,
    0,
    1,
    2,
    3,
    4,
    5,
    6,
    7,
    8,
    9,
    10,
    11,
    12,
    13,
    14,
    15,
    16
  ],
  "ch_error": [
    1.0,
    1.0,
    1.0,
    1.0,
    1.0,
    1.0,
    1.0,
    1.0,
    1.0,
    1.0,
    1.0,
    1.0,
    1.0,
    1.0,
    1.0,
    1.0
  ],
  "noise_scan_raw": [
    [
      0.0,
      0.0,
      0.0,
      0.0,
      0.0,
      0.0,
      0.0,
      0.0,
      0.0,
      0.0,
      0.0,
      0.0,
      0.0,
      0.0,
      0.0,
      0.0,
      0.0,
      0.0,
      0.0,
      0.0,
      0.0,
      0.0,
      0.0,
      0.0,
      0.0,
      0.0,
      0.0,
      0.0,
      0.0,
      0.0,
      0.0,
      0.0
    ],
    [
      0.0,
      0.0,
      0.0,
      0.0,
      0.0,
      0.0,
      0.0,
      0.0,
      0.0,
      0.0,
      0.0,
      0.0,
      0.0,
      0.0,
      0.0,
      0.0,
      0.0,
      0.0,
      0.0,
      0.0,
      0.0,
      0.0,
      0.0,
      0.0,
      0.0,
      0.0,
      0.0,
      0.0,
      0.0,
      0.0,
      0.0,
      0.0
    ],
    [
      0.0,
      0.0,
      0.0,
      0.0,
      0.0,
      0.0,
      0.0,
      0.0,
      0.0,
      0.0,
      0.0,
      0.0,
      0.0,
      0.0,
      0.0,
      0.0,
      0.0,
      0.0,
      0.0,
      0.0,
      0.0,
      0.0,
      0.0,
      0.0,
      0.0,
      0.0,
      0.0,
      0.0,
      0.0,
      0.0,
      0.0,
      0.0
    ],
    [
      0.0,
      0.0,
      0.0,
      0.0,
      0.0,
      0.0,
      0.0,
      0.0,
      0.0,
      0.0,
      0.0,
      0.0,
      0.0,
      0.0,
      0.0,
      0.0,
      0.0,
      0.0,
      0.0,
      0.0,
      0.0,
      0.0,
      0.0,
      0.0,
      0.0,
      0.0,
      0.0,
      0.0,
      0.0,
      0.0,
      0.0,
      0.0
    ],
    [
      407390.0,
      347035.0,
      363135.0,
      343490.0,
      394440.0,
      307785.0,
      297590.0,
      298435.0,
      304205.0,
      228560.0,
      299085.0,
      281400.0,
      255920.0,
      267715.0,
      235105.0,
      298355.0,
      314475.0,
      375875.0,
      329500.0,
      380305.0,
      353105.0,
      397525.0,
      355455.0,
      270445.0,
      217080.0,
      260950.0,
      263600.0,
      264730.0,
      322690.0,
      266825.0,
      399040.0,
      418240.0
    ],
    [
      0.0,
      0.0,
      0.0,
      0.0,
      0.0,
      0.0,
      0.0,
      0.0,
      0.0,
      0.0,
      0.0,
      0.0,
      0.0,
      0.0,
      0.0,
      0.0,
      0.0,
      0.0,
      0.0,
      0.0,
      0.0,
      0.0,
      0.0,
      0.0,
      0.0,
      0.0,
      0.0,
      0.0,
      0.0,
      0.0,
      0.0,
      0.0
    ],
    [
      0.0,
      0.0,
      0.0,
      0.0,
      0.0,
      0.0,
      0.0,
      0.0,
      0.0,
      0.0,
      0.0,
      0.0,
      0.0,
      0.0,
      0.0,
      0.0,
      0.0,
      0.0,
      0.0,
      0.0,
      0.0,
      0.0,
      0.0,
      0.0,
      0.0,
      0.0,
      0.0,
      0.0,
      0.0,
      0.0,
      0.0,
      0.0
    ],
    [
      37700890.0,
      34932010.0,
      36336385.0,
      36119200.0,
      36557465.0,
      36892760.0,
      35266135.0,
      36728440.0,
      36795225.0,
      36408740.0,
      36826455.0,
      36763545.0,
      36632205.0,
      35136555.0,
      36611620.0,
      35098150.0,
      36567035.0,
      36899620.0,
      35209750.0,
      35759550.0,
      35830825.0,
      36496020.0,
      37867440.0,
      35382470.0,
      35928130.0,
      36258435.0,
      36616705.0,
      36059885.0,
      36560005.0,
      35671790.0,
      39255975.0,
      36589600.0
    ],
    [
      0.0,
      0.0,
      0.0,
      0.0,
      0.0,
      0.0,
      0.0,
      0.0,
      0.0,
      0.0,
      0.0,
      0.0,
      0.0,
      0.0,
      0.0,
      0.0,
      0.0,
      0.0,
      0.0,
      0.0,
      0.0,
      0.0,
      0.0,
      0.0,
      0.0,
      0.0,
      0.0,
      0.0,
      0.0,
      0.0,
      0.0,
      0.0
    ],
    [
      500.0,
      445.0,
      390.0,
      410.0,
      155.0,
      230.0,
      175.0,
      135.0,
      250.0,
      465.0,
      205.0,
      415.0,
      915.0,
      1100.0,
      615.0,
      550.0,
      545.0,
      370.0,
      80.0,
      340.0,
      680.0,
      305.0,
      515.0,
      335.0,
      200.0,
      260.0,
      165.0,
      220.0,
      145.0,
      200.0,
      100.0,
      110.0
    ],
    [
      3732490.0,
      3436040.0,
      3558875.0,
      3463470.0,
      3563300.0,
      3646740.0,
      3421695.0,
      3494835.0,
      3459910.0,
      3517215.0,
      3694070.0,
      3705390.0,
      3607830.0,
      3493275.0,
      3678205.0,
      3345880.0,
      3560120.0,
      3582895.0,
      3444375.0,
      3424480.0,
      3393795.0,
      3521565.0,
      3622785.0,
      3356295.0,
      3538585.0,
      3578430.0,
      3494270.0,
      3413915.0,
      3372515.0,
      3298360.0,
      3780865.0,
      3514305.0
    ],
    [
      0.0,
      0.0,
      0.0,
      0.0,
      0.0,
      0.0,
      0.0,
      0.0,
      0.0,
      0.0,
      0.0,
      0.0,
      0.0,
      0.0,
      0.0,
      0.0,
      0.0,
      0.0,
      0.0,
      0.0,
      0.0,
      0.0,
      0.0,
      0.0,
      0.0,
      0.0,
      0.0,
      0.0,
      0.0,
      0.0,
      0.0,
      0.0
    ],
    [
      0.0,
      0.0,
      0.0,
      0.0,
      0.0,
      0.0,
      0.0,
      0.0,
      0.0,
      0.0,
      0.0,
      0.0,
      0.0,
      0.0,
      0.0,
      0.0,
      0.0,
      0.0,
      0.0,
      0.0,
      0.0,
      0.0,
      0.0,
      0.0,
      0.0,
      0.0,
      0.0,
      0.0,
      0.0,
      0.0,
      0.0,
      0.0
    ],
    [
      25062520.0,
      23249490.0,
      23873910.0,
      23701165.0,
      23915375.0,
      24047175.0,
      23085905.0,
      24053760.0,
      23834805.0,
      23803705.0,
      24092905.0,
      24123600.0,
      23695765.0,
      22896250.0,
      23944930.0,
      23574390.0,
      24732810.0,
      24748635.0,
      23320900.0,
      23990880.0,
      24009930.0,
      24023775.0,
      24973090.0,
      23556705.0,
      23600350.0,
      24022365.0,
      24201675.0,
      23772595.0,
      23802630.0,
      23368650.0,
      25746440.0,
      24025020.0
    ],
    [
      0.0,
      0.0,
      0.0,
      0.0,
      0.0,
      0.0,
      0.0,
      0.0,
      0.0,
      0.0,
      0.0,
      0.0,
      0.0,
      0.0,
      0.0,
      0.0,
      0.0,
      0.0,
      0.0,
      0.0,
      0.0,
      0.0,
      0.0,
      0.0,
      0.0,
      0.0,
      0.0,
      0.0,
      0.0,
      0.0,
      0.0,
      0.0
    ],
    [
      0.0,
      0.0,
      0.0,
      0.0,
      0.0,
      0.0,
      0.0,
      0.0,
      0.0,
      0.0,
      0.0,
      0.0,
      0.0,
      0.0,
      0.0,
      0.0,
      0.0,
      0.0,
      0.0,
      0.0,
      0.0,
      0.0,
      0.0,
      0.0,
      0.0,
      0.0,
      0.0,
      0.0,
      0.0,
      0.0,
      0.0,
      0.0
    ]
  ],