{
  "baseline_mean": [
    0.020826266654002668,
    0.19600862703210936,
    0.0,
    0.0,
    0.0,
    0.0,
    0.0,
    0.0,
    0.4316198423636409,
    0.9791696119457052,
    0.43103882459874954,
    0.45320611532137917,
    0.451992181855877,
    0.44530137040872425,
    0.0,
    0.0
  ],
  "baseline_stddev": [
    9.20499380212111,
    9.261013224113663,
    -1.0,
    -1.0,
    -1.0,
    -1.0,
    -1.0,
    -1.0,
    9.24285737360638,
    9.252860416122173,
    9.218933732292127,
    9.20220907399319,
    9.232174492474886,
    9.260428379322189,
    -1.0,
    -1.0
  ],
  "baselines": [
    0.0,
    0.0,
    0.0,
    0.0,
    0.0,
    0.0,
    0.0,
    0.0,
    0.0,
    1.0,
    0.0,
    0.0,
    0.0,
    0.0,
    0.0,
    0.0
  ],
  "bl_range": [
    -15,
    -14,
    -13,
    -12,
    -11,
    -10,
    -9,
    -8,
    -7,
    -6,
    -5,
    -4,
    -3,
    -2,
    -1,
    0,
    1,
    2,
    3,
    4,
    5,
    6,
    7,
    8,
    9,
    10,
    11,
    12,
    13,
    14,
    15,
    16
  ],
  "ch_error": [
    1.0,
    1.0,
    1.0,
    1.0,
    1.0,
    1.0,
    1.0,
    1.0,
    1.0,
    1.0,
    1.0,
    1.0,
    1.0,
    1.0,
    1.0,
    1.0
  ],
  "noise_scan_raw": [
    [
      5070830.0,
      5192730.0,
      5217610.0,
      5218990.0,
      5141165.0,
      5288845.0,
      5596375.0,
      6009765.0,
      5282130.0,
      5084870.0,
      5033415.0,
      4879835.0,
      4987740.0,
      4945485.0,
      4987740.0,
      4803305.0,
      5143220.0,
      4686400.0,
      5050890.0,
      4932750.0,
      4784035.0,
      4681565.0,
      4719010.0,
      4894630.0,
      4715895.0,
      4515085.0,
      4404085.0,
      4494030.0,
      4548890.0,
      4683015.0,
      4720060.0,
      4584265.0
    ],
    [
      24154940.0,
      25938895.0,
      25596845.0,
      25660415.0,
      24923215.0,
      25395095.0,
      25498330.0,
      25452215.0,
      26050380.0,
      25126495.0,
      25876695.0,
      25173190.0,
      23519030.0,
      25252680.0,
      23964470.0,
      22890695.0,
      23978100.0,
      24010165.0,
      24593285.0,
      23486135.0,
      23322015.0,
      22646755.0,
      23156885.0,
      22596150.0,
      23617625.0,
      21993175.0,
      22595295.0,
      23662965.0,
      23630045.0,
      23493495.0,
      24380095.0,
      24109575.0
    ],
    [
      0.0,
      0.0,
      0.0,
      0.0,
      0.0,
      0.0,
      0.0,
      0.0,
      0.0,
      0.0,
      0.0,
      0.0,
      0.0,
      0.0,
      0.0,
      0.0,
      0.0,
      0.0,
      0.0,
      0.0,
      0.0,
      0.0,
      0.0,
      0.0,
      0.0,
      0.0,
      0.0,
      0.0,
      0.0,
      0.0,
      0.0,
      0.0
    ],
    [
      0.0,
      0.0,
      0.0,
      0.0,
      0.0,
      0.0,
      0.0,
      0.0,
      0.0,
      0.0,
      0.0,
      0.0,
      0.0,
      0.0,
      0.0,
      0.0,
      0.0,
      0.0,
      0.0,
      0.0,
      0.0,
      0.0,
      0.0,
      0.0,
      0.0,
      0.0,
      0.0,
      0.0,
      0.0,
      0.0,
      0.0,
      0.0
    ],
    [
      0.0,
      0.0,
      0.0,
      0.0,
      0.0,
      0.0,
      0.0,
      0.0,
      0.0,
      0.0,
      0.0,
      0.0,
      0.0,
      0.0,
      0.0,
      0.0,
      0.0,
      0.0,
      0.0,
      0.0,
      0.0,
      0.0,
      0.0,
      0.0,
      0.0,
      0.0,
      0.0,
      0.0,
      0.0,
      0.0,
      0.0,
      0.0
    ],
    [
      0.0,
      0.0,
      0.0,
      0.0,
      0.0,
      0.0,
      0.0,
      0.0,
      0.0,
      0.0,
      0.0,
      0.0,
      0.0,
      0.0,
      0.0,
      0.0,
      0.0,
      0.0,
      0.0,
      0.0,
      0.0,
      0.0,
      0.0,
      0.0,
      0.0,
      0.0,
      0.0,
      0.0,
      0.0,
      0.0,
      0.0,
      0.0
    ],
    [
      0.0,
      0.0,
      0.0,
      0.0,
      0.0,
      0.0,
      0.0,
      0.0,
      0.0,
      0.0,
      0.0,
      0.0,
      0.0,
      0.0,
      0.0,
      0.0,
      0.0,
      0.0,
      0.0,
      0.0,
      0.0,
      0.0,
      0.0,
      0.0,
      0.0,
      0.0,
      0.0,
      0.0,
      0.0,
      0.0,
      0.0,
      0.0
    ],
    [
      0.0,
      0.0,
      0.0,
      0.0,
      0.0,
      0.0,
      0.0,
      0.0,
      0.0,
      0.0,
      0.0,
      0.0,
      0.0,
      0.0,
      0.0,
      0.0,
      0.0,
      0.0,
      0.0,
      0.0,
      0.0,
      0.0,
      0.0,
      0.0,
      0.0,
      0.0,
      0.0,
      0.0,
      0.0,
      0.0,
      0.0,
      0.0
    ],
    [
      31253920.0,
      32543415.0,
      32413540.0,
      32643505.0,
      31508790.0,
      32591830.0,
      32429840.0,
      32213630.0,
      32310000.0,
      31243130.0,
      31805690.0,
      32090385.0,
      31178145.0,
      32933510.0,
      31844205.0,
      30780325.0,
      32579115.0,
      31025635.0,
      32351975.0,
      31960940.0,
      32121095.0,
      30924065.0,
      31832215.0,
      31343040.0,
      31659980.0,
      29995900.0,
      30469320.0,
      31388285.0,
      31297640.0,
      31973535.0,
      32662650.0,
      31908750.0
    ],
    [
      849350.0,
      906080.0,
      907590.0,
      864855.0,
      884425.0,
      937820.0,
      970870.0,
      850880.0,
      920575.0,
      842265.0,
      916215.0,
      1155035.0,
      847990.0,
      973805.0,
      786610.0,
      829790.0,
      754350.0,
      933625.0,
      912855.0,
      765825.0,
      1108665.0,
      1134840.0,
      1051445.0,
      1102930.0,
      973995.0,
      941085.0,
      1132220.0,
      1120310.0,
      1096175.0,
      888830.0,
      994720.0,
      953780.0
    ],
    [
      4072755.0,
      4307600.0,
      4276250.0,
      4306555.0,
      4093310.0,
      4284690.0,
      4283880.0,
      4314345.0,
      4332490.0,
      4185720.0,
      4254855.0,
      4293325.0,
      4184115.0,
      4388815.0,
      4084315.0,
      4065955.0,
      4226760.0,
      4101070.0,
      4363790.0,
      4307545.0,
      4275120.0,
      4070410.0,
      4153545.0,
      4156430.0,
      4294185.0,
      4077700.0,
      4162930.0,
      4194220.0,
      4070740.0,
      4167335.0,
      4231815.0,
      4113220.0
    ],
    [
      24923045.0,
      25633245.0,
      24899895.0,
      24594805.0,
      24089675.0,
      25572400.0,
      25726715.0,
      25169835.0,
      25153740.0,
      24809160.0,
      24939730.0,
      25432405.0,
      24451050.0,
      26306465.0,
      25581625.0,
      24589300.0,
      25331935.0,
      24787935.0,
      26232945.0,
      25854875.0,
      25305690.0,
      24515820.0,
      25556555.0,
      25041225.0,
      25313030.0,
      23884320.0,
      24463990.0,
      24502245.0,
      24379295.0,
      24545040.0,
      24826440.0,
      24912875.0
    ],
    [
      35578540.0,
      37040170.0,
      36672915.0,
      36864095.0,
      35439090.0,
      36843810.0,
      36711785.0,
      36921905.0,
      36770910.0,
      35628460.0,
      36696930.0,
      36747520.0,
      35542075.0,
      37505090.0,
      36413935.0,
      35196510.0,
      36598470.0,
      35433690.0,
      36956315.0,
      36575715.0,
      36730975.0,
      35330665.0,
      36505900.0,
      36036390.0,
      36836260.0,
      34544940.0,
      35024310.0,
      35829825.0,
      35453995.0,
      35931680.0,
      37116040.0,
      36397380.0
    ],
    [
      14425995.0,
      14905860.0,
      14738190.0,
      14875475.0,
      14132935.0,
      14848195.0,
      14814825.0,
      14641505.0,
      14627415.0,
      14232545.0,
      14632770.0,
      14760800.0,
      14303045.0,
      15011930.0,
      14572085.0,
      13800420.0,
      14191710.0,
      13845430.0,
      14650925.0,
      14442465.0,
      14613240.0,
      13948280.0,
      14473425.0,
      14415440.0,
      14853720.0,
      13950255.0,
      14118365.0,
      14257880.0,
      14006615.0,
      14476070.0,
      15059280.0,
      14763130.0
    ],
    [
      0.0,
