{
  "baseline_mean": [
    4.383630255937643,
    7.999436023731759,
    5.69342919015717,
    3.6652185919888547,
    7.004340186732279,
    4.8248951617390965,
    10.962116889134863,
    4.000551159325204,
    4.015403573629082,
    0.9700996677740864,
    8.0,
    3.003831417624521,
    7.698511166253102,
    4.0,
    9.0,
    0.975609756097561
  ],
  "baseline_stddev": [
    0.9241301624983465,
    0.040435983657134335,
    0.9541514046982487,
    0.9890975668488204,
    0.17122721243489758,
    2.079646344089096,
    0.5101948766632474,
    0.24960638594045545,
    0.12315154708137205,
    0.1703123670162963,
    0.0,
    0.06177975286052528,
    0.458904474670746,
    0.0,
    0.0,
    0.1542574468374819
  ],
  "baselines": [
    4.0,
    8.0,
    6.0,
    4.0,
    7.0,
    5.0,
    11.0,
    4.0,
    4.0,
    1.0,
    8.0,
    3.0,
    8.0,
    4.0,
    9.0,
    1.0
  ],
  "bl_range": [
    -15,
    -14,
    -13,
    -12,
    -11,
    -10,
    -9,
    -8,
    -7,
    -6,
    -5,
    -4,
    -3,
    -2,
    -1,
    0,
    1,
    2,
    3,
    4,
    5,
    6,
    7,
    8,
    9,
    10,
    11,
    12,
    13,
    14,
    15,
    16
  ],
  "ch_error": [
    0.0,
    0.0,
    0.0,
    0.0,
    0.0,
    0.0,
    0.0,
    0.0,
    0.0,
    0.0,
    0.0,
    0.0,
    0.0,
    0.0,
    0.0,
    0.0
  ],
  "noise_scan_raw": [
    [
      0.0,
      0.0,
      0.0,
      0.0,
      0.0,
      0.0,
      0.0,
      0.0,
      0.0,
      0.0,
      0.0,
      5.0,
      75.0,
      510.0,
      6685.0,
      44565.0,
      177715.0,
      435740.0,
      2658710.0,
      15120965.0,
      10166455.0,
      2369365.0,
      312590.0,
      87990.0,
      24060.0,
      1900.0,
      120.0,
      5.0,
      0.0,
      0.0,
      0.0,
      0.0
    ],
    [
      0.0,
      0.0,
      0.0,
      0.0,
      0.0,
      0.0,
      0.0,
      0.0,
      0.0,
      0.0,
      0.0,
      0.0,
      0.0,
      0.0,
      0.0,
      10.0,
      130.0,
      1300.0,
      24475.0,
      182775.0,
      379485.0,
      1127045.0,
      3465515.0,
      10666581230.0,
      1099865.0,
      224370.0,
      44300.0,
      4460.0,
      285.0,
      15.0,
      10.0,
      0.0
    ],
    [
      0.0,
      0.0,
      0.0,
      0.0,
      0.0,
      0.0,
      0.0,
      0.0,
      0.0,
      0.0,
      0.0,
      0.0,
      0.0,
      0.0,
      175.0,
      1210.0,
      11765.0,
      93915.0,
      318660.0,
      1766290.0,
      5349805.0,
      11440600.0,
      2455140.0,
      433585.0,
      68555.0,
      5780.0,
      415.0,
      25.0,
      5.0,
      0.0,
      0.0,
      0.0
    ],
    [
      0.0,
      0.0,
      0.0,
      0.0,
      0.0,
      0.0,
      0.0,
      0.0,
      0.0,
      0.0,
      20.0,
      110.0,
      610.0,
      4645.0,
      37425.0,
      143945.0,
      342265.0,
      983100.0,
      6859900.0,
      9661515.0,
      2308795.0,
      456405.0,
      106915.0,
      22630.0,
      1740.0,
      65.0,
      5.0,
      0.0,
      0.0,
      0.0,
      0.0,
      0.0
    ],
    [
      0.0,
      0.0,
      0.0,
      0.0,
      0.0,
      10.0,
      25.0,
      215.0,
      510.0,
      990.0,
      2945.0,
      8120.0,
      18355.0,
      42140.0,
      88960.0,
      161385.0,
      244755.0,
      383735.0,
      772345.0,
      2358310.0,
      3766665.0,
      7324900.0,
      10665901680.0,
      17737240.0,
      11364015.0,
      5662275.0,
      2090185.0,
      972235.0,
      457835.0,
      298815.0,
      159365.0,
      77900.0
    ],
    [
      5.0,
      5.0,
      45.0,
      55.0,
      240.0,
      750.0,
      1840.0,
      6510.0,
      15815.0,
      23390.0,
      45690.0,
      74040.0,
      143880.0,
      236235.0,
      403910.0,
      808270.0,
      1587525.0,
      3318030.0,
      7499505.0,
      16601765.0,
      16033075.0,
      12011410.0,
      6167785.0,
      3379585.0,
      1135325.0,
      539640.0,
      298035.0,
      193450.0,
      98100.0,
      56200.0,
      24320.0,
      8065.0
    ],
    [
      3760.0,
      6600.0,
      13145.0,
      13255.0,
      23710.0,
      34855.0,
      44055.0,
      80085.0,
      113070.0,
      113445.0,
      150275.0,
      197755.0,
      285695.0,
      416715.0,
      615230.0,
      1042720.0,
      1509915.0,
      2395250.0,
      3997775.0,
      8332155.0,
      8703000.0,
      11983175.0,
      15095985.0,
      19537060.0,
      17117545.0,
      15066210.0,
      10664596885.0,
      8132315.0,
      5022730.0,
      3381330.0,
      1890510.0,
      972280.0
    ],
    [
      735.0,
      1695.0,
      4590.0,
      5925.0,
      12725.0,
      23945.0,
      34985.0,
      74285.0,
      115175.0,
      128190.0,
      186145.0,
      285130.0,
      462665.0,
      846935.0,
      1564720.0,
      3398995.0,
      5687505.0,
      9603625.0,
      14249740.0,
      10675140555.0,
      15870235.0,
      10968540.0,
      6393965.0,
      3755790.0,
      1624170.0,
      784275.0,
      446575.0,
      299795.0,
      192270.0,
      136430.0,
      80035.0,
      36840.0
    ],
    [
      0.0,
      0.0,
      0.0,
      0.0,
      0.0,
      0.0,
      0.0,
      0.0,
      0.0,
      0.0,
      0.0,
      0.0,
      0.0,
      0.0,
      0.0,
      0.0,
      0.0,
      0.0,
      0.0,
      7990.0,
      125.0,
      0.0,
      0.0,
      0.0,
      0.0,
      0.0,
      0.0,
      0.0,
      0.0,
      0.0,
      0.0,
      0.0
    ],
    [
      0.0,
      0.0,
      0.0,
      0.0,
      0.0,
      0.0,
      0.0,
      0.0,
      0.0,
      0.0,
      0.0,
      0.0,
      0.0,
      0.0,
      0.0,
      45.0,
      1460.0,
      0.0,
      0.0,
      0.0,
      0.0,
      0.0,
      0.0,
      0.0,
      0.0,
      0.0,
      0.0,
      0.0,
      0.0,
      0.0,
      0.0,
      0.0
    ],
    [
      0.0,
      0.0,
      0.0,
      0.0,
      0.0,
      0.0,
      0.0,
      0.0,
      0.0,
      0.0,
      0.0,
      0.0,
      0.0,
      0.0,
      0.0,
      0.0,
      0.0,
      0.0,
      0.0,
      0.0,
      0.0,
      0.0,
      0.0,
      2390.0,
      0.0,
      0.0,
      0.0,
      0.0,
      0.0,
      0.0,
      0.0,
      0.0
    ],
    [
      0.0,
      0.0,
      0.0,
      0.0,
      0.0,
      0.0,
      0.0,
      0.0,
      0.0,
      0.0,
      0.0,
      0.0,
      0.0,
      0.0,
      0.0,
      0.0,
      0.0,
      0.0,
      1300.0,
      5.0,
      0.0,
      0.0,
      0.0,
      0.0,
      0.0,
      0.0,
      0.0,
      0.0,
      0.0,
      0.0,
      0.0,
      0.0
    ],
    [
      0.0,
      0.0,
      0.0,
      0.0,
      0.0,
      0.0,
      0.0,
      0.0,
      0.0,
      0.0,
      0.0,
      0.0,
      0.0,
      0.0,
      0.0,
      0.0,
      0.0,
      0.0,
      0.0,
      0.0,
      0.0,
      0.0,
      1215.0,
      2815.0,
      0.0,
      0.0,
      0.0,
      0.0,
      0.0,
      0.0,
      0.0,
      0.0
    ],
    [
      0.0,
      0.0,
      0.0,
      0.0,
      0.0,
      0.0,
      0.0,
      0.0,
      0.0,
      0.0,
      0.0,
      0.0,
      0.0,
      0.0,
      0.0,
      0.0,
      0.0,
      0.0,
      0.0,
      2965.0,
      0.0,
      0.0,
      0.0,
      0.0,
      0.0,
      0.0,
      0.0,
      0.0,
      0.0,
      0.0,
      0.0,
      0.0
    ],
    [
      0.0,
      0.0,
      0.0,
      0.0,
      0.0,
      0.0,
      0.0,
      0.0,
      0.0,
      0.0,
      0.0,
      0.0,
      0.0,
      0.0,
      0.0,
      0.0,
      0.0,
      0.0,
      0.0,
      0.0,
      0.0,
      0.0,
      0.0,
      0.0,
      20.0,
      0.0,
      0.0,
      0.0,
      0.0,
      0.0,
      0.0,
      0.0
    ],
    [
      0.0,
      0.0,
      0.0,
      0.0,
      0.0,
      0.0,
      0.0,
      0.0,
      0.0,
      0.0,
      0.0,
      0.0,
      0.0,
      0.0,
      0.0,
      5.0,
      200.0,
      0.0,
      0.0,
      0.0,
      0.0,
      0.0,
      0.0,
      0.0,
      0.0,
      0.0,
      0.0,
      0.0,
