{
  "baseline_mean": [
    6.101648827631165,
    5.000202179137151,
    -2.9488769692962453,
    3.957550047979882,
    -0.7889334499813767,
    5.266949939020692,
    -1.14765141575504,
    8.96787163177288,
    2.0934601904179435,
    10.363160212815618,
    3.048419880761637,
    5.513250758683471,
    2.8634199946111862,
    7.317713110847928,
    3.632475781967295,
    2.5616361988024487
  ],
  "baseline_stddev": [
    0.5212196691473772,
    0.5528594040202923,
    0.376557827072897,
    0.3388493682009485,
    0.46196692492315605,
    0.5007956715055899,
    0.41434379397765647,
    0.28916292539387956,
    0.6453474804677999,
    0.7845108426776543,
    0.7106065044476282,
    0.8381171688996295,
    0.5775991158740736,
    0.8031218430675773,
    0.741522535616052,
    0.6725694036374559
  ],
  "baselines": [
    6.0,
    5.0,
    -3.0,
    4.0,
    -1.0,
    5.0,
    -1.0,
    9.0,
    2.0,
    10.0,
    3.0,
    6.0,
    3.0,
    7.0,
    4.0,
    3.0
  ],
  "bl_range": [
    -15,
    -14,
    -13,
    -12,
    -11,
    -10,
    -9,
    -8,
    -7,
    -6,
    -5,
    -4,
    -3,
    -2,
    -1,
    0,
    1,
    2,
    3,
    4,
    5,
    6,
    7,
    8,
    9,
    10,
    11,
    12,
    13,
    14,
    15,
    16
  ],
  "ch_error": [
    0.0,
    0.0,
    0.0,
    0.0,
    0.0,
    0.0,
    0.0,
    0.0,
    0.0,
    0.0,
    0.0,
    0.0,
    0.0,
    0.0,
    0.0,
    0.0
  ],
  "noise_scan_raw": [
    [
      0.0,
      0.0,
      0.0,
      0.0,
      0.0,
      0.0,
      0.0,
      0.0,
      0.0,
      0.0,
      0.0,
      0.0,
      0.0,
      0.0,
      0.0,
      0.0,
      0.0,
      20.0,
      405.0,
      20075.0,
      747720.0,
      7242695.0,
      1654355.0,
      57025.0,
      3065.0,
      35.0,
      0.0,
      0.0,
      0.0,
      0.0,
      0.0,
      0.0
    ],
    [
      0.0,
      0.0,
      0.0,
      0.0,
      0.0,
      0.0,
      0.0,
      0.0,
      0.0,
      0.0,
      0.0,
      0.0,
      0.0,
      0.0,
      0.0,
      5.0,
      120.0,
      2080.0,
      41875.0,
      1253590.0,
      6709335.0,
      1288185.0,
      26950.0,
      1215.0,
      60.0,
      0.0,
      0.0,
      0.0,
      0.0,
      0.0,
      0.0,
      0.0
    ],
    [
      0.0,
      0.0,
      0.0,
      0.0,
      0.0,
      0.0,
      0.0,
      0.0,
      0.0,
      255.0,
      6000.0,
      324495.0,
      7433920.0,
      669525.0,
      49850.0,
      545.0,
      40.0,
      0.0,
      0.0,
      0.0,
      0.0,
      0.0,
      0.0,
      0.0,
      0.0,
      0.0,
      0.0,
      0.0,
      0.0,
      0.0,
      0.0,
      0.0
    ],
    [
      0.0,
      0.0,
      0.0,
      0.0,
      0.0,
      0.0,
      0.0,
      0.0,
      0.0,
      0.0,
      0.0,
      0.0,
      0.0,
      0.0,
      0.0,
      0.0,
      0.0,
      1245.0,
      296130.0,
      3342580.0,
      137080.0,
      590.0,
      0.0,
      0.0,
      0.0,
      0.0,
      0.0,
      0.0,
      0.0,
      0.0,
      0.0,
      0.0
    ],
    [
      0.0,
      0.0,
      0.0,
      0.0,
      0.0,
      0.0,
      0.0,
      0.0,
      0.0,
      0.0,
      0.0,
      0.0,
      870.0,
      84180.0,
      3024775.0,
      922885.0,
      7925.0,
      10.0,
      0.0,
      0.0,
      0.0,
      0.0,
      0.0,
      0.0,
      0.0,
      0.0,
      0.0,
      0.0,
      0.0,
      0.0,
      0.0,
      0.0
    ],
    [
      0.0,
      0.0,
      0.0,
      0.0,
      0.0,
      0.0,
      0.0,
      0.0,
      0.0,
      0.0,
      0.0,
      0.0,
      0.0,
      0.0,
      0.0,
      0.0,
      0.0,
      5.0,
      555.0,
      139175.0,
      3779375.0,
      1592065.0,
      11145.0,
      40.0,
      5.0,
      0.0,
      0.0,
      0.0,
      0.0,
      0.0,
      0.0,
      0.0
    ],
    [
      0.0,
      0.0,
      0.0,
      0.0,
      0.0,
      0.0,
      0.0,
      0.0,
      0.0,
      0.0,
      0.0,
      15.0,
      18910.0,
      711855.0,
      3698715.0,
      81680.0,
      890.0,
      15.0,
      0.0,
      0.0,
      0.0,
      0.0,
      0.0,
      0.0,
      0.0,
      0.0,
      0.0,
      0.0,
      0.0,
      0.0,
      0.0,
      0.0
    ],
    [
      0.0,
      0.0,
      0.0,
      0.0,
      0.0,
      0.0,
      0.0,
      0.0,
      0.0,
      0.0,
      0.0,
      0.0,
      0.0,
      0.0,
      0.0,
      0.0,
      0.0,
      0.0,
      0.0,
      0.0,
      0.0,
      30.0,
      2415.0,
      313485.0,
      5051210.0,
      140090.0,
      670.0,
      5.0,
      0.0,
      0.0,
      0.0,
      0.0
    ],
    [
      0.0,
      0.0,
      0.0,
      0.0,
      0.0,
      0.0,
      0.0,
      0.0,
      0.0,
      0.0,
      0.0,
      0.0,
      100.0,
      365.0,
      11235.0,
      121415.0,
      1660060.0,
      8748925.0,
      2923850.0,
      128090.0,
      9010.0,
      650.0,
      55.0,
      5.0,
      0.0,
      0.0,
      0.0,
      0.0,
      0.0,
      0.0,
      0.0,
      0.0
    ],
    [
      0.0,
      0.0,
      0.0,
      0.0,
      0.0,
      0.0,
      0.0,
      0.0,
      0.0,
      0.0,
      0.0,
      0.0,
      0.0,
      0.0,
      0.0,
      0.0,
      5.0,
      15.0,
      5.0,
      275.0,
      1770.0,
      8315.0,
      25010.0,
      167685.0,
      884395.0,
      6199705.0,
      4640940.0,
      517340.0,
      55120.0,
      8040.0,
      1560.0,
      180.0
    ],
    [
      0.0,
      0.0,
      0.0,
      0.0,
      0.0,
      0.0,
      0.0,
      0.0,
      0.0,
      0.0,
      0.0,
      0.0,
      90.0,
      160.0,
      4790.0,
      19950.0,
      229920.0,
      2752365.0,
      10882465.0,
      3441510.0,
      288060.0,
      32430.0,
      6630.0,
      1100.0,
      115.0,
      0.0,
      0.0,
      0.0,
      0.0,
      0.0,
      0.0,
      0.0
    ],
    [
      0.0,
      0.0,
      0.0,
      0.0,
      0.0,
      0.0,
      0.0,
      0.0,
      0.0,
      0.0,
      0.0,
      0.0,
      0.0,
      0.0,
      0.0,
      5.0,
      2445.0,
      25755.0,
      92255.0,
      365385.0,
      2170195.0,
      2786155.0,
      360810.0,
      35945.0,
      4545.0,
      445.0,
      65.0,
      0.0,
      0.0,
      0.0,
      0.0,
      0.0
    ],
    [
      0.0,
      0.0,
      0.0,
      0.0,
      0.0,
      0.0,
      0.0,
      0.0,
      0.0,
      0.0,
      0.0,
      0.0,
      0.0,
      20.0,
      1190.0,
      7525.0,
      154830.0,
      2874345.0,
      9953610.0,
      1141905.0,
      57705.0,
      4570.0,
      360.0,
      15.0,
      0.0,
      0.0,
      0.0,
      0.0,
      0.0,
      0.0,
      0.0,
      0.0
    ],
    [
      0.0,
      0.0,
      0.0,
      0.0,
      0.0,
      0.0,
      0.0,
      0.0,
      0.0,
      0.0,
      0.0,
      0.0,
      0.0,
      0.0,
      0.0,
      0.0,
      35.0,
      805.0,
      2400.0,
      22050.0,
      64975.0,
      352430.0,
      2373795.0,
      1582680.0,
      181105.0,
      22375.0,
      3025.0,
      285.0,
      35.0,
      0.0,
      0.0,
      0.0
    ],
    [
      0.0,
      0.0,
      0.0,
      0.0,
      0.0,
      0.0,
      0.0,
      0.0,
      0.0,
      0.0,
      0.0,
      0.0,
      20.0,
      80.0,
      2045.0,
      7955.0,
      83895.0,
      744015.0,
      5012985.0,
      8317360.0,
      948195.0,
      99405.0,
      13955.0,
      1745.0,
      270.0,
      10.0,
      0.0,
      0.0,
      0.0,
      0.0,
      0.0,
      0.0
    ],
    [
      0.0,
      0.0,
      0.0,
      0.0,
      0.0,
      0.0,
      0.0,
      0.0,
      0.0,
      0.0,
      0.0,
      5.0,
      65.0,
      435.0,
      9020.0,
      39180.0,
      382280.0,
      4036905.0,
      5383755.0,
      383825.0,
      29500.0,
      4125.0,
      180.0,
      10.0,
      5.0,
      0.0,
      0.0,
      0.0,
      0.0,
      0.0,
      0.0,
      0.0
    ]
  ]
}