{
  "baseline_mean": [
    6.699794148886351,
    2.1757320445644117,
    1.7669129689637932,
    6.224197389353861,
    5.76739486217398,
    3.6685360246179153,
    12.075512687407532,
    4.534744632227252,
    1.2759172393556797,
    6.760832705350415,
    8.962108698663588,
    1.2416034983978181,
    1.6632094431373448,
    7.25146077012009,
    3.313591119239014,
    3.3262782564291355
  ],
  "baseline_stddev": [
    0.711191372691271,
    0.7507086417563248,
    0.7426401607498184,
    0.7167013243063461,
    0.6613882448075935,
    0.7943966870102039,
    0.7312119955324986,
    0.8523938766681597,
    0.9824317216733297,
    1.153787963044554,
    1.0971480406182932,
    0.9625804044575722,
    1.0878399556930534,
    1.3424067317571455,
    1.2635051232613779,
    1.2055252886198426
  ],
  "baselines": [
    7.0,
    2.0,
    2.0,
    6.0,
    6.0,
    4.0,
    12.0,
    5.0,
    1.0,
    7.0,
    9.0,
    1.0,
    2.0,
    7.0,
    3.0,
    3.0
  ],
  "bl_range": [
    -15,
    -14,
    -13,
    -12,
    -11,
    -10,
    -9,
    -8,
    -7,
    -6,
    -5,
    -4,
    -3,
    -2,
    -1,
    0,
    1,
    2,
    3,
    4,
    5,
    6,
    7,
    8,
    9,
    10,
    11,
    12,
    13,
    14,
    15,
    16
  ],
  "ch_error": [
    0.0,
    0.0,
    0.0,
    0.0,
    0.0,
    0.0,
    0.0,
    0.0,
    0.0,
    0.0,
    0.0,
    0.0,
    0.0,
    0.0,
    0.0,
    0.0
  ],
  "noise_scan_raw": [
    [
      0.0,
      0.0,
      0.0,
      0.0,
      0.0,
      0.0,
      0.0,
      0.0,
      0.0,
      0.0,
      0.0,
      0.0,
      0.0,
      0.0,
      0.0,
      0.0,
      5.0,
      170.0,
      3820.0,
      51635.0,
      276575.0,
      2174435.0,
      4399045.0,
      604830.0,
      16225.0,
      545.0,
      0.0,
      0.0,
      0.0,
      0.0,
      0.0,
      0.0
    ],
    [
      0.0,
      0.0,
      0.0,
      0.0,
      0.0,
      0.0,
      0.0,
      0.0,
      0.0,
      0.0,
      0.0,
      0.0,
      5.0,
      115.0,
      4875.0,
      102250.0,
      1081225.0,
      5434825.0,
      2026515.0,
      391920.0,
      25350.0,
      2035.0,
      5.0,
      0.0,
      0.0,
      0.0,
      0.0,
      0.0,
      0.0,
      0.0,
      0.0,
      0.0
    ],
    [
      0.0,
      0.0,
      0.0,
      0.0,
      0.0,
      0.0,
      0.0,
      0.0,
      0.0,
      0.0,
      0.0,
      0.0,
      50.0,
      715.0,
      19065.0,
      335240.0,
      3046680.0,
      5805700.0,
      1015475.0,
      158195.0,
      7450.0,
      415.0,
      10.0,
      0.0,
      0.0,
      0.0,
      0.0,
      0.0,
      0.0,
      0.0,
      0.0,
      0.0
    ],
    [
      0.0,
      0.0,
      0.0,
      0.0,
      0.0,
      0.0,
      0.0,
      0.0,
      0.0,
      0.0,
      0.0,
      0.0,
      0.0,
      0.0,
      0.0,
      0.0,
      30.0,
      945.0,
      11945.0,
      156635.0,
      913505.0,
      5744575.0,
      3060190.0,
      221960.0,
      9930.0,
      385.0,
      0.0,
      0.0,
      0.0,
      0.0,
      0.0,
      0.0
    ],
    [
      0.0,
      0.0,
      0.0,
      0.0,
      0.0,
      0.0,
      0.0,
      0.0,
      0.0,
      0.0,
      0.0,
      0.0,
      0.0,
      0.0,
      0.0,
      0.0,
      40.0,
      2515.0,
      22610.0,
      315880.0,
      1968695.0,
      5584880.0,
      644480.0,
      21135.0,
      185.0,
      10.0,
      0.0,
      0.0,
      0.0,
      0.0,
      0.0,
      0.0
    ],
    [
      0.0,
      0.0,
      0.0,
      0.0,
      0.0,
      0.0,
      0.0,
      0.0,
      0.0,
      0.0,
      0.0,
      0.0,
      0.0,
      0.0,
      125.0,
      3600.0,
      64945.0,
      763745.0,
      3184555.0,
      6225185.0,
      904400.0,
      131275.0,
      4940.0,
      70.0,
      0.0,
      0.0,
      0.0,
      0.0,
      0.0,
      0.0,
      0.0,
      0.0
    ],
    [
      0.0,
      0.0,
      0.0,
      0.0,
      0.0,
      0.0,
      0.0,
      0.0,
      0.0,
      0.0,
      0.0,
      0.0,
      0.0,
      0.0,
      0.0,
      0.0,
      0.0,
      0.0,
      0.0,
      0.0,
      0.0,
      50.0,
      390.0,
      765.0,
      13900.0,
      172220.0,
      1501210.0,
      6391155.0,
      2119935.0,
      248925.0,
      19640.0,
      1640.0
    ],
    [
      0.0,
      0.0,
      0.0,
      0.0,
      0.0,
      0.0,
      0.0,
      0.0,
      0.0,
      0.0,
      0.0,
      0.0,
      0.0,
      0.0,
      15.0,
      445.0,
      12780.0,
      157680.0,
      885245.0,
      4936250.0,
      5141695.0,
      1236240.0,
      91900.0,
      4090.0,
      165.0,
      25.0,
      0.0,
      0.0,
      0.0,
      0.0,
      0.0,
      0.0
    ],
    [
      0.0,
      0.0,
      0.0,
      0.0,
      0.0,
      0.0,
      0.0,
      0.0,
      0.0,
      10.0,
      45.0,
      715.0,
      14220.0,
      103885.0,
      503665.0,
      2835575.0,
      9911175.0,
      5333770.0,
      1867715.0,
      248230.0,
      34160.0,
      3470.0,
      375.0,
      5.0,
      0.0,
      0.0,
      0.0,
      0.0,
      0.0,
      0.0,
      0.0,
      0.0
    ],
    [
      0.0,
      0.0,
      0.0,
      0.0,
      0.0,
      0.0,
      0.0,
      0.0,
      0.0,
      0.0,
      0.0,
      0.0,
      0.0,
      0.0,
      120.0,
      895.0,
      14260.0,
      90850.0,
      268235.0,
      497985.0,
      1050230.0,
      3776120.0,
      9450475.0,
      2915805.0,
      611050.0,
      100320.0,
      12385.0,
      1475.0,
      105.0,
      10.0,
      0.0,
      0.0
    ],
    [
      0.0,
      0.0,
      0.0,
      0.0,
      0.0,
      0.0,
      0.0,
      0.0,
      0.0,
      0.0,
      0.0,
      0.0,
      0.0,
      0.0,
      0.0,
      20.0,
      250.0,
      3035.0,
      19340.0,
      29990.0,
      80510.0,
      254310.0,
      1092590.0,
      2893340.0,
      8612790.0,
      3626750.0,
      776130.0,
      154070.0,
      29620.0,
      4690.0,
      570.0,
      40.0
    ],
    [
      0.0,
      0.0,
      0.0,
      0.0,
      0.0,
      0.0,
      0.0,
      0.0,
      0.0,
      20.0,
      90.0,
      875.0,
      15355.0,
      97145.0,
      580560.0,
      2834310.0,
      10332440.0,
      5530425.0,
      1513500.0,
      237770.0,
      42560.0,
      5905.0,
      460.0,
      0.0,
      0.0,
      0.0,
      0.0,
      0.0,
      0.0,
      0.0,
      0.0,
      0.0
    ],
    [
      0.0,
      0.0,
      0.0,
      0.0,
      0.0,
      0.0,
      0.0,
      0.0,
      0.0,
      30.0,
      355.0,
      1600.0,
      18985.0,
      100045.0,
      412965.0,
      1847895.0,
      7717285.0,
      8309920.0,
      3421315.0,
      692280.0,
      169395.0,
      36790.0,
      7885.0,
      160.0,
      30.0,
      0.0,
      0.0,
      0.0,
      0.0,
      0.0,
      0.0,
      0.0
    ],
    [
      0.0,
      0.0,
      0.0,
      0.0,
      0.0,
      0.0,
      0.0,
      0.0,
      0.0,
      0.0,
      0.0,
      0.0,
      0.0,
      20.0,
      260.0,
      1495.0,
      21750.0,
      100480.0,
      269010.0,
      461670.0,
      1053990.0,
      3007245.0,
      9265850.0,
      6403215.0,
      2614025.0,
      633190.0,
      132055.0,
      33500.0,
      4005.0,
      865.0,
      115.0,
      10.0
    ],
    [
      0.0,
      0.0,
      0.0,
      0.0,
      0.0,
      0.0,
      0.0,
      0.0,
      0.0,
      5.0,
      5.0,
      100.0,
      1265.0,
      8725.0,
      70785.0,
      280150.0,
      1647695.0,
      3945595.0,
      8990895.0,
      7767100.0,
      2699255.0,
      836430.0,
      231245.0,
      21190.0,
      3045.0,
      495.0,
      55.0,
      0.0,
      0.0,
      0.0,
      0.0,
      0.0
    ],
    [
      0.0,
      0.0,
      0.0,
      0.0,
      0.0,
      0.0,
      0.0,
      0.0,
      0.0,
      0.0,
      5.0,
      20.0,
      570.0,
      5015.0,
      45960.0,
      209095.0,
      1264375.0,
      3123410.0,
      7227380.0,
      7349395.0,
      1916650.0,
      571390.0,
      166480.0,
      11435.0,
