{
  "baseline_mean": [
    11.712418300653594,
    8.00119016133298,
    8.992749244712991,
    13.423076923076923,
    11.999720670391062,
    13.031690140845072,
    10.906976744186046,
    16.0,
    7.695791551921905,
    10.76159266672245,
    -0.464025909292328,
    -0.9517392989144572,
    9.630520193347184,
    10.332334750355049,
    5.126210297929798,
    -2.1577801658549154
  ],
  "baseline_stddev": [
    0.4526350246583212,
    0.03447817931652091,
    0.08484209942461922,
    0.4940474068717357,
    0.018683789394626418,
    0.17517384456102464,
    0.29046502318132084,
    0.0,
    1.0021812667940315,
    0.9346856664975529,
    0.9763131823232472,
    0.8507750546911229,
    1.0698874618335703,
    1.0970603273212716,
    1.2188555693543017,
    1.009253799218024
  ],
  "baselines": [
    12.0,
    8.0,
    9.0,
    13.0,
    12.0,
    13.0,
    11.0,
    16.0,
    8.0,
    11.0,
    -0.0,
    -1.0,
    10.0,
    10.0,
    5.0,
    -2.0
  ],
  "bl_range": [
    -15,
    -14,
    -13,
    -12,
    -11,
    -10,
    -9,
    -8,
    -7,
    -6,
    -5,
    -4,
    -3,
    -2,
    -1,
    0,
    1,
    2,
    3,
    4,
    5,
    6,
    7,
    8,
    9,
    10,
    11,
    12,
    13,
    14,
    15,
    16
  ],
  "ch_error": [
    0.0,
    0.0,
    0.0,
    0.0,
    0.0,
    0.0,
    0.0,
    0.0,
    0.0,
    0.0,
    0.0,
    0.0,
    0.0,
    0.0,
    0.0,
    0.0
  ],
  "noise_scan_raw": [
    [
      0.0,
      0.0,
      0.0,
      0.0,
      0.0,
      0.0,
      0.0,
      0.0,
      0.0,
      0.0,
      0.0,
      0.0,
      0.0,
      0.0,
      0.0,
      0.0,
      0.0,
      0.0,
      0.0,
      0.0,
      0.0,
      0.0,
      0.0,
      0.0,
      0.0,
      0.0,
      660.0,
      1635.0,
      0.0,
      0.0,
      0.0,
      0.0
    ],
    [
      0.0,
      0.0,
      0.0,
      0.0,
      0.0,
      0.0,
      0.0,
      0.0,
      0.0,
      0.0,
      0.0,
      0.0,
      0.0,
      0.0,
      0.0,
      0.0,
      0.0,
      0.0,
      0.0,
      0.0,
      0.0,
      0.0,
      0.0,
      37765.0,
      45.0,
      0.0,
      0.0,
      0.0,
      0.0,
      0.0,
      0.0,
      0.0
    ],
    [
      0.0,
      0.0,
      0.0,
      0.0,
      0.0,
      0.0,
      0.0,
      0.0,
      0.0,
      0.0,
      0.0,
      0.0,
      0.0,
      0.0,
      0.0,
      0.0,
      0.0,
      0.0,
      0.0,
      0.0,
      0.0,
      0.0,
      0.0,
      60.0,
      8215.0,
      0.0,
      0.0,
      0.0,
      0.0,
      0.0,
      0.0,
      0.0
    ],
    [
      0.0,
      0.0,
      0.0,
      0.0,
      0.0,
      0.0,
      0.0,
      0.0,
      0.0,
      0.0,
      0.0,
      0.0,
      0.0,
      0.0,
      0.0,
      0.0,
      0.0,
      0.0,
      0.0,
      0.0,
      0.0,
      0.0,
      0.0,
      0.0,
      0.0,
      0.0,
      0.0,
      0.0,
      150.0,
      110.0,
      0.0,
      0.0
    ],
    [
      0.0,
      0.0,
      0.0,
      0.0,
      0.0,
      0.0,
      0.0,
      0.0,
      0.0,
      0.0,
      0.0,
      0.0,
      0.0,
      0.0,
      0.0,
      0.0,
      0.0,
      0.0,
      0.0,
      0.0,
      0.0,
      0.0,
      0.0,
      0.0,
      0.0,
      0.0,
      45.0,
      143150.0,
      5.0,
      0.0,
      0.0,
      0.0
    ],
    [
      0.0,
      0.0,
      0.0,
      0.0,
      0.0,
      0.0,
      0.0,
      0.0,
      0.0,
      0.0,
      0.0,
      0.0,
      0.0,
      0.0,
      0.0,
      0.0,
      0.0,
      0.0,
      0.0,
      0.0,
      0.0,
      0.0,
      0.0,
      0.0,
      0.0,
      0.0,
      0.0,
      0.0,
      1375.0,
      45.0,
      0.0,
      0.0
    ],
    [
      0.0,
      0.0,
      0.0,
      0.0,
      0.0,
      0.0,
      0.0,
      0.0,
      0.0,
      0.0,
      0.0,
      0.0,
      0.0,
      0.0,
      0.0,
      0.0,
      0.0,
      0.0,
      0.0,
      0.0,
      0.0,
      0.0,
      0.0,
      0.0,
      0.0,
      20.0,
      195.0,
      0.0,
      0.0,
      0.0,
      0.0,
      0.0
    ],
    [
      0.0,
      0.0,
      0.0,
      0.0,
      0.0,
      0.0,
      0.0,
      0.0,
      0.0,
      0.0,
      0.0,
      0.0,
      0.0,
      0.0,
      0.0,
      0.0,
      0.0,
      0.0,
      0.0,
      0.0,
      0.0,
      0.0,
      0.0,
      0.0,
      0.0,
      0.0,
      0.0,
      0.0,
      0.0,
      0.0,
      0.0,
      1275.0
    ],
    [
      0.0,
      0.0,
      0.0,
      0.0,
      0.0,
      0.0,
      0.0,
      0.0,
      0.0,
      0.0,
      0.0,
      0.0,
      0.0,
      0.0,
      5.0,
      10.0,
      200.0,
      895.0,
      4790.0,
      43135.0,
      292225.0,
      1441055.0,
      5682560.0,
      8333060.0,
      2279240.0,
      715325.0,
      60170.0,
      4155.0,
      240.0,
      5.0,
      0.0,
      0.0
    ],
    [
      0.0,
      0.0,
      0.0,
      0.0,
      0.0,
      0.0,
      0.0,
      0.0,
      0.0,
      0.0,
      0.0,
      0.0,
      0.0,
      0.0,
      0.0,
      0.0,
      0.0,
      0.0,
      10.0,
      45.0,
      760.0,
      7690.0,
      45180.0,
      266940.0,
      1390180.0,
      6309110.0,
      10816070.0,
      3528840.0,
      442070.0,
      69025.0,
      8380.0,
      965.0
    ],
    [
      0.0,
      0.0,
      0.0,
      0.0,
      0.0,
      0.0,
      0.0,
      0.0,
      10.0,
      305.0,
      4280.0,
      31070.0,
      314170.0,
      2209430.0,
      6706400.0,
      8150150.0,
      2033290.0,
      352455.0,
      69855.0,
      9380.0,
      795.0,
      80.0,
      0.0,
      0.0,
      0.0,
      0.0,
      0.0,
      0.0,
      0.0,
      0.0,
      0.0,
      0.0
    ],
    [
      0.0,
      0.0,
      0.0,
      0.0,
      0.0,
      0.0,
      0.0,
      0.0,
      15.0,
      440.0,
      6900.0,
      55350.0,
      389940.0,
      2423210.0,
      7742805.0,
      2892530.0,
      448145.0,
      81560.0,
      9450.0,
      1050.0,
      85.0,
      15.0,
      0.0,
      0.0,
      0.0,
      0.0,
      0.0,
      0.0,
      0.0,
      0.0,
      0.0,
      0.0
    ],
    [
      0.0,
      0.0,
      0.0,
      0.0,
      0.0,
      0.0,
      0.0,
      0.0,
      0.0,
      0.0,
      0.0,
      0.0,
      0.0,
      0.0,
      0.0,
      5.0,
      35.0,
      110.0,
      420.0,
      3365.0,
      26605.0,
      133955.0,
      406985.0,
      1649280.0,
      4940845.0,
      7876745.0,
      2477625.0,
      382955.0,
      68865.0,
      12610.0,
      1565.0,
      190.0
    ],
    [
      0.0,
      0.0,
      0.0,
      0.0,
      0.0,
      0.0,
      0.0,
      0.0,
      0.0,
      0.0,
      0.0,
      0.0,
      0.0,
      0.0,
      0.0,
      0.0,
      10.0,
      60.0,
      240.0,
      2080.0,
      15585.0,
      60135.0,
      196010.0,
      734105.0,
      2523350.0,
      8367470.0,
      7016075.0,
      1630880.0,
      393660.0,
      88655.0,
      15220.0,
      2955.0
    ],
    [
      0.0,
      0.0,
      0.0,
      0.0,
      0.0,
      0.0,
      0.0,
      0.0,
      0.0,
      0.0,
      0.0,
      10.0,
      400.0,
      3025.0,
      17675.0,
      49680.0,
      122075.0,
      308610.0,
      1203320.0,
      4104660.0,
      10350980.0,
      5824650.0,
      1574555.0,
      480245.0,
      129705.0,
      80190.0,
      4420.0,
      625.0,
      50.0,
      0.0,
      0.0,
      0.0
    ],
    [
      0.0,
      0.0,
      0.0,
      0.0,
      0.0,
      10.0,
      65.0,
      330.0,
      7045.0,
      48635.0,
      262985.0,
      1180620.0,
      5519965.0,
      9257690.0,
      3725705.0,
      689640.0,
      122285.0,
      29455.0,
      3920.0,
      540.0,
      50.0,
      5.0,
      0.0,
      0.0,
      0.0,
      0.0,
      0.0,
      0.0,
      0.0,
      0.0,
      0.0,
      0.0
    ]
  ]
}