{
  "baseline_mean": [
    5.844473650062896,
    0.3376872034277095,
    -5.571550089039575,
    4.855855443237038,
    -0.6471856184281103,
    1.9508517250693198,
    4.282205333303025,
    1.3851747194641797,
    -0.6562031704317179,
    7.243859923506282,
    -0.012898279650039455,
    2.6049606448122837,
    -0.5384705629189764,
    -2.6023640546737585,
    5.653328208474821,
    1.7952348258495072
  ],
  "baseline_stddev": [
    2.720496963895244,
    2.571096234434076,
    2.7618341519489777,
    2.906417267458601,
    2.7252676383994587,
    2.664500096736607,
    2.7027021516541367,
    2.6461331594647186,
    2.447012834875969,
    2.526068264604089,
    2.531614465798508,
    2.425187696152313,
    2.5918241519680514,
    2.8485240764212683,
    2.911762080255387,
    2.4980401933673937
  ],
  "baselines": [
    6.0,
    0.0,
    -6.0,
    5.0,
    -1.0,
    2.0,
    4.0,
    1.0,
    -1.0,
    7.0,
    -0.0,
    3.0,
    -1.0,
    -3.0,
    6.0,
    2.0
  ],
  "bl_range": [
    -15,
    -14,
    -13,
    -12,
    -11,
    -10,
    -9,
    -8,
    -7,
    -6,
    -5,
    -4,
    -3,
    -2,
    -1,
    0,
    1,
    2,
    3,
    4,
    5,
    6,
    7,
    8,
    9,
    10,
    11,
    12,
    13,
    14,
    15,
    16
  ],
  "ch_error": [
    0.0,
    0.0,
    0.0,
    0.0,
    0.0,
    0.0,
    0.0,
    0.0,
    0.0,
    0.0,
    0.0,
    0.0,
    0.0,
    0.0,
    0.0,
    0.0
  ],
  "noise_scan_raw": [
    [
      15.0,
      75.0,
      115.0,
      185.0,
      105.0,
      265.0,
      465.0,
      1545.0,
      3430.0,
      8075.0,
      17145.0,
      44195.0,
      98520.0,
      223890.0,
      475250.0,
      1076730.0,
      2045760.0,
      3813950.0,
      5859185.0,
      8556765.0,
      11612465.0,
      11584915.0,
      10721280.0,
      7855025.0,
      5000335.0,
      3041050.0,
      1726040.0,
      884155.0,
      427025.0,
      192470.0,
      95835.0,
      41605.0
    ],
    [
      2845.0,
      5445.0,
      10230.0,
      13130.0,
      16090.0,
      33735.0,
      71190.0,
      169260.0,
      297205.0,
      651955.0,
      1361605.0,
      2791935.0,
      4781765.0,
      7560475.0,
      10721100.0,
      13724100.0,
      13693895.0,
      10906610.0,
      7005245.0,
      3854075.0,
      2174075.0,
      907310.0,
      427575.0,
      188010.0,
      107000.0,
      48690.0,
      19910.0,
      9075.0,
      4165.0,
      1585.0,
      525.0,
      195.0
    ],
    [
      92930.0,
      178530.0,
      359110.0,
      685450.0,
      1377950.0,
      2540135.0,
      4319345.0,
      6520320.0,
      8876105.0,
      10509840.0,
      10551485.0,
      9053450.0,
      6337420.0,
      3983790.0,
      2246325.0,
      1219225.0,
      611215.0,
      280425.0,
      122320.0,
      55325.0,
      24720.0,
      9135.0,
      3830.0,
      1200.0,
      580.0,
      175.0,
      85.0,
      40.0,
      5.0,
      0.0,
      0.0,
      0.0
    ],
    [
      100.0,
      270.0,
      630.0,
      875.0,
      675.0,
      1360.0,
      3075.0,
      8175.0,
      12865.0,
      27610.0,
      66680.0,
      153015.0,
      314370.0,
      640450.0,
      1430410.0,
      2774355.0,
      4448980.0,
      6844535.0,
      9877115.0,
      12025000.0,
      13164510.0,
      11086435.0,
      8540855.0,
      5633960.0,
      3838595.0,
      2389175.0,
      1213755.0,
      662960.0,
      352445.0,
      176120.0,
      79090.0,
      38125.0
    ],
    [
      6500.0,
      12520.0,
      22540.0,
      32140.0,
      49045.0,
      102020.0,
      218685.0,
      472860.0,
      655330.0,
      1327070.0,
      2574735.0,
      4666160.0,
      7157835.0,
      9723725.0,
      11682585.0,
      12053275.0,
      9951775.0,
      6705865.0,
      3969340.0,
      2130115.0,
      1132630.0,
      477260.0,
      228305.0,
      102120.0,
      73885.0,
      33705.0,
      14510.0,
      6525.0,
      2855.0,
      1090.0,
      430.0,
      130.0
    ],
    [
      1115.0,
      2085.0,
      4325.0,
      4950.0,
      6440.0,
      12915.0,
      24940.0,
      54495.0,
      99140.0,
      201420.0,
      444865.0,
      927775.0,
      2000240.0,
      3539300.0,
      6037950.0,
      9344030.0,
      12293155.0,
      13301460.0,
      11848580.0,
      9280820.0,
      6057530.0,
      3231290.0,
      1663680.0,
      837880.0,
      434835.0,
      227725.0,
      104750.0,
      53010.0,
      22595.0,
      10270.0,
      4295.0,
      2030.0
    ],
    [
      100.0,
      315.0,
      665.0,
      750.0,
      900.0,
      1935.0,
      3780.0,
      9670.0,
      15580.0,
      32020.0,
      71020.0,
      156615.0,
      364575.0,
      754420.0,
      1529395.0,
      2987485.0,
      4995985.0,
      7956045.0,
      11032345.0,
      12902500.0,
      12686860.0,
      9260040.0,
      6407620.0,
      3734435.0,
      2240055.0,
      1254390.0,
      639905.0,
      325215.0,
      146475.0,
      67905.0,
      31795.0,
      14720.0
    ],
    [
      1445.0,
      2850.0,
      5760.0,
      7350.0,
      10235.0,
      19950.0,
      38425.0,
      83615.0,
      152710.0,
      312840.0,
      655360.0,
      1352185.0,
      2674850.0,
      4598020.0,
      7319375.0,
      10767255.0,
      12844010.0,
      12565575.0,
      10186765.0,
      7128525.0,
      4300910.0,
      2067560.0,
      1046285.0,
      506750.0,
      262240.0,
      133165.0,
      61725.0,
      29735.0,
      13135.0,
      5785.0,
      2375.0,
      1130.0
    ],
    [
      5930.0,
      11065.0,
      18545.0,
      23040.0,
      29280.0,
      57320.0,
      114185.0,
      256215.0,
      515560.0,
      1114930.0,
      2202985.0,
      4268885.0,
      6609300.0,
      9875810.0,
      12449010.0,
      13209370.0,
      10278620.0,
      6711790.0,
      3668325.0,
      1419040.0,
      675275.0,
      241465.0,
      110910.0,
      44425.0,
      19485.0,
      7140.0,
      2230.0,
      875.0,
      495.0,
      100.0,
      30.0,
      30.0
    ],
    [
      0.0,
      5.0,
      15.0,
      40.0,
      10.0,
      65.0,
      105.0,
      405.0,
      715.0,
      1280.0,
      3820.0,
      10495.0,
      18825.0,
      38895.0,
      81635.0,
      183675.0,
      417585.0,
      1000965.0,
      2321000.0,
      3976340.0,
      6274160.0,
      8291935.0,
      10525825.0,
      9783120.0,
      7628725.0,
      5044130.0,
      2714330.0,
      1424950.0,
      767905.0,
      358860.0,
      154075.0,
      70015.0
    ],
    [
      4465.0,
      8515.0,
      14915.0,
      17200.0,
      21785.0,
      40580.0,
      80105.0,
      171275.0,
      451695.0,
      923560.0,
      1869525.0,
      3560615.0,
      5836360.0,
      9051355.0,
      12454045.0,
      14703430.0,
      13429385.0,
      10587090.0,
      6662260.0,
      3146855.0,
      1586300.0,
      623760.0,
      281905.0,
      126330.0,
      44130.0,
      19645.0,
      7070.0,
      3285.0,
      1480.0,
      465.0,
      160.0,
      105.0
    ],
    [
      405.0,
      985.0,
      2705.0,
      2730.0,
      2730.0,
      5215.0,
      12270.0,
      26835.0,
      41520.0,
      81280.0,
      207710.0,
      428105.0,
      771385.0,
      1580280.0,
      4030500.0,
      7918265.0,
      11784705.0,
      14708810.0,
      14634755.0,
      11462960.0,
      8681750.0,
      4776430.0,
      2090820.0,
      994040.0,
      536145.0,
      277465.0,
      102045.0,
      52575.0,
      29815.0,
      13355.0,
      4415.0,
      2120.0
    ],
    [
      8240.0,
      14915.0,
      26290.0,
      33405.0,
      43880.0,
      82555.0,
      173585.0,
      359980.0,
      669080.0,
      1336015.0,
      2748020.0,
      4939455.0,
      7534205.0,
      10794845.0,
      13461455.0,
      14302080.0,
      12184130.0,
      9047915.0,
      4989295.0,
      2096630.0,
      1042100.0,
      412550.0,
      183530.0,
      85115.0,
      43030.0,
      19960.0,
