{
  "baseline_mean": [
    7.543281680749211,
    6.00186760125531,
    2.9986023654438116,
    5.834751145285747,
    2.914598899459032,
    6.004426428806736,
    3.6453530367254032,
    7.976287322781265,
    2.686327417372908,
    4.010189624572524,
    7.005630353411981,
    -0.8910681714735658,
    3.9762520294435193,
    3.946451160711389,
    5.64888841255033,
    1.0565835363073766
  ],
  "baseline_stddev": [
    0.6072633862966594,
    0.2210396263732535,
    0.1959652914123742,
    0.4482585919362521,
    0.3356931745993215,
    0.2707766501240695,
    0.5311227587703207,
    0.23108788767189303,
    0.5947491457958777,
    0.24347608805864687,
    0.27654425063338467,
    0.404630060326061,
    0.21177940286803826,
    0.3736621481748969,
    0.6607694776066655,
    0.3254248019019981
  ],
  "baselines": [
    -14.0,
    6.0,
    3.0,
    6.0,
    3.0,
    6.0,
    4.0,
    8.0,
    3.0,
    4.0,
    7.0,
    -1.0,
    4.0,
    4.0,
    6.0,
    14.0
  ],
  "bl_range": [
    -15,
    -14,
    -13,
    -12,
    -11,
    -10,
    -9,
    -8,
    -7,
    -6,
    -5,
    -4,
    -3,
    -2,
    -1,
    0,
    1,
    2,
    3,
    4,
    5,
    6,
    7,
    8,
    9,
    10,
    11,
    12,
    13,
    14,
    15
  ],
  "ch_error": [
    0.0,
    0.0,
    0.0,
    0.0,
    0.0,
    0.0,
    0.0,
    0.0,
    0.0,
    0.0,
    0.0,
    0.0,
    0.0,
    0.0,
    0.0,
    0.0
  ],
  "noise_scan_raw": [
    [
      0,
      0,
      0,
      0,
      0,
      0,
      0,
      0,
      0,
      0,
      0,
      0,
      0,
      3,
      22,
      41,
      43,
      44,
      61,
      140,
      467,
      14371,
      204081,
      277551,
      5109,
      169,
      85,
      82,
      56,
      43,
      27
    ],
    [
      0,
      0,
      0,
      0,
      0,
      0,
      0,
      0,
      0,
      0,
      0,
      0,
      0,
      4,
      30,
      40,
      44,
      51,
      117,
      856,
      7448,
      657672,
      9933,
      377,
      83,
      58,
      48,
      30,
      11,
      2,
      0
    ],
    [
      0,
      0,
      0,
      0,
      0,
      0,
      0,
      0,
      0,
      0,
      8,
      29,
      42,
      43,
      58,
      82,
      465,
      13058,
      970186,
      11971,
      554,
      83,
      59,
      34,
      11,
      1,
      0,
      0,
      0,
      0,
      0
    ],
    [
      0,
      0,
      0,
      0,
      0,
      0,
      0,
      0,
      0,
      0,
      0,
      0,
      1,
      13,
      37,
      42,
      46,
      60,
      199,
      1736,
      46589,
      245177,
      1771,
      129,
      76,
      51,
      42,
      21,
      6,
      0,
      0
    ],
    [
      0,
      0,
      0,
      0,
      0,
      0,
      0,
      0,
      0,
      0,
      13,
      36,
      42,
      45,
      68,
      112,
      1215,
      70060,
      695368,
      6553,
      297,
      76,
      51,
      30,
      16,
      1,
      0,
      0,
      0,
      0,
      0
    ],
    [
      0,
      0,
      0,
      0,
      0,
      0,
      0,
      0,
      0,
      0,
      0,
      0,
      1,
      23,
      39,
      43,
      45,
      54,
      152,
      927,
      9791,
      572626,
      13369,
      645,
      91,
      76,
      53,
      42,
      16,
      6,
      0
    ],
    [
      0,
      0,
      0,
      0,
      0,
      0,
      0,
      0,
      0,
      0,
      0,
      4,
      28,
      41,
      45,
      60,
      97,
      660,
      101540,
      178525,
      2438,
      224,
      71,
      46,
      25,
      5,
      0,
      0,
      0,
      0,
      0
    ],
    [
      0,
      0,
      0,
      0,
      0,
      0,
      0,
      0,
      0,
      0,
      0,
      0,
      0,
      0,
      0,
      0,
      3,
      29,
      38,
      43,
      78,
      1618,
      7641,
      396262,
      1139,
      100,
      74,
      54,
      33,
      12,
      0
    ],
    [
      0,
      0,
      0,
      0,
      0,
      0,
      0,
      0,
      2,
      19,
      37,
      40,
      44,
      59,
      82,
      276,
      3552,
      160771,
      288024,
      20235,
      247,
      87,
      68,
      40,
      32,
      15,
      4,
      0,
      0,
      0,
      0
    ],
    [
      0,
      0,
      0,
      0,
      0,
      0,
      0,
      0,
      0,
      0,
      1,
      13,
      31,
      42,
      43,
      52,
      98,
      894,
      18071,
      1067058,
      30073,
      669,
      103,
      73,
      42,
      31,
      17,
      2,
      0,
      0,
      0
    ],
    [
      0,
      0,
      0,
      0,
      0,
      0,
      0,
      0,
      0,
      0,
      0,
      0,
      0,
      0,
      6,
      33,
      42,
      43,
      61,
      382,
      1068,
      10114,
      605725,
      15353,
      557,
      96,
      82,
      61,
      42,
      30,
      13
    ],
    [
      0,
      0,
      0,
      0,
      0,
      10,
      34,
      41,
      41,
      47,
      71,
      105,
      409,
      8834,
      518809,
      70687,
      2670,
      83,
      64,
      44,
      28,
      4,
      1,
      0,
      0,
      0,
      0,
      0,
      0,
      0,
      0
    ],
    [
      0,
      0,
      0,
      0,
      0,
      0,
      0,
      0,
      0,
      0,
      0,
      8,
      33,
      42,
      45,
      55,
      114,
      1224,
      32511,
      1180406,
      5919,
      178,
      95,
      59,
      45,
      28,
      15,
      1,
      0,
      0,
      0
    ],
    [
      0,
      0,
      0,
      0,
      0,
      0,
      0,
      0,
      0,
      1,
      10,
      30,
      36,
      41,
      49,
      63,
      146,
      1246,
      57111,
      628422,
      21172,
      474,
      98,
      73,
      50,
      42,
      21,
      4,
      2,
      0,
      0
    ],
    [
      0,
      0,
      0,
      0,
      0,
      0,
      0,
      0,
      0,
      0,
      0,
      0,
      2,
      19,
      36,
      42,
      48,
      76,
      317,
      31567,
      84414,
      289294,
      4382,
      116,
      84,
      58,
      44,
      27,
      12,
      1,
      0
    ],
    [
      0,
      0,
      0,
      0,
      0,
      0,
      0,
      0,
      22,
      37,
      42,
      44,
      71,
      100,
      714,
      11341,
      798367,
      57281,
      2407,
      216,
      67,
      47,
      28,
      17,
      0,
      0,
      0,
      0,
      0,
      0,
      0
    ]
  ],
  "t1_calib_efficiency": [
    0.0,
    0.0,
    0.0,
    0.0,
    0.0,
    0.0,
    0.0,
    0.0,
    0.0,
    0.0,
    0.0,
    0.0,
    0.0,
    0.0,
    0.0,
    0.0
  ]
}