{
  "baseline_mean": [
    9.787954439799794,
    8.863779419813902,
    -0.29649630523146786,
    2.1096660280342725,
    2.6540008112675193,
    2.3516421192265566,
    6.868867475007286,
    12.91697672447086,
    7.700525669593329,
    7.874234768466065,
    -0.09411386883705769,
    13.693182639050226,
    6.8471878833114275,
    10.231879020361209,
    3.8192817640843946,
    1.8780622629512116
  ],
  "baseline_stddev": [
    0.7453670830651952,
    0.7617456708409406,
    0.8362415376293626,
    0.6972861772459937,
    0.78477159734917,
    0.8049086195189706,
    0.8779744962083808,
    0.7586312461655454,
    0.7457922174553361,
    0.6574252014262678,
    0.6432388763170768,
    0.6729608653441035,
    0.6585739406222793,
    0.7581155533068529,
    0.6889256785140241,
    0.6200742980519433
  ],
  "baselines": [
    10.0,
    9.0,
    -0.0,
    2.0,
    3.0,
    2.0,
    7.0,
    13.0,
    8.0,
    8.0,
    -0.0,
    14.0,
    7.0,
    10.0,
    4.0,
    2.0
  ],
  "bl_range": [
    -15,
    -14,
    -13,
    -12,
    -11,
    -10,
    -9,
    -8,
    -7,
    -6,
    -5,
    -4,
    -3,
    -2,
    -1,
    0,
    1,
    2,
    3,
    4,
    5,
    6,
    7,
    8,
    9,
    10,
    11,
    12,
    13,
    14,
    15,
    16
  ],
  "ch_error": [
    0.0,
    0.0,
    0.0,
    0.0,
    0.0,
    0.0,
    0.0,
    0.0,
    0.0,
    0.0,
    0.0,
    0.0,
    0.0,
    0.0,
    0.0,
    0.0
  ],
  "noise_scan_raw": [
    [
      0.0,
      0.0,
      0.0,
      0.0,
      0.0,
      0.0,
      0.0,
      0.0,
      0.0,
      0.0,
      0.0,
      0.0,
      0.0,
      0.0,
      0.0,
      0.0,
      0.0,
      35.0,
      90.0,
      680.0,
      2870.0,
      9340.0,
      66190.0,
      344080.0,
      2550730.0,
      6666505.0,
      901160.0,
      125820.0,
      19665.0,
      3330.0,
      405.0,
      10.0
    ],
    [
      0.0,
      0.0,
      0.0,
      0.0,
      0.0,
      0.0,
      0.0,
      0.0,
      0.0,
      0.0,
      0.0,
      0.0,
      0.0,
      0.0,
      0.0,
      0.0,
      20.0,
      135.0,
      535.0,
      3605.0,
      11270.0,
      39320.0,
      328575.0,
      1599020.0,
      5612870.0,
      976720.0,
      98345.0,
      21600.0,
      3895.0,
      545.0,
      65.0,
      0.0
    ],
    [
      0.0,
      0.0,
      0.0,
      0.0,
      0.0,
      0.0,
      0.0,
      0.0,
      15.0,
      185.0,
      1480.0,
      8070.0,
      36495.0,
      260425.0,
      2857770.0,
      3815280.0,
      664700.0,
      224205.0,
      19545.0,
      3245.0,
      700.0,
      120.0,
      5.0,
      0.0,
      0.0,
      0.0,
      0.0,
      0.0,
      0.0,
      0.0,
      0.0,
      0.0
    ],
    [
      0.0,
      0.0,
      0.0,
      0.0,
      0.0,
      0.0,
      0.0,
      0.0,
      0.0,
      0.0,
      5.0,
      30.0,
      305.0,
      4010.0,
      22990.0,
      137360.0,
      692360.0,
      5608195.0,
      1546945.0,
      132655.0,
      31280.0,
      7935.0,
      2395.0,
      270.0,
      30.0,
      0.0,
      0.0,
      0.0,
      0.0,
      0.0,
      0.0,
      0.0
    ],
    [
      0.0,
      0.0,
      0.0,
      0.0,
      0.0,
      0.0,
      0.0,
      0.0,
      0.0,
      0.0,
      5.0,
      10.0,
      285.0,
      3385.0,
      15760.0,
      65430.0,
      275440.0,
      2612590.0,
      4216850.0,
      517935.0,
      69555.0,
      17980.0,
      6130.0,
      1170.0,
      65.0,
      15.0,
      0.0,
      0.0,
      0.0,
      0.0,
      0.0,
      0.0
    ],
    [
      0.0,
      0.0,
      0.0,
      0.0,
      0.0,
      0.0,
      0.0,
      0.0,
      0.0,
      0.0,
      35.0,
      280.0,
      2270.0,
      13080.0,
      43040.0,
      217945.0,
      1102580.0,
      8008445.0,
      5640785.0,
      610595.0,
      93305.0,
      20925.0,
      8035.0,
      1515.0,
      170.0,
      10.0,
      0.0,
      0.0,
      0.0,
      0.0,
      0.0,
      0.0
    ],
    [
      0.0,
      0.0,
      0.0,
      0.0,
      0.0,
      0.0,
      0.0,
      0.0,
      0.0,
      0.0,
      0.0,
      0.0,
      0.0,
      0.0,
      75.0,
      630.0,
      3645.0,
      14515.0,
      39015.0,
      89635.0,
      209515.0,
      1722505.0,
      5344815.0,
      966560.0,
      214170.0,
      31040.0,
      8355.0,
      1640.0,
      375.0,
      15.0,
      15.0,
      0.0
    ],
    [
      0.0,
      0.0,
      0.0,
      0.0,
      0.0,
      0.0,
      0.0,
      0.0,
      0.0,
      0.0,
      0.0,
      0.0,
      0.0,
      0.0,
      0.0,
      0.0,
      0.0,
      0.0,
      0.0,
      0.0,
      15.0,
      95.0,
      875.0,
      5775.0,
      21250.0,
      79410.0,
      225275.0,
      1624030.0,
      6764220.0,
      1161455.0,
      175320.0,
      27765.0
    ],
    [
      0.0,
      0.0,
      0.0,
      0.0,
      0.0,
      0.0,
      0.0,
      0.0,
      0.0,
      0.0,
      0.0,
      0.0,
      0.0,
      0.0,
      0.0,
      0.0,
      20.0,
      80.0,
      755.0,
      6120.0,
      38740.0,
      356540.0,
      3737350.0,
      5906915.0,
      970460.0,
      128500.0,
      7940.0,
      820.0,
      105.0,
      0.0,
      0.0,
      0.0
    ],
    [
      0.0,
      0.0,
      0.0,
      0.0,
      0.0,
      0.0,
      0.0,
      0.0,
      0.0,
      0.0,
      0.0,
      0.0,
      0.0,
      0.0,
      0.0,
      0.0,
      15.0,
      35.0,
      250.0,
      2200.0,
      15515.0,
      151250.0,
      1803025.0,
      5846590.0,
      821545.0,
      106400.0,
      7895.0,
      735.0,
      65.0,
      0.0,
      0.0,
      0.0
    ],
    [
      0.0,
      0.0,
      0.0,
      0.0,
      0.0,
      0.0,
      0.0,
      0.0,
      0.0,
      10.0,
      60.0,
      640.0,
      6920.0,
      86160.0,
      964415.0,
      3558660.0,
      532520.0,
      62090.0,
      3870.0,
      285.0,
      20.0,
      0.0,
      0.0,
      0.0,
      0.0,
      0.0,
      0.0,
      0.0,
      0.0,
      0.0,
      0.0,
      0.0
    ],
    [
      0.0,
      0.0,
      0.0,
      0.0,
      0.0,
      0.0,
      0.0,
      0.0,
      0.0,
      0.0,
      0.0,
      0.0,
      0.0,
      0.0,
      0.0,
      0.0,
      0.0,
      0.0,
      0.0,
      0.0,
      0.0,
      0.0,
      5.0,
      25.0,
      475.0,
      3275.0,
      30905.0,
      241235.0,
      2297045.0,
      4612875.0,
      463950.0,
      33315.0
    ],
    [
      0.0,
      0.0,
      0.0,
      0.0,
      0.0,
      0.0,
      0.0,
      0.0,
      0.0,
      0.0,
      0.0,
      0.0,
      0.0,
      0.0,
      0.0,
      0.0,
      45.0,
      175.0,
      1430.0,
      19410.0,
      143580.0,
      1592550.0,
      4760945.0,
      713630.0,
      52865.0,
      3650.0,
      170.0,
      10.0,
      0.0,
      0.0,
      0.0,
      0.0
    ],
    [
      0.0,
      0.0,
      0.0,
      0.0,
      0.0,
      0.0,
      0.0,
      0.0,
      0.0,
      0.0,
      0.0,
      0.0,
      0.0,
      0.0,
      0.0,
      0.0,
      0.0,
      0.0,
      0.0,
      15.0,
      50.0,
      980.0,
      29230.0,
      166865.0,
      510985.0,
      4145240.0,
      2192555.0,
      187645.0,
      15165.0,
      1025.0,
      55.0,
      5.0
    ],
    [
      0.0,
      0.0,
      0.0,
      0.0,
      0.0,
      0.0,
      0.0,
      0.0,
      0.0,
      0.0,
      0.0,
      0.0,
      0.0,
      5.0,
      215.0,
      2010.0,
      21075.0,
      240050.0,
      1566465.0,
      4811450.0,
      634785.0,
      64730.0,
      8520.0,
      215.0,
      15.0,
      0.0,
      0.0,
      0.0,
      0.0,
      0.0,
      0.0,
      0.0
    ],
    [
      0.0,
      0.0,
      0.0,
      0.0,
      0.0,
      0.0,
      0.0,
      0.0,
      0.0,
      0.0,
      0.0,
      10.0,
      220.0,
      1975.0,
      19160.0,
      166075.0,
      1317625.0,
      5631885.0,
      620900.0,
      58445.0,
      6720.0,
      990.0,
      65.0,
      5.0,
      0.0,
      0.0,
      0.0,
      0.0,
      0.0,
      0.0,
