{
  "baseline_mean": [
    6.228888805913067,
    1.4157876002937841,
    1.3212679998983234,
    2.511907371131902,
    3.500065138173192,
    8.038871809034317,
    0.7043075791682517,
    6.262214418890643,
    2.6658084462092067,
    3.4290567276237045,
    2.1830216227617205,
    0.8844899618212885,
    2.5000505097014902,
    -1.4240251359843237,
    -0.9604666654137615,
    6.641855015428647
  ],
  "baseline_stddev": [
    1.153967640009911,
    0.9527213435666686,
    0.9526197250210773,
    1.0847594444182893,
    1.1428504347702775,
    1.1179540241237604,
    1.004703200425843,
    1.2487879704469553,
    0.9034852292981707,
    0.9769711366957106,
    0.8675776785673195,
    0.7897873421688664,
    0.9037367186659598,
    0.7617316572006413,
    0.6429378123124888,
    0.8617487639427637
  ],
  "baselines": [
    6.0,
    1.0,
    1.0,
    3.0,
    4.0,
    8.0,
    1.0,
    6.0,
    3.0,
    3.0,
    2.0,
    1.0,
    3.0,
    -1.0,
    -1.0,
    7.0
  ],
  "bl_range": [
    -15,
    -14,
    -13,
    -12,
    -11,
    -10,
    -9,
    -8,
    -7,
    -6,
    -5,
    -4,
    -3,
    -2,
    -1,
    0,
    1,
    2,
    3,
    4,
    5,
    6,
    7,
    8,
    9,
    10,
    11,
    12,
    13,
    14,
    15,
    16
  ],
  "ch_error": [
    0.0,
    0.0,
    0.0,
    0.0,
    0.0,
    0.0,
    0.0,
    0.0,
    0.0,
    0.0,
    0.0,
    0.0,
    0.0,
    0.0,
    0.0,
    0.0
  ],
  "noise_scan_raw": [
    [
      0.0,
      0.0,
      0.0,
      0.0,
      0.0,
      0.0,
      0.0,
      0.0,
      0.0,
      0.0,
      0.0,
      0.0,
      0.0,
      20.0,
      370.0,
      2500.0,
      15865.0,
      114915.0,
      301395.0,
      617545.0,
      1225070.0,
      5793790.0,
      4595005.0,
      932290.0,
      160090.0,
      30575.0,
      2670.0,
      330.0,
      55.0,
      20.0,
      0.0,
      0.0
    ],
    [
      0.0,
      0.0,
      0.0,
      0.0,
      0.0,
      0.0,
      0.0,
      0.0,
      0.0,
      10.0,
      145.0,
      875.0,
      7205.0,
      66405.0,
      339865.0,
      1278980.0,
      6164660.0,
      5212695.0,
      1061950.0,
      224855.0,
      36215.0,
      4130.0,
      310.0,
      25.0,
      0.0,
      0.0,
      0.0,
      0.0,
      0.0,
      0.0,
      0.0,
      0.0
    ],
    [
      0.0,
      0.0,
      0.0,
      0.0,
      0.0,
      0.0,
      0.0,
      5.0,
      5.0,
      20.0,
      270.0,
      1500.0,
      11865.0,
      103920.0,
      487900.0,
      2004445.0,
      8683995.0,
      6136295.0,
      1144140.0,
      252435.0,
      50230.0,
      5905.0,
      445.0,
      60.0,
      5.0,
      0.0,
      0.0,
      0.0,
      0.0,
      0.0,
      0.0,
      0.0
    ],
    [
      0.0,
      0.0,
      0.0,
      0.0,
      0.0,
      0.0,
      0.0,
      0.0,
      0.0,
      0.0,
      10.0,
      260.0,
      1215.0,
      9745.0,
      90300.0,
      463865.0,
      1637980.0,
      4396805.0,
      6229700.0,
      1300700.0,
      362595.0,
      98115.0,
      7775.0,
      950.0,
      155.0,
      30.0,
      0.0,
      0.0,
      0.0,
      0.0,
      0.0,
      0.0
    ],
    [
      0.0,
      0.0,
      0.0,
      0.0,
      0.0,
      0.0,
      0.0,
      0.0,
      0.0,
      0.0,
      0.0,
      65.0,
      380.0,
      2285.0,
      22170.0,
      178955.0,
      642180.0,
      1648280.0,
      4829815.0,
      6777045.0,
      1508980.0,
      482770.0,
      90590.0,
      11325.0,
      1240.0,
      250.0,
      10.0,
      0.0,
      0.0,
      0.0,
      0.0,
      0.0
    ],
    [
      0.0,
      0.0,
      0.0,
      0.0,
      0.0,
      0.0,
      0.0,
      0.0,
      0.0,
      0.0,
      0.0,
      0.0,
      0.0,
      5.0,
      25.0,
      195.0,
      850.0,
      6780.0,
      29155.0,
      86045.0,
      274660.0,
      753590.0,
      2075795.0,
      7619730.0,
      3207205.0,
      750645.0,
      218675.0,
      34205.0,
      4625.0,
      880.0,
      155.0,
      10.0
    ],
    [
      0.0,
      0.0,
      0.0,
      0.0,
      0.0,
      0.0,
      0.0,
      10.0,
      65.0,
      320.0,
      1655.0,
      11025.0,
      69715.0,
      354090.0,
      923485.0,
      4704190.0,
      8170895.0,
      1618605.0,
      524855.0,
      107785.0,
      19030.0,
      1815.0,
      305.0,
      35.0,
      0.0,
      0.0,
      0.0,
      0.0,
      0.0,
      0.0,
      0.0,
      0.0
    ],
    [
      0.0,
      0.0,
      0.0,
      0.0,
      0.0,
      0.0,
      0.0,
      0.0,
      0.0,
      0.0,
      0.0,
      15.0,
      60.0,
      185.0,
      1720.0,
      10990.0,
      47830.0,
      200995.0,
      405560.0,
      791415.0,
      1698460.0,
      6932560.0,
      6224645.0,
      1497750.0,
      264785.0,
      77395.0,
      9900.0,
      1405.0,
      250.0,
      105.0,
      5.0,
      0.0
    ],
    [
      0.0,
      0.0,
      0.0,
      0.0,
      0.0,
      0.0,
      0.0,
      0.0,
      0.0,
      0.0,
      0.0,
      70.0,
      330.0,
      3310.0,
      35690.0,
      243785.0,
      701035.0,
      3112515.0,
      6590010.0,
      843675.0,
      253795.0,
      32790.0,
      1875.0,
      135.0,
      15.0,
      0.0,
      0.0,
      0.0,
      0.0,
      0.0,
      0.0,
      0.0
    ],
    [
      0.0,
      0.0,
      0.0,
      0.0,
      0.0,
      0.0,
      0.0,
      0.0,
      0.0,
      0.0,
      0.0,
      5.0,
      65.0,
      270.0,
      4665.0,
      52095.0,
      266575.0,
      980040.0,
      4145825.0,
      3821155.0,
      812205.0,
      200670.0,
      13860.0,
      950.0,
      120.0,
      10.0,
      0.0,
      0.0,
      0.0,
      0.0,
      0.0,
      0.0
    ],
    [
      0.0,
      0.0,
      0.0,
      0.0,
      0.0,
      0.0,
      0.0,
      0.0,
      0.0,
      0.0,
      0.0,
      65.0,
      400.0,
      5255.0,
      64495.0,
      356955.0,
      1146645.0,
      5896685.0,
      3052750.0,
      396605.0,
      74355.0,
      4980.0,
      325.0,
      5.0,
      0.0,
      0.0,
      0.0,
      0.0,
      0.0,
      0.0,
      0.0,
      0.0
    ],
    [
      0.0,
      0.0,
      0.0,
      0.0,
      0.0,
      0.0,
      0.0,
      0.0,
      0.0,
      0.0,
      20.0,
      400.0,
      3695.0,
      76395.0,
      617930.0,
      1829285.0,
      7612640.0,
      1459085.0,
      218805.0,
      14750.0,
      720.0,
      90.0,
      5.0,
      0.0,
      0.0,
      0.0,
      0.0,
      0.0,
      0.0,
      0.0,
      0.0,
      0.0
    ],
    [
      0.0,
      0.0,
      0.0,
      0.0,
      0.0,
      0.0,
      0.0,
      0.0,
      0.0,
      0.0,
      0.0,
      5.0,
      100.0,
      1155.0,
      27070.0,
      229785.0,
      709660.0,
      3060340.0,
      4273360.0,
      520685.0,
      125875.0,
      10195.0,
      425.0,
      20.0,
      0.0,
      0.0,
      0.0,
      0.0,
      0.0,
      0.0,
      0.0,
      0.0
    ],
    [
      0.0,
      0.0,
      0.0,
      0.0,
      0.0,
      0.0,
      0.0,
      5.0,
      15.0,
      95.0,
      2435.0,
      35850.0,
      416100.0,
      2819260.0,
      3562655.0,
      498515.0,
      61430.0,
      3265.0,
      125.0,
      0.0,
      0.0,
      0.0,
      0.0,
      0.0,
      0.0,
      0.0,
      0.0,
      0.0,
      0.0,
      0.0,
      0.0,
      0.0
    ],
    [
      0.0,
      0.0,
      0.0,
      0.0,
      0.0,
      0.0,
      0.0,
      0.0,
      0.0,
      60.0,
      690.0,
      14385.0,
      126405.0,
      988790.0,
      7093095.0,
      1065010.0,
      267105.0,
      21575.0,
      615.0,
      10.0,
      0.0,
      0.0,
      0.0,
      0.0,
      0.0,
      0.0,
      0.0,
      0.0,
      0.0,
      0.0,
      0.0,
      0.0
    ],
    [
      0.0,
      0.0,
      0.0,
      0.0,
      0.0,
      0.0,
      0.0,
      0.0,
      0.0,
      0.0,
      0.0,
      0.0,
      0.0,
      0.0,
      0.0,
      30.0,
      295.0,
      3270.0,
      29985.0,
      102580.0,
      317995.0,
