{
  "baseline_mean": [
    6.817161312127983,
    4.209887850214884,
    -0.053037406290073044,
    5.45409213737075,
    5.669870818392544,
    4.853517649626276,
    0.7163338434522086,
    4.612862565645,
    -0.9392728615438878,
    4.731285258416396,
    7.642901026204928,
    4.016425302384805,
    4.27665167487874,
    4.380381956089512,
    8.346315660537588,
    11.18331737779487
  ],
  "baseline_stddev": [
    1.5983972907736526,
    1.0473818375053507,
    1.836137948166485,
    1.1229053862080165,
    1.2520136468473355,
    1.055803990181662,
    1.6784682051713742,
    0.9137961788275101,
    1.6872378840994027,
    1.095897372194235,
    1.9284876463995884,
    1.373940161322439,
    1.1696493481472297,
    1.1826729029079073,
    1.8855889295987858,
    1.4965715002730038
  ],
  "baselines": [
    7.0,
    4.0,
    -0.0,
    5.0,
    6.0,
    5.0,
    1.0,
    5.0,
    -1.0,
    5.0,
    8.0,
    4.0,
    4.0,
    4.0,
    8.0,
    11.0
  ],
  "bl_range": [
    -15,
    -14,
    -13,
    -12,
    -11,
    -10,
    -9,
    -8,
    -7,
    -6,
    -5,
    -4,
    -3,
    -2,
    -1,
    0,
    1,
    2,
    3,
    4,
    5,
    6,
    7,
    8,
    9,
    10,
    11,
    12,
    13,
    14,
    15,
    16
  ],
  "ch_error": [
    0.0,
    0.0,
    0.0,
    0.0,
    0.0,
    0.0,
    0.0,
    0.0,
    0.0,
    0.0,
    0.0,
    0.0,
    0.0,
    0.0,
    0.0,
    0.0
  ],
  "noise_scan_raw": [
    [
      0.0,
      0.0,
      0.0,
      0.0,
      0.0,
      0.0,
      0.0,
      0.0,
      0.0,
      0.0,
      0.0,
      0.0,
      5.0,
      0.0,
      30.0,
      250.0,
      1250.0,
      5355.0,
      37865.0,
      893070.0,
      7432975.0,
      2320610.0,
      5670960.0,
      6534905.0,
      2790235.0,
      749765.0,
      149550.0,
      30390.0,
      9310.0,
      1710.0,
      210.0,
      55.0
    ],
    [
      0.0,
      0.0,
      0.0,
      0.0,
      0.0,
      0.0,
      0.0,
      5.0,
      0.0,
      5.0,
      60.0,
      290.0,
      960.0,
      5075.0,
      38285.0,
      150850.0,
      624805.0,
      1963565.0,
      6934845.0,
      12998665.0,
      20061255.0,
      1127880.0,
      126790.0,
      22450.0,
      5450.0,
      750.0,
      50.0,
      20.0,
      0.0,
      0.0,
      0.0,
      0.0
    ],
    [
      0.0,
      0.0,
      0.0,
      0.0,
      0.0,
      5.0,
      45.0,
      455.0,
      5400.0,
      21950.0,
      97275.0,
      372105.0,
      1401430.0,
      3885915.0,
      8045985.0,
      9778190.0,
      4860020.0,
      1539715.0,
      543420.0,
      1167800.0,
      1232785.0,
      2710.0,
      190.0,
      25.0,
      0.0,
      0.0,
      0.0,
      0.0,
      0.0,
      0.0,
      0.0,
      0.0
    ],
    [
      0.0,
      0.0,
      0.0,
      0.0,
      0.0,
      0.0,
      0.0,
      0.0,
      0.0,
      0.0,
      5.0,
      0.0,
      25.0,
      85.0,
      525.0,
      3505.0,
      21325.0,
      85800.0,
      467480.0,
      6327835.0,
      19200800.0,
      9531550.0,
      5473375.0,
      1677255.0,
      332165.0,
      65415.0,
      10715.0,
      1495.0,
      320.0,
      45.0,
      10.0,
      5.0
    ],
    [
      0.0,
      0.0,
      0.0,
      0.0,
      0.0,
      0.0,
      0.0,
      0.0,
      0.0,
      0.0,
      10.0,
      20.0,
      25.0,
      145.0,
      1185.0,
      5540.0,
      20880.0,
      63970.0,
      342755.0,
      4380165.0,
      16944800.0,
      7583530.0,
      6284035.0,
      2595335.0,
      632420.0,
      165020.0,
      31465.0,
      6740.0,
      1350.0,
      285.0,
      45.0,
      20.0
    ],
    [
      0.0,
      0.0,
      0.0,
      0.0,
      0.0,
      0.0,
      0.0,
      0.0,
      0.0,
      0.0,
      25.0,
      95.0,
      450.0,
      2245.0,
      14110.0,
      50870.0,
      193855.0,
      463170.0,
      2205820.0,
      10731645.0,
      21527725.0,
      5742135.0,
      1641400.0,
      481260.0,
      154940.0,
      39110.0,
      6115.0,
      1195.0,
      230.0,
      35.0,
      5.0,
      5.0
    ],
    [
      0.0,
      0.0,
      0.0,
      0.0,
      0.0,
      5.0,
      0.0,
      85.0,
      545.0,
      2765.0,
      18835.0,
      92020.0,
      393425.0,
      1531535.0,
      4939365.0,
      10095940.0,
      9930025.0,
      3411560.0,
      1192670.0,
      1610945.0,
      1554120.0,
      5215.0,
      375.0,
      40.0,
      5.0,
      0.0,
      0.0,
      0.0,
      0.0,
      0.0,
      0.0,
      0.0
    ],
    [
      0.0,
      0.0,
      0.0,
      0.0,
      0.0,
      0.0,
      0.0,
      0.0,
      0.0,
      0.0,
      15.0,
      70.0,
      400.0,
      2165.0,
      13040.0,
      54900.0,
      204250.0,
      548185.0,
      2567055.0,
      11715710.0,
      20942660.0,
      2708720.0,
      585210.0,
      129955.0,
      23880.0,
      4330.0,
      615.0,
      125.0,
      10.0,
      0.0,
      0.0,
      0.0
    ],
    [
      0.0,
      0.0,
      0.0,
      5.0,
      50.0,
      340.0,
      1865.0,
      10225.0,
      33755.0,
      142945.0,
      513525.0,
      1985365.0,
      4438210.0,
      8896070.0,
      11678400.0,
      10399340.0,
      5166665.0,
      907835.0,
      278150.0,
      486550.0,
      421165.0,
      2085.0,
      160.0,
      40.0,
      5.0,
      0.0,
      0.0,
      0.0,
      0.0,
      0.0,
      0.0,
      0.0
    ],
    [
      0.0,
      0.0,
      0.0,
      0.0,
      0.0,
      0.0,
      0.0,
      5.0,
      0.0,
      15.0,
      80.0,
      290.0,
      2575.0,
      10350.0,
      48355.0,
      146345.0,
      414435.0,
      644445.0,
      2282570.0,
      10764345.0,
      21257720.0,
      4546135.0,
      1383630.0,
      351490.0,
      73325.0,
      17070.0,
      2750.0,
      515.0,
      80.0,
      15.0,
      0.0,
      5.0
    ],
    [
      0.0,
      0.0,
      0.0,
      0.0,
      0.0,
      0.0,
      0.0,
      0.0,
      0.0,
      0.0,
      10.0,
      0.0,
      20.0,
      45.0,
      285.0,
      940.0,
      3760.0,
      8900.0,
      39445.0,
      528815.0,
      7474860.0,
      1820025.0,
      4042790.0,
      7149805.0,
      7549720.0,
      3746350.0,
      1047000.0,
      377330.0,
      91515.0,
      31445.0,
      5985.0,
      2055.0
    ],
    [
      0.0,
      0.0,
      0.0,
      0.0,
      0.0,
      0.0,
      0.0,
      10.0,
      10.0,
      55.0,
      405.0,
      2530.0,
      9860.0,
      50280.0,
      212625.0,
      854285.0,
      2176860.0,
      3365760.0,
      7284320.0,
      14285310.0,
      20427290.0,
      1949410.0,
      454565.0,
      93315.0,
      32445.0,
      5185.0,
      760.0,
      135.0,
      35.0,
      0.0,
      0.0,
      0.0
    ],
    [
      0.0,
      0.0,
      0.0,
      0.0,
      0.0,
      0.0,
      0.0,
      5.0,
      5.0,
      25.0,
      150.0,
      760.0,
      4270.0,
      21250.0,
      97785.0,
      359500.0,
      1025415.0,
      1731355.0,
      5064210.0,
      13944010.0,
      20415560.0,
      1942950.0,
      418560.0,
      97990.0,
      37785.0,
      7435.0,
      1075.0,
      160.0,
      30.0,
      0.0,
      0.0,
      0.0
    ],
    [
      0.0,
      0.0,
      0.0,
      0.0,
      0.0,
      0.0,
      0.0,
      5.0,
      5.0,
      25.0,
      170.0,
      780.0,
      3165.0,
      14915.0,
      83965.0,
      297755.0,
      971375.0,
      1681475.0,
      5588255.0,
      14936395.0,
      21924925.0,
      3623975.0,
      763245.0,
      190380.0,
      67230.0,
      16835.0,
      2000.0,
      320.0,
      75.0,
      10.0,
      0.0,
      5.0
    ],
    [
      0.0,
      0.0,
      0.0,
      0.0,
      0.0,
      0.0,
      0.0,
      0.0,
      0.0,
      0.0,
      0.0,
      0.0,
      5.0,
      0.0,
      50.0,
      245.0,
      1075.0,
      4245.0,
      17585.0,
      239235.0,
      4224520.0,
      924910.0,
      2139175.0,
      4899880.0,
      9043865.0,
      5458870.0,
      1603540.0,
