{
  "baseline_mean": [
    0.0,
    0.0,
    0.0,
    0.0,
    0.5294041428357433,
    0.5375786083976885,
    0.0,
    0.0,
    0.0,
    1.0165201799385468,
    0.5227378382642693,
    1.4972375690607733,
    0.0,
    0.5220209181210557,
    0.0,
    -1.570694087403599
  ],
  "baseline_stddev": [
    -1.0,
    -1.0,
    -1.0,
    -1.0,
    9.22145552217557,
    9.25232571053762,
    -1.0,
    -1.0,
    -1.0,
    8.938508829597618,
    9.228852572214503,
    9.085611421935882,
    -1.0,
    9.232462229626641,
    -1.0,
    8.540739495955837
  ],
  "baselines": [
    0.0,
    0.0,
    0.0,
    0.0,
    1.0,
    1.0,
    0.0,
    0.0,
    0.0,
    1.0,
    1.0,
    1.0,
    0.0,
    1.0,
    0.0,
    -2.0
  ],
  "bl_range": [
    -15,
    -14,
    -13,
    -12,
    -11,
    -10,
    -9,
    -8,
    -7,
    -6,
    -5,
    -4,
    -3,
    -2,
    -1,
    0,
    1,
    2,
    3,
    4,
    5,
    6,
    7,
    8,
    9,
    10,
    11,
    12,
    13,
    14,
    15,
    16
  ],
  "ch_error": [
    1.0,
    1.0,
    1.0,
    1.0,
    1.0,
    1.0,
    1.0,
    1.0,
    1.0,
    1.0,
    1.0,
    1.0,
    1.0,
    1.0,
    1.0,
    1.0
  ],
  "noise_scan_raw": [
    [
      0.0,
      0.0,
      0.0,
      0.0,
      0.0,
      0.0,
      0.0,
      0.0,
      0.0,
      0.0,
      0.0,
      0.0,
      0.0,
      0.0,
      0.0,
      0.0,
      0.0,
      0.0,
      0.0,
      0.0,
      0.0,
      0.0,
      0.0,
      0.0,
      0.0,
      0.0,
      0.0,
      0.0,
      0.0,
      0.0,
      0.0,
      0.0
    ],
    [
      0.0,
      0.0,
      0.0,
      0.0,
      0.0,
      0.0,
      0.0,
      0.0,
      0.0,
      0.0,
      0.0,
      0.0,
      0.0,
      0.0,
      0.0,
      0.0,
      0.0,
      0.0,
      0.0,
      0.0,
      0.0,
      0.0,
      0.0,
      0.0,
      0.0,
      0.0,
      0.0,
      0.0,
      0.0,
      0.0,
      0.0,
      0.0
    ],
    [
      0.0,
      0.0,
      0.0,
      0.0,
      0.0,
      0.0,
      0.0,
      0.0,
      0.0,
      0.0,
      0.0,
      0.0,
      0.0,
      0.0,
      0.0,
      0.0,
      0.0,
      0.0,
      0.0,
      0.0,
      0.0,
      0.0,
      0.0,
      0.0,
      0.0,
      0.0,
      0.0,
      0.0,
      0.0,
      0.0,
      0.0,
      0.0
    ],
    [
      0.0,
      0.0,
      0.0,
      0.0,
      0.0,
      0.0,
      0.0,
      0.0,
      0.0,
      0.0,
      0.0,
      0.0,
      0.0,
      0.0,
      0.0,
      0.0,
      0.0,
      0.0,
      0.0,
      0.0,
      0.0,
      0.0,
      0.0,
      0.0,
      0.0,
      0.0,
      0.0,
      0.0,
      0.0,
      0.0,
      0.0,
      0.0
    ],
    [
      31302035.0,
      32239620.0,
      33410595.0,
      32672950.0,
      32553735.0,
      31619585.0,
      32904000.0,
      33807475.0,
      33178750.0,
      32573105.0,
      33395750.0,
      33279995.0,
      31550345.0,
      32848320.0,
      31887080.0,
      33711995.0,
      33071315.0,
      32738615.0,
      32894120.0,
      31645400.0,
      32724795.0,
      32485775.0,
      32717015.0,
      33850770.0,
      33025095.0,
      32244035.0,
      32797105.0,
      32973525.0,
      33394470.0,
      32700030.0,
      32134480.0,
      33156910.0
    ],
    [
      9771960.0,
      9759340.0,
      9986835.0,
      9742095.0,
      9561970.0,
      9612190.0,
      9861350.0,
      9768890.0,
      10156565.0,
      9717905.0,
      10047920.0,
      10383945.0,
      9481795.0,
      10272005.0,
      9908010.0,
      10037995.0,
      9748215.0,
      9955945.0,
      9681610.0,
      9002340.0,
      9582240.0,
      9385425.0,
      9495135.0,
      10432215.0,
      9757890.0,
      9473130.0,
      10059585.0,
      10219210.0,
      10272360.0,
      9973090.0,
      9753740.0,
      10214760.0
    ],
    [
      0.0,
      0.0,
      0.0,
      0.0,
      0.0,
      0.0,
      0.0,
      0.0,
      0.0,
      0.0,
      0.0,
      0.0,
      0.0,
      0.0,
      0.0,
      0.0,
      0.0,
      0.0,
      0.0,
      0.0,
      0.0,
      0.0,
      0.0,
      0.0,
      0.0,
      0.0,
      0.0,
      0.0,
      0.0,
      0.0,
      0.0,
      0.0
    ],
    [
      0.0,
      0.0,
      0.0,
      0.0,
      0.0,
      0.0,
      0.0,
      0.0,
      0.0,
      0.0,
      0.0,
      0.0,
      0.0,
      0.0,
      0.0,
      0.0,
      0.0,
      0.0,
      0.0,
      0.0,
      0.0,
      0.0,
      0.0,
      0.0,
      0.0,
      0.0,
      0.0,
      0.0,
      0.0,
      0.0,
      0.0,
      0.0
    ],
    [
      0.0,
      0.0,
      0.0,
      0.0,
      0.0,
      0.0,
      0.0,
      0.0,
      0.0,
      0.0,
      0.0,
      0.0,
      0.0,
      0.0,
      0.0,
      0.0,
      0.0,
      0.0,
      0.0,
      0.0,
      0.0,
      0.0,
      0.0,
      0.0,
      0.0,
      0.0,
      0.0,
      0.0,
      0.0,
      0.0,
      0.0,
      0.0
    ],
    [
      404920.0,
      381565.0,
      442760.0,
      424465.0,
      474540.0,
      379300.0,
      414790.0,
      384650.0,
      402900.0,
      413645.0,
      471090.0,
      519575.0,
      441765.0,
      409135.0,
      424750.0,
      540900.0,
      567980.0,
      561800.0,
      524340.0,
      516630.0,
      571265.0,
      629485.0,
      536300.0,
      558545.0,
      428965.0,
      478515.0,
      496655.0,
      455655.0,
      467825.0,
      405910.0,
      457450.0,
      455955.0
    ],
    [
      25816605.0,
      26872320.0,
      27150490.0,
      26947875.0,
      26956775.0,
      25778375.0,
      26751365.0,
      27027080.0,
      27142415.0,
      26166645.0,
      27101020.0,
      27251410.0,
      26009940.0,
      26974500.0,
      26484440.0,
      26987595.0,
      26596860.0,
      26593635.0,
      27084085.0,
      25712580.0,
      27082870.0,
      26850475.0,
      26868120.0,
      28348910.0,
      26947010.0,
      25897190.0,
      26634145.0,
      26654685.0,
      27402735.0,
      26632140.0,
      26564015.0,
      26968995.0
    ],
    [
      30.0,
      25.0,
      25.0,
      30.0,
      10.0,
      20.0,
      15.0,
      50.0,
      25.0,
      40.0,
      10.0,
      15.0,
      20.0,
      15.0,
      30.0,
      30.0,
      20.0,
      30.0,
      35.0,
      15.0,
      40.0,
      45.0,
      45.0,
      25.0,
      45.0,
      45.0,
      45.0,
      25.0,
      30.0,
      25.0,
      10.0,
      35.0
    ],
    [
      0.0,
      0.0,
      0.0,
      0.0,
      0.0,
      0.0,
      0.0,
      0.0,
      0.0,
      0.0,
      0.0,
      0.0,
      0.0,
      0.0,
      0.0,
      0.0,
      0.0,
      0.0,
      0.0,
      0.0,
      0.0,
      0.0,
      0.0,
      0.0,
      0.0,
      0.0,
      0.0,
      0.0,
      0.0,
      0.0,
      0.0,
      0.0
    ],
    [
      31788240.0,
      32945805.0,
      33408085.0,
      33032860.0,
      32948490.0,
      31403450.0,
      32225870.0,
      32819385.0,
      32696260.0,
      32163330.0,
      33611165.0,
      33744260.0,
      31519450.0,
      33112920.0,
      32392120.0,
      33075155.0,
      32573345.0,
      32392790.0,
      32845085.0,
      31322260.0,
      33127940.0,
      32572845.0,
      32598205.0,
      34829805.0,
      33149055.0,
      31717415.0,
      32688535.0,
      32882110.0,
      33741035.0,
      32355870.0,
      32220780.0,
      33045275.0
    ],
    [
      0.0,
      0.0,
      0.0,
      0.0,
      0.0,
      0.0,
      0.0,
      0.0,
      0.0,
      0.0,
      0.0,
      0.0,
      0.0,
      0.0,
      0.0,
      0.0,
      0.0,
      0.0,
      0.0,
      0.0,
      0.0,
      0.0,
      0.0,
      0.0,
      0.0,
      0.0,
      0.0,
      0.0,
      0.0,
      0.0,
      0.0,
      0.0
    ],
    [
      40.0,
      60.0,
      100.0,
      65.0,
      75.0,
      105.0,
      50.0,
      50.0,
      120.0,
      60.0,
      100.0,
      90.0,
      55.0,
      90.0,
      75.0,
      65.0,
      25.0,
      75.0,
      65.0,
      70.0,
      80.0,
      60.0,
      60.0,
      60.0,
