{
  "baseline_mean": [
    5.809823411702911,
    -0.006028993165636765,
    -5.586079326432562,
    4.675172767261499,
    -0.8809220853543533,
    1.7201046030006097,
    4.190272973219242,
    1.064893032820405,
    -1.0026134329224465,
    7.562837493822415,
    -0.4336629740901202,
    2.546652670105837,
    -1.0428620133504682,
    -3.1523533210940817,
    6.327064126550926,
    1.605448348817375
  ],
  "baseline_stddev": [
    2.0965969728736473,
    2.0691513603062144,
    2.00047585348142,
    2.259643599905773,
    2.1493272356784465,
    2.152411159794221,
    2.2056846163971,
    2.1927441511724246,
    1.953123998485798,
    1.9834552588476446,
    2.1129123712505127,
    2.1413007731524454,
    2.1542463469816178,
    2.2220763060270654,
    2.4312637339104386,
    2.309523694947183
  ],
  "baselines": [
    6.0,
    -0.0,
    -6.0,
    5.0,
    -1.0,
    2.0,
    4.0,
    1.0,
    -1.0,
    8.0,
    -0.0,
    3.0,
    -1.0,
    -3.0,
    6.0,
    2.0
  ],
  "bl_range": [
    -15,
    -14,
    -13,
    -12,
    -11,
    -10,
    -9,
    -8,
    -7,
    -6,
    -5,
    -4,
    -3,
    -2,
    -1,
    0,
    1,
    2,
    3,
    4,
    5,
    6,
    7,
    8,
    9,
    10,
    11,
    12,
    13,
    14,
    15,
    16
  ],
  "ch_error": [
    0.0,
    0.0,
    0.0,
    0.0,
    0.0,
    0.0,
    0.0,
    0.0,
    0.0,
    0.0,
    0.0,
    0.0,
    0.0,
    0.0,
    0.0,
    0.0
  ],
  "noise_scan_raw": [
    [
      0.0,
      0.0,
      30.0,
      25.0,
      30.0,
      120.0,
      1005.0,
      575.0,
      1345.0,
      4550.0,
      13755.0,
      27785.0,
      37410.0,
      80105.0,
      117090.0,
      291975.0,
      721305.0,
      1581255.0,
      3542300.0,
      8835220.0,
      9565770.0,
      12265140.0,
      11087160.0,
      5590990.0,
      2831545.0,
      1153595.0,
      521405.0,
      192045.0,
      103955.0,
      55995.0,
      30695.0,
      12510.0
    ],
    [
      190.0,
      710.0,
      3530.0,
      3930.0,
      8495.0,
      16590.0,
      53200.0,
      63990.0,
      114280.0,
      279055.0,
      537480.0,
      2814520.0,
      2846740.0,
      6304635.0,
      10720440.0,
      13700785.0,
      13033695.0,
      7865185.0,
      3822870.0,
      979165.0,
      470820.0,
      211460.0,
      94145.0,
      44835.0,
      24980.0,
      15255.0,
      4980.0,
      1450.0,
      865.0,
      400.0,
      130.0,
      80.0
    ],
    [
      26330.0,
      55435.0,
      104460.0,
      171075.0,
      427855.0,
      701955.0,
      2273285.0,
      4324325.0,
      10422540.0,
      12405510.0,
      11553825.0,
      9706130.0,
      3937160.0,
      2031730.0,
      599165.0,
      312160.0,
      159955.0,
      65010.0,
      33635.0,
      6195.0,
      3100.0,
      930.0,
      295.0,
      165.0,
      60.0,
      35.0,
      15.0,
      5.0,
      5.0,
      0.0,
      0.0,
      0.0
    ],
    [
      0.0,
      10.0,
      210.0,
      105.0,
      285.0,
      715.0,
      4900.0,
      3780.0,
      6920.0,
      18330.0,
      46835.0,
      86900.0,
      116405.0,
      261845.0,
      421035.0,
      1036165.0,
      2352645.0,
      4294735.0,
      8384435.0,
      14279555.0,
      12008755.0,
      9870115.0,
      5848005.0,
      2775105.0,
      1498185.0,
      781900.0,
      342175.0,
      148760.0,
      90420.0,
      50940.0,
      25295.0,
      11580.0
    ],
    [
      800.0,
      2270.0,
      8430.0,
      11390.0,
      23775.0,
      43850.0,
      110315.0,
      161785.0,
      222750.0,
      633050.0,
      1241735.0,
      5343930.0,
      6070200.0,
      10751625.0,
      13909065.0,
      12498670.0,
      9141320.0,
      4630135.0,
      2153670.0,
      484195.0,
      276730.0,
      129135.0,
      58335.0,
      27555.0,
      19105.0,
      12435.0,
      4225.0,
      1295.0,
      730.0,
      390.0,
      120.0,
      85.0
    ],
    [
      65.0,
      190.0,
      1415.0,
      1235.0,
      3370.0,
      6930.0,
      27870.0,
      28500.0,
      50855.0,
      129425.0,
      221670.0,
      527230.0,
      1005670.0,
      2460455.0,
      4248645.0,
      7831995.0,
      12973305.0,
      15046785.0,
      11639470.0,
      6785050.0,
      2623700.0,
      1210455.0,
      495800.0,
      258005.0,
      129750.0,
      89670.0,
      37550.0,
      15335.0,
      7475.0,
      3860.0,
      1810.0,
      670.0
    ],
    [
      0.0,
      15.0,
      245.0,
      140.0,
      360.0,
      970.0,
      6070.0,
      4840.0,
      8825.0,
      25740.0,
      56990.0,
      93965.0,
      174635.0,
      430630.0,
      586970.0,
      1559140.0,
      3456540.0,
      6467060.0,
      10803810.0,
      15824670.0,
      12409505.0,
      8243160.0,
      4611510.0,
      1982280.0,
      944605.0,
      506220.0,
      241990.0,
      103640.0,
      53220.0,
      27535.0,
      14415.0,
      6050.0
    ],
    [
      175.0,
      475.0,
      2815.0,
      2680.0,
      7145.0,
      13915.0,
      45155.0,
      52885.0,
      85395.0,
      232430.0,
      375350.0,
      918120.0,
      1886090.0,
      4351695.0,
      7060915.0,
      11420250.0,
      14946135.0,
      14206210.0,
      9219870.0,
      4319620.0,
      1699305.0,
      765235.0,
      336430.0,
      175845.0,
      91185.0,
      60990.0,
      25440.0,
      9875.0,
      5205.0,
      2530.0,
      1195.0,
      455.0
    ],
    [
      255.0,
      935.0,
      4720.0,
      5930.0,
      12845.0,
      28380.0,
      78895.0,
      120160.0,
      213690.0,
      687665.0,
      1306610.0,
      4893390.0,
      6828725.0,
      12368935.0,
      16220250.0,
      14345240.0,
      8804495.0,
      3603075.0,
      1532835.0,
      334335.0,
      171085.0,
      68770.0,
      27680.0,
      9925.0,
      3845.0,
      2300.0,
      580.0,
      100.0,
      120.0,
      60.0,
      10.0,
      0.0
    ],
    [
      0.0,
      0.0,
      10.0,
      0.0,
      0.0,
      10.0,
      175.0,
      115.0,
      120.0,
      515.0,
      2680.0,
      3845.0,
      6715.0,
      16585.0,
      29830.0,
      78615.0,
      202095.0,
      394540.0,
      1055200.0,
      1637765.0,
      3418715.0,
      7223225.0,
      13338820.0,
      12320215.0,
      9615975.0,
      4540190.0,
      1822985.0,
      586980.0,
      336170.0,
      165345.0,
      77635.0,
      34305.0
    ],
    [
      260.0,
      825.0,
      4280.0,
      4815.0,
      10975.0,
      23445.0,
      68195.0,
      96305.0,
      218100.0,
      671070.0,
      1231745.0,
      3410400.0,
      6251070.0,
      11238665.0,
      15897395.0,
      16252850.0,
      12927035.0,
      7657915.0,
      3644630.0,
      1155745.0,
      496495.0,
      224705.0,
      99645.0,
      44150.0,
      13625.0,
      8725.0,
      2485.0,
      710.0,
      480.0,
      225.0,
      65.0,
      45.0
    ],
    [
      5.0,
      50.0,
      715.0,
      405.0,
      900.0,
      2215.0,
      14815.0,
      14000.0,
      22710.0,
      62860.0,
      143445.0,
      230380.0,
      500960.0,
      1310115.0,
      2733535.0,
      6007780.0,
      10200535.0,
      14461795.0,
      14391720.0,
      12255635.0,
      6194040.0,
      3148685.0,
      1094685.0,
      431635.0,
      242395.0,
      148280.0,
      50125.0,
      18635.0,
      11865.0,
      6025.0,
      2090.0,
      785.0
    ],
    [
      810.0,
      2330.0,
      9265.0,
      13105.0,
      25565.0,
      50365.0,
      130760.0,
      221630.0,
      367490.0,
      1148255.0,
      2256995.0,
      5309990.0,
      9415280.0,
      14126025.0,
      17233000.0,
      14405605.0,
      9933825.0,
      5197575.0,
      2248485.0,
      643110.0,
      308335.0,
      143595.0,
      60150.0,
      25070.0,
      12220.0,
      8015.0,
      2160.0,
      660.0,
      470.0,
      205.0,
      65.0,
      40.0
    ],
    [
      7035.0,
      17935.0,
      40375.0,
      70175.0,
