{
  "baseline_mean": [
    5.311443377355717,
    6.259186652154561,
    8.043993886444053,
    2.914624350822547,
    8.241152270533082,
    4.078902095714732,
    6.9680260539620775,
    5.479801630451862,
    6.312506757789932,
    5.74870254417033,
    6.0,
    4.705882352941177,
    0.7006154275493383,
    0.0,
    0.0,
    5.2387096774193544
  ],
  "baseline_stddev": [
    1.0704092620633223,
    0.986389394184879,
    0.4711343073501965,
    0.34909294967942944,
    0.5458820104034033,
    0.40401757269683763,
    0.44125725848745334,
    0.6656990925536475,
    0.9299817319015412,
    0.9495457517893975,
    0.0,
    1.125360380571117,
    9.27308023555656,
    -1.0,
    -1.0,
    0.8078954816442447
  ],
  "baselines": [
    5.0,
    6.0,
    8.0,
    3.0,
    8.0,
    4.0,
    7.0,
    5.0,
    6.0,
    6.0,
    6.0,
    5.0,
    1.0,
    0.0,
    0.0,
    5.0
  ],
  "bl_range": [
    -15,
    -14,
    -13,
    -12,
    -11,
    -10,
    -9,
    -8,
    -7,
    -6,
    -5,
    -4,
    -3,
    -2,
    -1,
    0,
    1,
    2,
    3,
    4,
    5,
    6,
    7,
    8,
    9,
    10,
    11,
    12,
    13,
    14,
    15,
    16
  ],
  "ch_error": [
    0.0,
    0.0,
    0.0,
    0.0,
    0.0,
    0.0,
    0.0,
    0.0,
    0.0,
    0.0,
    0.0,
    0.0,
    0.0,
    0.0,
    0.0,
    0.0
  ],
  "noise_scan_raw": [
    [
      0.0,
      0.0,
      0.0,
      0.0,
      0.0,
      0.0,
      0.0,
      0.0,
      0.0,
      0.0,
      0.0,
      0.0,
      0.0,
      0.0,
      0.0,
      0.0,
      10.0,
      19225.0,
      2425430.0,
      21093380.0,
      32907270.0,
      26393385.0,
      13113085.0,
      1211720.0,
      2215.0,
      0.0,
      0.0,
      0.0,
      0.0,
      0.0,
      0.0,
      0.0
    ],
    [
      0.0,
      0.0,
      0.0,
      0.0,
      0.0,
      0.0,
      0.0,
      0.0,
      0.0,
      0.0,
      0.0,
      0.0,
      0.0,
      0.0,
      0.0,
      0.0,
      0.0,
      0.0,
      2250.0,
      740025.0,
      20903340.0,
      28134480.0,
      24800785.0,
      9661215.0,
      36965.0,
      10.0,
      0.0,
      0.0,
      0.0,
      0.0,
      0.0,
      0.0
    ],
    [
      0.0,
      0.0,
      0.0,
      0.0,
      0.0,
      0.0,
      0.0,
      0.0,
      0.0,
      0.0,
      0.0,
      0.0,
      0.0,
      0.0,
      0.0,
      0.0,
      0.0,
      0.0,
      0.0,
      0.0,
      440.0,
      13865.0,
      303285.0,
      3368495.0,
      460755.0,
      27245.0,
      245.0,
      0.0,
      0.0,
      0.0,
      0.0,
      0.0
    ],
    [
      0.0,
      0.0,
      0.0,
      0.0,
      0.0,
      0.0,
      0.0,
      0.0,
      0.0,
      0.0,
      0.0,
      0.0,
      0.0,
      0.0,
      0.0,
      0.0,
      105.0,
      87145.0,
      710480.0,
      17715.0,
      10.0,
      0.0,
      0.0,
      0.0,
      0.0,
      0.0,
      0.0,
      0.0,
      0.0,
      0.0,
      0.0,
      0.0
    ],
    [
      0.0,
      0.0,
      0.0,
      0.0,
      0.0,
      0.0,
      0.0,
      0.0,
      0.0,
      0.0,
      0.0,
      0.0,
      0.0,
      0.0,
      0.0,
      0.0,
      0.0,
      0.0,
      0.0,
      0.0,
      20.0,
      2865.0,
      71630.0,
      1175480.0,
      455990.0,
      18510.0,
      100.0,
      0.0,
      0.0,
      0.0,
      0.0,
      0.0
    ],
    [
      0.0,
      0.0,
      0.0,
      0.0,
      0.0,
      0.0,
      0.0,
      0.0,
      0.0,
      0.0,
      0.0,
      0.0,
      0.0,
      0.0,
      0.0,
      0.0,
      0.0,
      0.0,
      17360.0,
      318660.0,
      47610.0,
      10.0,
      0.0,
      0.0,
      0.0,
      0.0,
      0.0,
      0.0,
      0.0,
      0.0,
      0.0,
      0.0
    ],
    [
      0.0,
      0.0,
      0.0,
      0.0,
      0.0,
      0.0,
      0.0,
      0.0,
      0.0,
      0.0,
      0.0,
      0.0,
      0.0,
      0.0,
      0.0,
      0.0,
      0.0,
      0.0,
      0.0,
      490.0,
      41835.0,
      509545.0,
      4673310.0,
      407165.0,
      3635.0,
      15.0,
      0.0,
      0.0,
      0.0,
      0.0,
      0.0,
      0.0
    ],
    [
      0.0,
      0.0,
      0.0,
      0.0,
      0.0,
      0.0,
      0.0,
      0.0,
      0.0,
      0.0,
      0.0,
      0.0,
      0.0,
      0.0,
      0.0,
      0.0,
      0.0,
      10.0,
      12565.0,
      435725.0,
      3024650.0,
      3486120.0,
      191660.0,
      8025.0,
      605.0,
      5.0,
      0.0,
      0.0,
      0.0,
      0.0,
      0.0,
      0.0
    ],
    [
      0.0,
      0.0,
      0.0,
      0.0,
      0.0,
      0.0,
      0.0,
      0.0,
      0.0,
      0.0,
      0.0,
      0.0,
      0.0,
      0.0,
      0.0,
      0.0,
      0.0,
      10.0,
      12785.0,
      438545.0,
      3089060.0,
      3794470.0,
      7706015.0,
      584650.0,
      4555.0,
      20.0,
      0.0,
      0.0,
      0.0,
      0.0,
      0.0,
      0.0
    ],
    [
      230.0,
      180.0,
      420.0,
      355.0,
      250.0,
      300.0,
      365.0,
      240.0,
      420.0,
      315.0,
      250.0,
      100.0,
      220.0,
      415.0,
      315.0,
      215.0,
      350.0,
      365.0,
      20500.0,
      547890.0,
      3521565.0,
      3669680.0,
      1915515.0,
      169980.0,
      2785.0,
      120.0,
      175.0,
      120.0,
      20.0,
      25.0,
      180.0,
      40.0
    ],
    [
      0.0,
      0.0,
      0.0,
      0.0,
      0.0,
      0.0,
      0.0,
      0.0,
      0.0,
      0.0,
      0.0,
      0.0,
      0.0,
      0.0,
      0.0,
      0.0,
      0.0,
      0.0,
      0.0,
      0.0,
      0.0,
      15.0,
      0.0,
      0.0,
      0.0,
      0.0,
      0.0,
      0.0,
      0.0,
      0.0,
      0.0,
      0.0
    ],
    [
      0.0,
      0.0,
      0.0,
      0.0,
      0.0,
      0.0,
      0.0,
      0.0,
      0.0,
      0.0,
      0.0,
      0.0,
      0.0,
      0.0,
      0.0,
      0.0,
      0.0,
      0.0,
      5.0,
      45.0,
      15.0,
      10.0,
      10.0,
      0.0,
      0.0,
      0.0,
      0.0,
      0.0,
      0.0,
      0.0,
      0.0,
      0.0
    ],
    [
      8984445.0,
      7954710.0,
      8898455.0,
      9185770.0,
      8481875.0,
      7886305.0,
      8925380.0,
      8962440.0,
      8287140.0,
      7813305.0,
      7115590.0,
      8856100.0,
      9014560.0,
      8496170.0,
      8384000.0,
      8048445.0,
      7922815.0,
      8092280.0,
      7647970.0,
      8415175.0,
      10946730.0,
      11292040.0,
      9178465.0,
      9003470.0,
      9283295.0,
      8813030.0,
      7711805.0,
      7654095.0,
      8831185.0,
      9106800.0,
      9432685.0,
      9224210.0
    ],
    [
      0.0,
      0.0,
      0.0,
      0.0,
      0.0,
      0.0,
      0.0,
      0.0,
      0.0,
      0.0,
      0.0,
      0.0,
      0.0,
      0.0,
      0.0,
      0.0,
      0.0,
      0.0,
      0.0,
      0.0,
      0.0,
      0.0,
      0.0,
      0.0,
      0.0,
      0.0,
      0.0,
      0.0,
      0.0,
      0.0,
      0.0,
      0.0
    ],
    [
      0.0,
      0.0,
      0.0,
      0.0,
      0.0,
      0.0,
      0.0,
      0.0,
      0.0,
      0.0,
      0.0,
      0.0,
      0.0,
      0.0,
      0.0,
      0.0,
      0.0,
      0.0,
      0.0,
      0.0,
      0.0,
      0.0,
      0.0,
      0.0,
      0.0,
      0.0,
      0.0,
      0.0,
      0.0,
      0.0,
      0.0,
      0.0
    ],
    [
      0.0,
      0.0,
      0.0,
      0.0,
      0.0,
      0.0,
      0.0,
      0.0,
      0.0,
      0.0,
      0.0,
      0.0,
      0.0,
      0.0,
      0.0,
      0.0,
      0.0,
      0.0,
      5.0,
      315.0,
      570.0,
      625.0,
      35.0,
      0.0,
      0.0,
      0.0,
      0.0,
      0.0,
      0.0,
      0.0,
      0.0,
      0.0
    ]
  ]
}