{
  "baseline_mean": [
    5.3468033775633295, 
    7.9870092295229, 
    3.999938093272802, 
    0.9352776695367224, 
    7.240311321511675, 
    4.643672927338266, 
    6.569306465260584, 
    2.934363094252112, 
    2.7264122614694184, 
    6.686647768531916, 
    1.181835422772838, 
    -3.1406206304427826, 
    9.13673463698399, 
    0.9478277638203689, 
    6.40547259216714, 
    1.076829878882367
  ], 
  "baseline_stddev": [
    0.4896525141163577, 
    0.13011706275665835, 
    0.13885424886194553, 
    0.24840526274567168, 
    0.45102498938229885, 
    0.5431392851583158, 
    0.51362637346996, 
    0.6468206127678995, 
    0.7055873442818069, 
    0.46912577665722954, 
    0.3865652952773401, 
    0.358482782722402, 
    0.4601340288707292, 
    0.24106242081053308, 
    0.506135337613136, 
    0.29687633210954134
  ], 
  "baselines": [
    5.0, 
    8.0, 
    4.0, 
    1.0, 
    7.0, 
    5.0, 
    7.0, 
    3.0, 
    3.0, 
    7.0, 
    1.0, 
    -3.0, 
    9.0, 
    1.0, 
    6.0, 
    1.0
  ], 
  "bl_range": [
    -15, 
    -14, 
    -13, 
    -12, 
    -11, 
    -10, 
    -9, 
    -8, 
    -7, 
    -6, 
    -5, 
    -4, 
    -3, 
    -2, 
    -1, 
    0, 
    1, 
    2, 
    3, 
    4, 
    5, 
    6, 
    7, 
    8, 
    9, 
    10, 
    11, 
    12, 
    13, 
    14, 
    15
  ], 
  "ch_error": [
    0.0, 
    0.0, 
    0.0, 
    0.0, 
    0.0, 
    0.0, 
    0.0, 
    0.0, 
    0.0, 
    0.0, 
    0.0, 
    0.0, 
    0.0, 
    0.0, 
    0.0, 
    0.0
  ], 
  "noise_scan_raw": [
    [
      0, 
      0, 
      0, 
      0, 
      0, 
      0, 
      0, 
      0, 
      0, 
      0, 
      0, 
      0, 
      0, 
      0, 
      0, 
      0, 
      0, 
      0, 
      0, 
      95, 
      32366, 
      17255, 
      18, 
      0, 
      0, 
      0, 
      0, 
      0, 
      0, 
      6, 
      0
    ], 
    [
      0, 
      0, 
      0, 
      0, 
      0, 
      0, 
      0, 
      0, 
      0, 
      0, 
      0, 
      0, 
      0, 
      0, 
      0, 
      0, 
      0, 
      0, 
      0, 
      0, 
      6, 
      6, 
      1371, 
      102297, 
      0, 
      0, 
      0, 
      0, 
      0, 
      9, 
      0
    ], 
    [
      0, 
      0, 
      0, 
      0, 
      0, 
      0, 
      0, 
      0, 
      0, 
      0, 
      0, 
      0, 
      0, 
      0, 
      0, 
      0, 
      13, 
      288, 
      1637, 
      286641, 
      2168, 
      8, 
      0, 
      0, 
      0, 
      0, 
      0, 
      0, 
      0, 
      5, 
      0
    ], 
    [
      0, 
      0, 
      0, 
      0, 
      0, 
      0, 
      0, 
      0, 
      0, 
      0, 
      0, 
      0, 
      0, 
      0, 
      589, 
      159854, 
      2320829, 
      315, 
      0, 
      0, 
      8, 
      1, 
      0, 
      0, 
      0, 
      0, 
      0, 
      0, 
      0, 
      5, 
      0
    ], 
    [
      0, 
      0, 
      0, 
      0, 
      0, 
      0, 
      0, 
      0, 
      0, 
      0, 
      0, 
      0, 
      0, 
      0, 
      0, 
      0, 
      0, 
      0, 
      0, 
      0, 
      9, 
      23, 
      18923, 
      5961, 
      0, 
      0, 
      0, 
      0, 
      0, 
      10, 
      0
    ], 
    [
      0, 
      0, 
      0, 
      0, 
      0, 
      0, 
      0, 
      0, 
      0, 
      0, 
      0, 
      0, 
      0, 
      0, 
      0, 
      0, 
      10, 
      132, 
      17, 
      9024, 
      17134, 
      29, 
      1, 
      0, 
      0, 
      0, 
      0, 
      0, 
      0, 
      8, 
      0
    ], 
    [
      0, 
      0, 
      0, 
      0, 
      0, 
      0, 
      0, 
      0, 
      0, 
      0, 
      0, 
      0, 
      0, 
      0, 
      0, 
      0, 
      0, 
      0, 
      0, 
      0, 
      25, 
      13776, 
      18079, 
      20, 
      0, 
      0, 
      0, 
      0, 
      0, 
      9, 
      0
    ], 
    [
      0, 
      0, 
      0, 
      0, 
      0, 
      0, 
      0, 
      0, 
      0, 
      0, 
      0, 
      0, 
      0, 
      0, 
      0, 
      0, 
      100, 
      5288, 
      14938, 
      3788, 
      27, 
      2, 
      0, 
      0, 
      0, 
      0, 
      0, 
      0, 
      0, 
      5, 
      0
    ], 
    [
      0, 
      0, 
      0, 
      0, 
      0, 
      0, 
      0, 
      0, 
      0, 
      0, 
      0, 
      0, 
      0, 
      0, 
      1, 
      0, 
      21625, 
      37667, 
      169486, 
      14286, 
      29, 
      4, 
      0, 
      0, 
      0, 
      0, 
      0, 
      0, 
      0, 
      5, 
      0
    ], 
    [
      0, 
      0, 
      0, 
      0, 
      0, 
      0, 
      0, 
      0, 
      0, 
      0, 
      0, 
      0, 
      0, 
      0, 
      0, 
      0, 
      0, 
      0, 
      0, 
      0, 
      68, 
      58319, 
      127376, 
      137, 
      0, 
      0, 
      0, 
      0, 
      0, 
      9, 
      0
    ], 
    [
      0, 
      0, 
      0, 
      0, 
      0, 
      0, 
      0, 
      0, 
      0, 
      0, 
      0, 
      0, 
      0, 
      0, 
      2, 
      65, 
      3654920, 
      810156, 
      952, 
      0, 
      9, 
      1, 
      0, 
      0, 
      0, 
      0, 
      0, 
      0, 
      0, 
      5, 
      0
    ], 
    [
      0, 
      0, 
      0, 
      0, 
      0, 
      0, 
      0, 
      0, 
      0, 
      0, 
      52, 
      28975, 
      174444, 
      344, 
      2, 
      0, 
      1, 
      0, 
      0, 
      0, 
      6, 
      0, 
      0, 
      0, 
      0, 
      0, 
      0, 
      0, 
      0, 
      1, 
      0
    ], 
    [
      0, 
      0, 
      0, 
      0, 
      0, 
      0, 
      0, 
      0, 
      0, 
      0, 
      0, 
      0, 
      0, 
      0, 
      0, 
      0, 
      0, 
      0, 
      0, 
      0, 
      6, 
      7, 
      143, 
      29261, 
      498736, 
      117212, 
      293, 
      0, 
      0, 
      16, 
      0
    ], 
    [
      0, 
      0, 
      0, 
      0, 
      0, 
      0, 
      0, 
      0, 
      0, 
      0, 
      0, 
      0, 
      0, 
      4, 
      1124, 
      235755, 
      3988383, 
      16592, 
      0, 
      0, 
      8, 
      1, 
      0, 
      0, 
      0, 
      0, 
      0, 
      0, 
      0, 
      6, 
      0
    ], 
    [
      0, 
      0, 
      0, 
      0, 
      0, 
      0, 
      0, 
      0, 
      0, 
      0, 
      0, 
      0, 
      0, 
      0, 
      0, 
      0, 
      0, 
      0, 
      0, 
      12, 
      1943, 
      262180, 
      180557, 
      986, 
      22, 
      0, 
      0, 
      0, 
      0, 
      12, 
      0
    ], 
    [
      0, 
      0, 
      0, 
      0, 
      0, 
      0, 
      0, 
      0, 
      0, 
      0, 
      0, 
      0, 
      0, 
      5, 
      367, 
      37502, 
      4330569, 
      401376, 
      1606, 
      28, 
      13, 
      3, 
      0, 
      0, 
      0, 
      0, 
      0, 
      0, 
      0, 
      8, 
      0
    ]
  ]
}