{
  "baseline_mean": [
    4.066655998891431,
    4.293377468651162,
    -3.904315110593627,
    4.312479783287107,
    8.49052280976062,
    6.667876061387961,
    2.529522745461605,
    9.960613146301029,
    5.0103261239407075,
    1.625460135234964,
    4.134001989461932,
    3.002309103357404,
    4.829479700023917,
    5.5931535412887445,
    3.778144292476372,
    -1.1002114033451469
  ],
  "baseline_stddev": [
    0.717826225993776,
    0.7623153563983396,
    0.7234821304814438,
    0.7150967491445698,
    0.7584728611730561,
    0.7707649865458408,
    0.8868464208391383,
    0.7363788513801426,
    0.645398653864953,
    0.7665525089237808,
    0.5502700661127184,
    0.5840730049514626,
    0.5890340010022674,
    0.7350416692864883,
    0.5661857207070785,
    0.530352853297009
  ],
  "baselines": [
    4.0,
    4.0,
    -4.0,
    4.0,
    8.0,
    7.0,
    3.0,
    10.0,
    5.0,
    2.0,
    4.0,
    3.0,
    5.0,
    6.0,
    4.0,
    -1.0
  ],
  "bl_range": [
    -15,
    -14,
    -13,
    -12,
    -11,
    -10,
    -9,
    -8,
    -7,
    -6,
    -5,
    -4,
    -3,
    -2,
    -1,
    0,
    1,
    2,
    3,
    4,
    5,
    6,
    7,
    8,
    9,
    10,
    11,
    12,
    13,
    14,
    15,
    16
  ],
  "ch_error": [
    0.0,
    0.0,
    0.0,
    0.0,
    0.0,
    0.0,
    0.0,
    0.0,
    0.0,
    0.0,
    0.0,
    0.0,
    0.0,
    0.0,
    0.0,
    0.0
  ],
  "noise_scan_raw": [
    [
      0.0,
      0.0,
      0.0,
      0.0,
      0.0,
      0.0,
      0.0,
      0.0,
      0.0,
      0.0,
      0.0,
      0.0,
      485.0,
      105.0,
      985.0,
      8395.0,
      57435.0,
      164155.0,
      1300285.0,
      8339680.0,
      1934300.0,
      249165.0,
      57145.0,
      10580.0,
      985.0,
      40.0,
      0.0,
      0.0,
      0.0,
      0.0,
      0.0,
      0.0
    ],
    [
      0.0,
      0.0,
      0.0,
      0.0,
      0.0,
      0.0,
      0.0,
      0.0,
      0.0,
      0.0,
      0.0,
      0.0,
      330.0,
      65.0,
      525.0,
      5800.0,
      43925.0,
      128205.0,
      818445.0,
      7456545.0,
      3777650.0,
      404225.0,
      103420.0,
      18540.0,
      1510.0,
      60.0,
      0.0,
      0.0,
      0.0,
      0.0,
      0.0,
      0.0
    ],
    [
      0.0,
      0.0,
      0.0,
      0.0,
      0.0,
      105.0,
      520.0,
      6380.0,
      39290.0,
      245765.0,
      1518450.0,
      8522490.0,
      2865560.0,
      220825.0,
      36395.0,
      5650.0,
      1105.0,
      35.0,
      5.0,
      0.0,
      0.0,
      0.0,
      0.0,
      0.0,
      0.0,
      0.0,
      0.0,
      0.0,
      0.0,
      0.0,
      0.0,
      0.0
    ],
    [
      0.0,
      0.0,
      0.0,
      0.0,
      0.0,
      0.0,
      0.0,
      0.0,
      0.0,
      0.0,
      0.0,
      0.0,
      150.0,
      15.0,
      150.0,
      2230.0,
      24250.0,
      70945.0,
      500655.0,
      5825145.0,
      2945710.0,
      297315.0,
      59955.0,
      9740.0,
      1880.0,
      90.0,
      0.0,
      0.0,
      0.0,
      0.0,
      0.0,
      0.0
    ],
    [
      0.0,
      0.0,
      0.0,
      0.0,
      0.0,
      0.0,
      0.0,
      0.0,
      0.0,
      0.0,
      0.0,
      0.0,
      0.0,
      0.0,
      0.0,
      0.0,
      10.0,
      0.0,
      185.0,
      2805.0,
      12390.0,
      53370.0,
      310950.0,
      2996655.0,
      3020680.0,
      262250.0,
      56265.0,
      10195.0,
      2360.0,
      135.0,
      5.0,
      5.0
    ],
    [
      0.0,
      0.0,
      0.0,
      0.0,
      0.0,
      0.0,
      0.0,
      0.0,
      0.0,
      0.0,
      0.0,
      0.0,
      0.0,
      0.0,
      10.0,
      25.0,
      540.0,
      990.0,
      10485.0,
      90595.0,
      454470.0,
      3066590.0,
      5581095.0,
      770765.0,
      78665.0,
      7370.0,
      1115.0,
      110.0,
      60.0,
      0.0,
      0.0,
      0.0
    ],
    [
      0.0,
      0.0,
      0.0,
      0.0,
      0.0,
      0.0,
      0.0,
      0.0,
      0.0,
      0.0,
      0.0,
      20.0,
      1875.0,
      1875.0,
      15735.0,
      91845.0,
      436360.0,
      2532510.0,
      2473855.0,
      721760.0,
      29405.0,
      4105.0,
      680.0,
      20.0,
      5.0,
      0.0,
      0.0,
      0.0,
      0.0,
      0.0,
      0.0,
      0.0
    ],
    [
      0.0,
      0.0,
      0.0,
      0.0,
      0.0,
      0.0,
      0.0,
      0.0,
      0.0,
      0.0,
      0.0,
      0.0,
      0.0,
      0.0,
      0.0,
      0.0,
      0.0,
      0.0,
      5.0,
      205.0,
      2005.0,
      9040.0,
      38785.0,
      245105.0,
      1199185.0,
      6120925.0,
      1065950.0,
      152515.0,
      37720.0,
      4355.0,
      305.0,
      85.0
    ],
    [
      0.0,
      0.0,
      0.0,
      0.0,
      0.0,
      0.0,
      0.0,
      0.0,
      0.0,
      0.0,
      0.0,
      0.0,
      0.0,
      0.0,
      15.0,
      65.0,
      2760.0,
      9035.0,
      63430.0,
      807985.0,
      4490605.0,
      724425.0,
      129000.0,
      16595.0,
      1365.0,
      45.0,
      0.0,
      0.0,
      0.0,
      0.0,
      0.0,
      0.0
    ],
    [
      0.0,
      0.0,
      0.0,
      0.0,
      0.0,
      0.0,
      0.0,
      0.0,
      0.0,
      0.0,
      0.0,
      0.0,
      1310.0,
      1305.0,
      15995.0,
      149105.0,
      1128735.0,
      1635525.0,
      205615.0,
      41115.0,
      2310.0,
      110.0,
      5.0,
      0.0,
      0.0,
      0.0,
      0.0,
      0.0,
      0.0,
      0.0,
      0.0,
      0.0
    ],
    [
      0.0,
      0.0,
      0.0,
      0.0,
      0.0,
      0.0,
      0.0,
      0.0,
      0.0,
      0.0,
      0.0,
      0.0,
      0.0,
      0.0,
      15.0,
      240.0,
      8740.0,
      36185.0,
      336265.0,
      5294695.0,
      1112220.0,
      105735.0,
      11540.0,
      725.0,
      30.0,
      0.0,
      0.0,
      0.0,
      0.0,
      0.0,
      0.0,
      0.0
    ],
    [
      0.0,
      0.0,
      0.0,
      0.0,
      0.0,
      0.0,
      0.0,
      0.0,
      0.0,
      0.0,
      0.0,
      0.0,
      60.0,
      5.0,
      175.0,
      4600.0,
      56125.0,
      300645.0,
      2323230.0,
      389760.0,
      20420.0,
      1350.0,
      70.0,
      0.0,
      0.0,
      0.0,
      0.0,
      0.0,
      0.0,
      0.0,
      0.0,
      0.0
    ],
    [
      0.0,
      0.0,
      0.0,
      0.0,
      0.0,
      0.0,
      0.0,
      0.0,
      0.0,
      0.0,
      0.0,
      0.0,
      0.0,
      0.0,
      5.0,
      30.0,
      1480.0,
      6180.0,
      51090.0,
      839950.0,
      2850620.0,
      204460.0,
      36285.0,
      2690.0,
      190.0,
      5.0,
      0.0,
      0.0,
      0.0,
      0.0,
      0.0,
      0.0
    ],
    [
      0.0,
      0.0,
      0.0,
      0.0,
      0.0,
      0.0,
      0.0,
      0.0,
      0.0,
      0.0,
      0.0,
      0.0,
      0.0,
      0.0,
      0.0,
      5.0,
      70.0,
      250.0,
      7705.0,
      118935.0,
      708145.0,
      1061180.0,
      120450.0,
      11010.0,
      865.0,
      25.0,
      0.0,
      0.0,
      0.0,
      0.0,
      0.0,
      0.0
    ],
    [
      0.0,
      0.0,
      0.0,
      0.0,
      0.0,
      0.0,
      0.0,
      0.0,
      0.0,
      0.0,
      0.0,
      0.0,
      0.0,
      0.0,
      50.0,
      1370.0,
      25105.0,
      127920.0,
      1922800.0,
      6067025.0,
      307265.0,
      31590.0,
      2130.0,
      70.0,
      10.0,
      0.0,
      0.0,
      0.0,
      0.0,
      0.0,
      0.0,
      0.0
    ],
    [
      0.0,
      0.0,
      0.0,
      0.0,
      0.0,
      0.0,
      0.0,
      0.0,
      0.0,
      265.0,
      405.0,
      7580.0,
      95570.0,
      715945.0,
      4484740.0,
      282040.0,
      40930.0,
      1525.0,
      50.0,
      0.0,
      0.0,
      0.0,
      0.0,
      0.0,
      0.0,
      0.0,
      0.0,
      0.0,
      0.0,
      0.0,
      0.0,
      0.0
    ]
  ],