{
  "baseline_mean": [
    5.43992692424168,
    0.8403491817872228,
    -0.7474427458250333,
    3.8626994722320345,
    2.2649359537522145,
    -2.6796395712093224,
    1.4502185938068264,
    4.859117584643699,
    -0.7319075761179834,
    4.712106073104972,
    0.2200075229188411,
    6.163832170045259,
    2.2970053592057607,
    9.63356839526437,
    1.489363365864109,
    -3.082591300590027
  ],
  "baseline_stddev": [
    2.4691672370472717,
    2.417039019844464,
    2.637456782930874,
    2.709769488501725,
    2.5438252487185458,
    2.8079394502198913,
    2.617240067470646,
    2.6928138582622005,
    2.611820767911623,
    2.5611112623414485,
    2.5482363718702348,
    2.634213229885077,
    2.5758882110632846,
    2.6103908607593036,
    2.452688060648011,
    2.7648846557028506
  ],
  "baselines": [
    5.0,
    1.0,
    -1.0,
    4.0,
    2.0,
    -3.0,
    1.0,
    5.0,
    -1.0,
    5.0,
    0.0,
    6.0,
    2.0,
    10.0,
    1.0,
    -3.0
  ],
  "bl_range": [
    -15,
    -14,
    -13,
    -12,
    -11,
    -10,
    -9,
    -8,
    -7,
    -6,
    -5,
    -4,
    -3,
    -2,
    -1,
    0,
    1,
    2,
    3,
    4,
    5,
    6,
    7,
    8,
    9,
    10,
    11,
    12,
    13,
    14,
    15,
    16
  ],
  "ch_error": [
    0.0,
    0.0,
    1.0,
    1.0,
    1.0,
    1.0,
    1.0,
    1.0,
    1.0,
    1.0,
    1.0,
    1.0,
    1.0,
    1.0,
    0.0,
    1.0
  ],
  "noise_scan_raw": [
    [
      5.0,
      10.0,
      20.0,
      235.0,
      175.0,
      1740.0,
      1225.0,
      3375.0,
      6855.0,
      10475.0,
      18260.0,
      55170.0,
      95565.0,
      291760.0,
      748820.0,
      1818570.0,
      2781635.0,
      5344765.0,
      10058230.0,
      12997825.0,
      16916305.0,
      17692980.0,
      15391960.0,
      9639480.0,
      5215870.0,
      2237255.0,
      1063680.0,
      457940.0,
      296230.0,
      99615.0,
      51365.0,
      25515.0
    ],
    [
      300.0,
      1585.0,
      1650.0,
      10225.0,
      12870.0,
      33575.0,
      54685.0,
      137365.0,
      291180.0,
      380810.0,
      705900.0,
      2340850.0,
      4405500.0,
      9061845.0,
      14379910.0,
      18033935.0,
      19725445.0,
      17443215.0,
      12717710.0,
      7154910.0,
      4201700.0,
      1472620.0,
      728220.0,
      341075.0,
      101785.0,
      36670.0,
      21405.0,
      9135.0,
      7530.0,
      1550.0,
      865.0,
      340.0
    ],
    [
      2330.0,
      9520.0,
      11360.0,
      53755.0,
      60365.0,
      113345.0,
      234100.0,
      635740.0,
      1264550.0,
      2032655.0,
      4254620.0,
      8891530.0,
      12331635.0,
      17041205.0,
      19372685.0,
      17782815.0,
      16099450.0,
      11052020.0,
      6936665.0,
      2830285.0,
      1823230.0,
      517055.0,
      243435.0,
      114845.0,
      35980.0,
      12170.0,
      6785.0,
      2500.0,
      3015.0,
      490.0,
      230.0,
      85.0
    ],
    [
      60.0,
      220.0,
      270.0,
      2015.0,
      1895.0,
      7870.0,
      10105.0,
      24905.0,
      49605.0,
      66225.0,
      103260.0,
      358065.0,
      552415.0,
      1632350.0,
      3800805.0,
      7747375.0,
      11146870.0,
      16074870.0,
      18197580.0,
      18480425.0,
      18207730.0,
      14898075.0,
      11822840.0,
      6173895.0,
      2565945.0,
      937095.0,
      509575.0,
      231535.0,
      174565.0,
      56695.0,
      29575.0,
      14200.0
    ],
    [
      115.0,
      660.0,
      635.0,
      4780.0,
      5900.0,
      18100.0,
      26350.0,
      65015.0,
      118815.0,
      150285.0,
      230885.0,
      880310.0,
      1735445.0,
      4294470.0,
      8290660.0,
      13741480.0,
      18356810.0,
      21012315.0,
      18814210.0,
      14799240.0,
      10856880.0,
      5718855.0,
      3724125.0,
      1624435.0,
      589395.0,
      196985.0,
      125460.0,
      57290.0,
      39090.0,
      10855.0,
      6210.0,
      2705.0
    ],
    [
      16690.0,
      57855.0,
      59920.0,
      290875.0,
      312865.0,
      517095.0,
      1229945.0,
      3117785.0,
      5619145.0,
      8935595.0,
      13513625.0,
      17865430.0,
      20211270.0,
      19042570.0,
      16077690.0,
      11770065.0,
      8656685.0,
      3816435.0,
      2735935.0,
      870195.0,
      632675.0,
      153935.0,
      87815.0,
      38670.0,
      14115.0,
      4385.0,
      2620.0,
      995.0,
      1360.0,
      140.0,
      115.0,
      40.0
    ],
    [
      490.0,
      2255.0,
      2120.0,
      13255.0,
      14865.0,
      35890.0,
      61360.0,
      156700.0,
      291330.0,
      349055.0,
      648385.0,
      2298790.0,
      3819855.0,
      7652670.0,
      12901105.0,
      17376790.0,
      20937440.0,
      20880515.0,
      16794480.0,
      11273690.0,
      8130640.0,
      3567740.0,
      2153560.0,
      966940.0,
      324520.0,
      109565.0,
      65900.0,
      29510.0,
      24400.0,
      6190.0,
      3240.0,
      1360.0
    ],
    [
      20.0,
      70.0,
      115.0,
      1035.0,
      740.0,
      3650.0,
      4385.0,
      10595.0,
      25660.0,
      31225.0,
      51045.0,
      173520.0,
      253805.0,
      740765.0,
      1883525.0,
      4231540.0,
      6615230.0,
      10315395.0,
      14732130.0,
      16828770.0,
      19335625.0,
      18754215.0,
      16619410.0,
      10512670.0,
      4809785.0,
      2036635.0,
      1091715.0,
      503205.0,
      374860.0,
      124340.0,
      57850.0,
      29690.0
    ],
    [
      3390.0,
      12440.0,
      13580.0,
      62645.0,
      71470.0,
      127500.0,
      256405.0,
      672950.0,
      1128575.0,
      1574645.0,
      3299925.0,
      7862270.0,
      11443690.0,
      15864935.0,
      18509465.0,
      17278755.0,
      15253480.0,
      9550265.0,
      6164040.0,
      2488810.0,
      1573945.0,
      474035.0,
      246525.0,
      132535.0,
      53990.0,
      18330.0,
      10475.0,
      4250.0,
      4750.0,
      830.0,
      405.0,
      150.0
    ],
    [
      20.0,
      60.0,
      120.0,
      980.0,
      725.0,
      3725.0,
      4180.0,
      10200.0,
      20885.0,
      26175.0,
      42835.0,
      133560.0,
      211145.0,
      576035.0,
      1392085.0,
      3192190.0,
      5562400.0,
      8501420.0,
      13027990.0,
      15092955.0,
      17429290.0,
      15733440.0,
      12719420.0,
      7160720.0,
      3192655.0,
      1192345.0,
      666365.0,
      321460.0,
      225870.0,
      74135.0,
      38345.0,
      19185.0
    ],
    [
      1420.0,
      5325.0,
      5490.0,
      27955.0,
      34425.0,
      68750.0,
      124170.0,
      306210.0,
      527105.0,
      632480.0,
      1275475.0,
      4025310.0,
      6942650.0,
      11324340.0,
      16028500.0,
      17609685.0,
      17993920.0,
      13428430.0,
      9381915.0,
      4528515.0,
      2721665.0,
      941605.0,
      518235.0,
      301055.0,
      120210.0,
      44225.0,
      26685.0,
      12590.0,
      10990.0,
      2365.0,
      1350.0,
      615.0
    ],
    [
      0.0,
      35.0,
      50.0,
      375.0,
      230.0,
      1760.0,
      1405.0,
      3815.0,
      8905.0,
      11545.0,
      19065.0,
      61055.0,
      85260.0,
      233685.0,
      525215.0,
      1249555.0,
      2372455.0,
      3755135.0,
      7709240.0,
      9994905.0,
      13864820.0,
      17052810.0,
      18320005.0,
      13586935.0,
      8519705.0,
      4207975.0,
      2350900.0,
      1083190.0,
      850050.0,
      280965.0,
      137140.0,
      71970.0
    ],
    [
      295.0,
      1220.0,
      1165.0,
      7170.0,
      7610.0,
      20595.0,
      31805.0,
      69545.0,
      132885.0,
      160330.0,
      261830.0,
      902815.0,
      1535360.0,
      3584560.0,
      7543095.0,
      12268880.0,
      17105790.0,
      18766310.0,
      17576920.0,
      13421790.0,
      10295615.0,
      5465565.0,
