{
  "baseline_mean": [
    0.12181482762596565,
    -3.8672093346657483,
    1.0516988141053079,
    4.676563961302786,
    2.8487876582222302,
    -1.6814820094795127,
    -1.177744022165418,
    2.0864316034789425,
    -0.988748265954859,
    4.099336219156773,
    4.618798121378853,
    1.551369805363883,
    -0.2961455392036244,
    1.2606848869383258,
    5.6393165343622425,
    -2.7466161176432813
  ],
  "baseline_stddev": [
    1.3945350149513092,
    1.4818148681808998,
    1.3152934671863152,
    0.7966252000794449,
    0.7305351081949586,
    0.8815418720790051,
    0.7769913437363024,
    0.5568294305660109,
    0.9412808211712755,
    1.16608704056754,
    1.061528788422099,
    0.839876929349912,
    1.214579742121346,
    1.4546660837647645,
    1.6268825760990446,
    1.1175743278734027
  ],
  "baselines": [
    0.0,
    -4.0,
    1.0,
    5.0,
    3.0,
    -2.0,
    -1.0,
    2.0,
    -1.0,
    4.0,
    5.0,
    2.0,
    -0.0,
    1.0,
    6.0,
    -3.0
  ],
  "bl_range": [
    -15,
    -14,
    -13,
    -12,
    -11,
    -10,
    -9,
    -8,
    -7,
    -6,
    -5,
    -4,
    -3,
    -2,
    -1,
    0,
    1,
    2,
    3,
    4,
    5,
    6,
    7,
    8,
    9,
    10,
    11,
    12,
    13,
    14,
    15,
    16
  ],
  "ch_error": [
    0.0,
    0.0,
    0.0,
    0.0,
    0.0,
    0.0,
    0.0,
    0.0,
    0.0,
    0.0,
    0.0,
    0.0,
    0.0,
    0.0,
    0.0,
    0.0
  ],
  "noise_scan_raw": [
    [
      0.0,
      0.0,
      0.0,
      0.0,
      15.0,
      15.0,
      50.0,
      500.0,
      1410.0,
      7955.0,
      32430.0,
      113685.0,
      502170.0,
      1557195.0,
      3462405.0,
      7188380.0,
      4222720.0,
      2084280.0,
      680745.0,
      144270.0,
      27780.0,
      6915.0,
      1605.0,
      95.0,
      5.0,
      5.0,
      0.0,
      0.0,
      0.0,
      0.0,
      0.0,
      0.0
    ],
    [
      5.0,
      160.0,
      130.0,
      540.0,
      2945.0,
      13605.0,
      41940.0,
      140425.0,
      751710.0,
      2022890.0,
      3528350.0,
      8256890.0,
      4771410.0,
      2362995.0,
      991890.0,
      232720.0,
      52945.0,
      15410.0,
      3755.0,
      215.0,
      20.0,
      10.0,
      5.0,
      10.0,
      0.0,
      0.0,
      0.0,
      0.0,
      0.0,
      0.0,
      0.0,
      0.0
    ],
    [
      0.0,
      0.0,
      0.0,
      0.0,
      0.0,
      0.0,
      10.0,
      95.0,
      230.0,
      1515.0,
      6615.0,
      34910.0,
      103480.0,
      501140.0,
      1637510.0,
      3561805.0,
      8147970.0,
      4332425.0,
      1818140.0,
      533170.0,
      86745.0,
      20850.0,
      5665.0,
      420.0,
      25.0,
      15.0,
      0.0,
      5.0,
      0.0,
      0.0,
      0.0,
      0.0
    ],
    [
      0.0,
      0.0,
      0.0,
      0.0,
      0.0,
      0.0,
      0.0,
      0.0,
      0.0,
      0.0,
      0.0,
      0.0,
      5.0,
      15.0,
      250.0,
      1290.0,
      16735.0,
      91945.0,
      516875.0,
      2783235.0,
      5483485.0,
      782525.0,
      101130.0,
      5990.0,
      135.0,
      35.0,
      0.0,
      0.0,
      0.0,
      0.0,
      0.0,
      0.0
    ],
    [
      0.0,
      0.0,
      0.0,
      0.0,
      0.0,
      0.0,
      0.0,
      0.0,
      0.0,
      0.0,
      0.0,
      5.0,
      65.0,
      585.0,
      6320.0,
      31430.0,
      228930.0,
      1446335.0,
      4450370.0,
      801415.0,
      67505.0,
      6730.0,
      1380.0,
      55.0,
      0.0,
      0.0,
      0.0,
      0.0,
      0.0,
      0.0,
      0.0,
      0.0
    ],
    [
      0.0,
      0.0,
      0.0,
      0.0,
      0.0,
      0.0,
      0.0,
      250.0,
      545.0,
      5840.0,
      45015.0,
      285550.0,
      1535510.0,
      6813200.0,
      4826445.0,
      798640.0,
      112260.0,
      22960.0,
      3855.0,
      40.0,
      0.0,
      0.0,
      0.0,
      0.0,
      0.0,
      0.0,
      0.0,
      0.0,
      0.0,
      0.0,
      0.0,
      0.0
    ],
    [
      0.0,
      0.0,
      0.0,
      0.0,
      0.0,
      0.0,
      0.0,
      85.0,
      140.0,
      1560.0,
      12090.0,
      91060.0,
      507285.0,
      3313920.0,
      8765265.0,
      1530160.0,
      215625.0,
      32990.0,
      6370.0,
      55.0,
      0.0,
      0.0,
      0.0,
      0.0,
      0.0,
      0.0,
      0.0,
      0.0,
      0.0,
      0.0,
      0.0,
      0.0
    ],
    [
      0.0,
      0.0,
      0.0,
      0.0,
      0.0,
      0.0,
      0.0,
      0.0,
      0.0,
      0.0,
      0.0,
      5.0,
      15.0,
      180.0,
      5095.0,
      35080.0,
      460640.0,
      4077015.0,
      944070.0,
      39725.0,
      1215.0,
      145.0,
      0.0,
      0.0,
      0.0,
      0.0,
      0.0,
      0.0,
      0.0,
      0.0,
      0.0,
      0.0
    ],
    [
      0.0,
      0.0,
      0.0,
      0.0,
      0.0,
      0.0,
      5.0,
      35.0,
      175.0,
      1555.0,
      11835.0,
      76745.0,
      497440.0,
      2075510.0,
      5955215.0,
      2195300.0,
      506895.0,
      71675.0,
      14685.0,
      465.0,
      35.0,
      0.0,
      5.0,
      0.0,
      0.0,
      0.0,
      0.0,
      0.0,
      0.0,
      0.0,
      0.0,
      0.0
    ],
    [
      0.0,
      0.0,
      0.0,
      0.0,
      0.0,
      0.0,
      0.0,
      0.0,
      0.0,
      0.0,
      15.0,
      110.0,
      440.0,
      2145.0,
      15080.0,
      64390.0,
      280100.0,
      1046125.0,
      2802960.0,
      7791500.0,
      3969305.0,
      1359575.0,
      296315.0,
      51660.0,
      9765.0,
      1350.0,
      130.0,
      110.0,
      5.0,
      0.0,
      0.0,
      0.0
    ],
    [
      0.0,
      0.0,
      0.0,
      0.0,
      0.0,
      0.0,
      0.0,
      0.0,
      0.0,
      0.0,
      5.0,
      10.0,
      60.0,
      540.0,
      2670.0,
      17350.0,
      82095.0,
      415105.0,
      1448400.0,
      4907555.0,
      7160395.0,
      1922010.0,
      508135.0,
      66040.0,
      9225.0,
      1100.0,
      105.0,
      55.0,
      0.0,
      0.0,
      0.0,
      0.0
    ],
    [
      0.0,
      0.0,
      0.0,
      0.0,
      0.0,
      0.0,
      0.0,
      0.0,
      0.0,
      0.0,
      25.0,
      160.0,
      1330.0,
      12015.0,
      107145.0,
      715710.0,
      3206270.0,
      4373185.0,
      705420.0,
      81545.0,
      4045.0,
      750.0,
      95.0,
      0.0,
      0.0,
      0.0,
      0.0,
      0.0,
      0.0,
      0.0,
      0.0,
      0.0
    ],
    [
      0.0,
      0.0,
      0.0,
      0.0,
      0.0,
      5.0,
      15.0,
      190.0,
      515.0,
      3575.0,
      19955.0,
      89050.0,
      449310.0,
      1686055.0,
      4308105.0,
      6051555.0,
      2435325.0,
      813385.0,
      182390.0,
      28635.0,
      4110.0,
      665.0,
      310.0,
      45.0,
      0.0,
      0.0,
      0.0,
      0.0,
      0.0,
      0.0,
      0.0,
      0.0
    ],
    [
      0.0,
      0.0,
      0.0,
      0.0,
      5.0,
      10.0,
      50.0,
      215.0,
      430.0,
      2335.0,
      10355.0,
      43170.0,
      109435.0,
      467295.0,
      1496680.0,
      3056845.0,
      6612800.0,
      4920385.0,
      2332865.0,
      896185.0,
      210210.0,
      46925.0,
      15410.0,
      2410.0,
      210.0,
      120.0,
      5.0,
      10.0,
      0.0,
      0.0,
      0.0,
      0.0
    ],
    [
      0.0,
      0.0,
      0.0,
      0.0,
      0.0,
      0.0,
      0.0,
      5.0,
      0.0,
      5.0,
      70.0,
      540.0,
      840.0,
      2555.0,
      13200.0,
      43375.0,
      125090.0,
      439790.0,
      1230545.0,
      2629145.0,
      4932245.0,
      6218985.0,
      3037465.0,
      1521525.0,
      685365.0,
      150135.0,
      41155.0,
      14895.0,
      1690.0,
      265.0,
      15.0,
      90.0
    ],
    [
      0.0,
      0.0,
      0.0,
      5.0,
      10.0,
      95.0,
      525.0,
      3740.0,
      18005.0,
      91545.0,
      449580.0,
      1626530.0,
