{
  "baseline_mean": [
    6.249291113906899,
    7.540053757715425,
    -1.0381158568276683,
    8.240360962998757,
    7.132364864487052,
    11.346413216586246,
    2.329424567962946,
    10.977718703322434,
    15.58472815556645,
    7.9290782230207135,
    3.6718535085629567,
    6.9221547450810945,
    7.135966516970768,
    7.3251956693098315,
    9.031542342964862,
    11.118107460358248
  ],
  "baseline_stddev": [
    0.8670777139959623,
    1.178681724506124,
    1.3018392828522642,
    0.9778007470423813,
    0.7436287643449995,
    1.6341290910114026,
    2.0478238560158304,
    1.8037525228076523,
    0.8311287573579185,
    1.3386421475122692,
    1.4299004682439578,
    1.2268961495700101,
    1.4546547939744907,
    1.4426503964753847,
    1.5696451556595374,
    1.5861761553613147
  ],
  "baselines": [
    6.0,
    8.0,
    -1.0,
    8.0,
    7.0,
    11.0,
    2.0,
    11.0,
    16.0,
    8.0,
    4.0,
    7.0,
    7.0,
    7.0,
    9.0,
    11.0
  ],
  "bl_range": [
    -15,
    -14,
    -13,
    -12,
    -11,
    -10,
    -9,
    -8,
    -7,
    -6,
    -5,
    -4,
    -3,
    -2,
    -1,
    0,
    1,
    2,
    3,
    4,
    5,
    6,
    7,
    8,
    9,
    10,
    11,
    12,
    13,
    14,
    15,
    16
  ],
  "ch_error": [
    0.0,
    0.0,
    0.0,
    0.0,
    0.0,
    0.0,
    0.0,
    0.0,
    0.0,
    0.0,
    0.0,
    0.0,
    0.0,
    0.0,
    0.0,
    0.0
  ],
  "noise_scan_raw": [
    [
      0.0,
      0.0,
      0.0,
      0.0,
      0.0,
      0.0,
      0.0,
      0.0,
      0.0,
      0.0,
      0.0,
      0.0,
      0.0,
      0.0,
      0.0,
      5.0,
      115.0,
      2565.0,
      26320.0,
      255745.0,
      1945860.0,
      6979250.0,
      4163230.0,
      827560.0,
      86645.0,
      7515.0,
      505.0,
      0.0,
      0.0,
      0.0,
      0.0,
      0.0
    ],
    [
      0.0,
      0.0,
      0.0,
      0.0,
      0.0,
      0.0,
      0.0,
      0.0,
      0.0,
      0.0,
      0.0,
      0.0,
      0.0,
      0.0,
      10.0,
      55.0,
      455.0,
      4375.0,
      27405.0,
      124230.0,
      636670.0,
      1823635.0,
      5779970.0,
      6400460.0,
      1907770.0,
      732795.0,
      148500.0,
      18320.0,
      1905.0,
      215.0,
      5.0,
      0.0
    ],
    [
      0.0,
      0.0,
      0.0,
      0.0,
      0.0,
      0.0,
      15.0,
      270.0,
      2555.0,
      17800.0,
      101690.0,
      419795.0,
      1211085.0,
      2813390.0,
      6257810.0,
      2692965.0,
      1139640.0,
      378575.0,
      66380.0,
      10220.0,
      1050.0,
      145.0,
      10.0,
      0.0,
      0.0,
      0.0,
      0.0,
      0.0,
      0.0,
      0.0,
      0.0,
      0.0
    ],
    [
      0.0,
      0.0,
      0.0,
      0.0,
      0.0,
      0.0,
      0.0,
      0.0,
      0.0,
      0.0,
      0.0,
      0.0,
      0.0,
      0.0,
      0.0,
      0.0,
      0.0,
      35.0,
      505.0,
      4395.0,
      48770.0,
      417385.0,
      2170035.0,
      6660005.0,
      3794425.0,
      1074095.0,
      207035.0,
      15205.0,
      1210.0,
      60.0,
      5.0,
      0.0
    ],
    [
      0.0,
      0.0,
      0.0,
      0.0,
      0.0,
      0.0,
      0.0,
      0.0,
      0.0,
      0.0,
      0.0,
      0.0,
      0.0,
      0.0,
      0.0,
      0.0,
      0.0,
      10.0,
      320.0,
      4880.0,
      98310.0,
      1196085.0,
      5449375.0,
      1827735.0,
      333020.0,
      30395.0,
      1785.0,
      35.0,
      0.0,
      0.0,
      0.0,
      0.0
    ],
    [
      0.0,
      0.0,
      0.0,
      0.0,
      0.0,
      0.0,
      0.0,
      0.0,
      0.0,
      0.0,
      0.0,
      0.0,
      0.0,
      0.0,
      0.0,
      0.0,
      0.0,
      10.0,
      55.0,
      365.0,
      4725.0,
      47570.0,
      259795.0,
      699570.0,
      1768535.0,
      3273595.0,
      6838315.0,
      5483505.0,
      2621890.0,
      1450775.0,
      586810.0,
      165635.0
    ],
    [
      0.0,
      0.0,
      0.0,
      0.0,
      0.0,
      0.0,
      0.0,
      0.0,
      85.0,
      545.0,
      5205.0,
      38735.0,
      196055.0,
      680275.0,
      1448960.0,
      2371375.0,
      3465005.0,
      6201340.0,
      5268510.0,
      3019890.0,
      2112925.0,
      1143835.0,
      469520.0,
      104815.0,
      9300.0,
      870.0,
      115.0,
      5.0,
      0.0,
      0.0,
      0.0,
      0.0
    ],
    [
      0.0,
      0.0,
      0.0,
      0.0,
      0.0,
      0.0,
      0.0,
      0.0,
      0.0,
      0.0,
      0.0,
      0.0,
      0.0,
      0.0,
      0.0,
      0.0,
      15.0,
      35.0,
      290.0,
      1645.0,
      19905.0,
      151185.0,
      584850.0,
      1303190.0,
      2742735.0,
      4299030.0,
      6951585.0,
      4064625.0,
      2489710.0,
      1462760.0,
      558330.0,
      141110.0
    ],
    [
      0.0,
      0.0,
      0.0,
      0.0,
      0.0,
      0.0,
      0.0,
      0.0,
      0.0,
      0.0,
      0.0,
      0.0,
      0.0,
      0.0,
      0.0,
      0.0,
      0.0,
      0.0,
      0.0,
      0.0,
      0.0,
      40.0,
      150.0,
      805.0,
      2030.0,
      3940.0,
      4490.0,
      14010.0,
      52025.0,
      159165.0,
      468405.0,
      1865160.0
    ],
    [
      0.0,
      0.0,
      0.0,
      0.0,
      0.0,
      0.0,
      0.0,
      0.0,
      0.0,
      0.0,
      0.0,
      0.0,
      0.0,
      15.0,
      30.0,
      435.0,
      2990.0,
      14755.0,
      58635.0,
      340465.0,
      1011485.0,
      2831365.0,
      8966475.0,
      12117530.0,
      8081340.0,
      2860620.0,
      670250.0,
      182510.0,
      37435.0,
      9405.0,
      875.0,
      200.0
    ],
    [
      0.0,
      0.0,
      0.0,
      0.0,
      0.0,
      0.0,
      0.0,
      0.0,
      10.0,
      40.0,
      105.0,
      1090.0,
      7450.0,
      23295.0,
      97610.0,
      345300.0,
      1098870.0,
      3324590.0,
      8241380.0,
      9667975.0,
      3668775.0,
      1802515.0,
      778115.0,
      185425.0,
      48350.0,
      7745.0,
      660.0,
      130.0,
      30.0,
      0.0,
      0.0,
      0.0
    ],
    [
      0.0,
      0.0,
      0.0,
      0.0,
      0.0,
      0.0,
      0.0,
      0.0,
      0.0,
      0.0,
      0.0,
      0.0,
      0.0,
      55.0,
      155.0,
      1675.0,
      10830.0,
      48665.0,
      131730.0,
      669815.0,
      1782200.0,
      5139895.0,
      10318750.0,
      5221620.0,
      1452175.0,
      352090.0,
      73460.0,
      19325.0,
      3590.0,
      565.0,
      45.0,
      10.0
    ],
    [
      0.0,
      0.0,
      0.0,
      0.0,
      0.0,
      0.0,
      0.0,
      0.0,
      0.0,
      5.0,
      0.0,
      10.0,
      15.0,
      195.0,
      755.0,
      6665.0,
      33385.0,
      114000.0,
      288915.0,
      1164860.0,
      2706770.0,
      6771915.0,
      12265630.0,
      9545630.0,
      3911790.0,
      1144000.0,
      334020.0,
      103790.0,
      28400.0,
      7160.0,
      910.0,
      200.0
    ],
    [
      0.0,
      0.0,
      0.0,
      0.0,
      0.0,
      0.0,
      0.0,
      0.0,
      0.0,
      0.0,
      0.0,
      5.0,
      40.0,
      195.0,
      590.0,
      5345.0,
      25675.0,
      82135.0,
      208410.0,
      825595.0,
      1943045.0,
      4920335.0,
      10659115.0,
      9768770.0,
      3925740.0,
      1246580.0,
      380585.0,
      129220.0,
      36400.0,
      11140.0,
      1315.0,
      300.0
    ],
    [
      0.0,
      0.0,
      0.0,
      0.0,
      0.0,
      0.0,
      0.0,
      0.0,
      0.0,
      0.0,
      0.0,
      0.0,
      0.0,
      10.0,
      5.0,
      260.0,
      1600.0,
      6995.0,
      23325.0,
      152575.0,
      447425.0,
      1055885.0,
      3628875.0,
      6289020.0,
      9586125.0,
      8082690.0,
      3385290.0,
      1167360.0,
      340835.0,
      126495.0,
      24130.0,
      8290.0
    ],
    [
      0.0,
      0.0,
      0.0,
      0.0,
      0.0,
      0.0,
