{
  "baseline_mean": [
    12.002144182778066, 
    3.0009157646260336, 
    3.5026059974303654, 
    1.9649805447470816, 
    9.208255159474671, 
    8.002529182879378, 
    3.9885091926458838, 
    -1.0024424193082437, 
    5.99409956057909, 
    1.0071729168050332, 
    9.99753433412496, 
    -2.0445109730104294, 
    6.991959315334416, 
    3.77836093550868, 
    3.488783807186754, 
    -2.584948728666144
  ], 
  "baseline_stddev": [
    0.10482922092432281, 
    0.10667752578151175, 
    0.5467739191216965, 
    0.372061201441156, 
    1.7795395810812218, 
    0.24371494717764408, 
    0.1708932184778854, 
    0.15884699380150555, 
    0.16799572457643797, 
    0.15976453663214102, 
    0.1123065243842726, 
    0.22477493849329858, 
    0.18427225359742722, 
    0.49294408832604525, 
    0.5740020364927735, 
    0.6482449305727146
  ], 
  "baselines": [
    12.0, 
    3.0, 
    4.0, 
    2.0, 
    9.0, 
    8.0, 
    4.0, 
    -1.0, 
    6.0, 
    1.0, 
    10.0, 
    -2.0, 
    7.0, 
    4.0, 
    3.0, 
    -3.0
  ], 
  "bl_range": [
    -15, 
    -14, 
    -13, 
    -12, 
    -11, 
    -10, 
    -9, 
    -8, 
    -7, 
    -6, 
    -5, 
    -4, 
    -3, 
    -2, 
    -1, 
    0, 
    1, 
    2, 
    3, 
    4, 
    5, 
    6, 
    7, 
    8, 
    9, 
    10, 
    11, 
    12, 
    13, 
    14, 
    15
  ], 
  "ch_error": [
    0.0, 
    0.0, 
    0.0, 
    0.0, 
    0.0, 
    0.0, 
    0.0, 
    0.0, 
    0.0, 
    0.0, 
    0.0, 
    0.0, 
    0.0, 
    0.0, 
    0.0, 
    0.0
  ], 
  "noise_scan_raw": [
    [
      0, 
      0, 
      0, 
      0, 
      0, 
      0, 
      0, 
      0, 
      0, 
      0, 
      0, 
      0, 
      0, 
      0, 
      0, 
      0, 
      0, 
      0, 
      0, 
      0, 
      0, 
      3, 
      12, 
      36, 
      42, 
      42, 
      567, 
      386088, 
      1616, 
      45, 
      42
    ], 
    [
      0, 
      0, 
      0, 
      0, 
      0, 
      0, 
      0, 
      0, 
      0, 
      0, 
      0, 
      0, 
      0, 
      3, 
      30, 
      42, 
      44, 
      997, 
      398166, 
      1342, 
      61, 
      44, 
      28, 
      1, 
      0, 
      0, 
      0, 
      0, 
      0, 
      0, 
      0
    ], 
    [
      0, 
      0, 
      0, 
      0, 
      0, 
      0, 
      0, 
      0, 
      0, 
      0, 
      0, 
      0, 
      0, 
      0, 
      10, 
      42, 
      42, 
      59, 
      20341, 
      20608, 
      60, 
      47, 
      37, 
      5, 
      0, 
      0, 
      0, 
      0, 
      0, 
      0, 
      0
    ], 
    [
      0, 
      0, 
      0, 
      0, 
      0, 
      0, 
      0, 
      0, 
      0, 
      0, 
      0, 
      0, 
      4, 
      30, 
      42, 
      42, 
      796, 
      20223, 
      83, 
      45, 
      40, 
      24, 
      2, 
      0, 
      0, 
      0, 
      0, 
      0, 
      0, 
      0, 
      0
    ], 
    [
      0, 
      0, 
      0, 
      0, 
      0, 
      0, 
      0, 
      0, 
      0, 
      0, 
      0, 
      0, 
      0, 
      0, 
      0, 
      0, 
      0, 
      0, 
      0, 
      0, 
      15, 
      39, 
      40, 
      44, 
      148, 
      152, 
      42, 
      36, 
      17, 
      0, 
      0
    ], 
    [
      0, 
      0, 
      0, 
      0, 
      0, 
      0, 
      0, 
      0, 
      0, 
      0, 
      0, 
      0, 
      0, 
      0, 
      0, 
      0, 
      0, 
      0, 
      0, 
      25, 
      39, 
      42, 
      61, 
      30378, 
      204, 
      44, 
      40, 
      7, 
      0, 
      0, 
      0
    ], 
    [
      0, 
      0, 
      0, 
      0, 
      0, 
      0, 
      0, 
      0, 
      0, 
      0, 
      0, 
      0, 
      0, 
      0, 
      0, 
      34, 
      42, 
      44, 
      1105, 
      98699, 
      63, 
      46, 
      38, 
      9, 
      0, 
      0, 
      0, 
      0, 
      0, 
      0, 
      0
    ], 
    [
      0, 
      0, 
      0, 
      0, 
      0, 
      0, 
      0, 
      0, 
      0, 
      0, 
      18, 
      40, 
      42, 
      247, 
      75642, 
      65, 
      45, 
      38, 
      17, 
      0, 
      0, 
      0, 
      0, 
      0, 
      0, 
      0, 
      0, 
      0, 
      0, 
      0, 
      0
    ], 
    [
      0, 
      0, 
      0, 
      0, 
      0, 
      0, 
      0, 
      0, 
      0, 
      0, 
      0, 
      0, 
      0, 
      0, 
      0, 
      0, 
      0, 
      16, 
      40, 
      41, 
      648, 
      79290, 
      209, 
      42, 
      41, 
      6, 
      0, 
      0, 
      0, 
      0, 
      0
    ], 
    [
      0, 
      0, 
      0, 
      0, 
      0, 
      0, 
      0, 
      0, 
      0, 
      0, 
      0, 
      4, 
      20, 
      40, 
      47, 
      321, 
      163713, 
      1283, 
      102, 
      46, 
      37, 
      10, 
      0, 
      0, 
      0, 
      0, 
      0, 
      0, 
      0, 
      0, 
      0
    ], 
    [
      0, 
      0, 
      0, 
      0, 
      0, 
      0, 
      0, 
      0, 
      0, 
      0, 
      0, 
      0, 
      0, 
      0, 
      0, 
      0, 
      0, 
      0, 
      0, 
      0, 
      16, 
      36, 
      45, 
      70, 
      760, 
      274033, 
      328, 
      45, 
      34, 
      15, 
      0
    ], 
    [
      0, 
      0, 
      0, 
      0, 
      0, 
      0, 
      0, 
      0, 
      11, 
      38, 
      42, 
      108, 
      86740, 
      1731430, 
      5566, 
      73, 
      52, 
      34, 
      16, 
      2, 
      0, 
      0, 
      0, 
      0, 
      0, 
      0, 
      0, 
      0, 
      0, 
      0, 
      0
    ], 
    [
      0, 
      0, 
      0, 
      0, 
      0, 
      0, 
      0, 
      0, 
      0, 
      0, 
      0, 
      0, 
      0, 
      0, 
      0, 
      0, 
      6, 
      26, 
      55, 
      205, 
      921, 
      19008, 
      1135455, 
      11934, 
      111, 
      61, 
      24, 
      4, 
      1, 
      0, 
      0
    ], 
    [
      0, 
      0, 
      0, 
      0, 
      0, 
      0, 
      0, 
      0, 
      0, 
      0, 
      0, 
      0, 
      5, 
      13, 
      39, 
      64, 
      393, 
      10635, 
      753646, 
      2232248, 
      87549, 
      1944, 
      188, 
      61, 
      43, 
      6, 
      0, 
      0, 
      0, 
      0, 
      0
    ], 
    [
      0, 
      0, 
      0, 
      0, 
      0, 
      0, 
      0, 
      0, 
      0, 
      0, 
      0, 
      2, 
      10, 
      21, 
      94, 
      208, 
      3438, 
      80802, 
      2317334, 
      2214684, 
      80026, 
      3291, 
      197, 
      64, 
      60, 
      26, 
      1, 
      0, 
      0, 
      0, 
      0
    ], 
    [
      0, 
      0, 
      0, 
      0, 
      3, 
      9, 
      20, 
      42, 
      100, 
      717, 
      10106, 
      274108, 
      2329839, 
      2076416, 
      99613, 
      2936, 
      376, 
      67, 
      67, 
      41, 
      21, 
      8, 
      3, 
      0, 
      0, 
      0, 
      0, 
      0, 
      0, 
      0, 
      0
    ]
  ], 
  "t1_calib_efficiency": [
    0.999, 
    0.999, 
    0.999, 
    0.999, 
    0.999, 
    0.999, 
    0.999, 
    0.999, 
    0.999, 
    0.999, 
    0.999, 
    0.999, 
    0.999, 
    0.999, 
    0.999, 
    0.999
  ]
}