{
  "baseline_mean": [
    2.326367968567058,
    7.679995874050028,
    1.0517197801501532,
    -2.5540952900199994,
    -0.6409848713685402,
    2.1156004053394275,
    4.053644523112107,
    3.2899566015254695,
    0.0,
    -0.09033541297006509,
    -0.08223246818283847,
    -0.07530987487516938,
    0.0,
    2.7,
    -0.11047193841046421,
    0.0
  ],
  "baseline_stddev": [
    1.3295179605511307,
    1.427377217728425,
    1.4505126786076574,
    1.6357924891958497,
    1.6613936906659128,
    1.4715951317633797,
    1.8493825694972532,
    1.626547068722568,
    -1.0,
    8.932022096055737,
    8.951470821645547,
    8.951019250510232,
    -1.0,
    9.550392662084633,
    9.01002494167352,
    -1.0
  ],
  "baselines": [
    2.0,
    8.0,
    1.0,
    -3.0,
    -1.0,
    2.0,
    4.0,
    3.0,
    0.0,
    0.0,
    0.0,
    0.0,
    0.0,
    0.0,
    0.0,
    0.0
  ],
  "bl_range": [
    -15,
    -14,
    -13,
    -12,
    -11,
    -10,
    -9,
    -8,
    -7,
    -6,
    -5,
    -4,
    -3,
    -2,
    -1,
    0,
    1,
    2,
    3,
    4,
    5,
    6,
    7,
    8,
    9,
    10,
    11,
    12,
    13,
    14,
    15
  ],
  "ch_error": [
    0.0,
    0.0,
    0.0,
    0.0,
    0.0,
    0.0,
    0.0,
    0.0,
    0.0,
    0.0,
    0.0,
    0.0,
    0.0,
    0.0,
    0.0,
    0.0
  ],
  "noise_scan_raw": [
    [
      0.0,
      0.0,
      0.0,
      0.0,
      0.0,
      0.0,
      0.0,
      0.0,
      0.0,
      0.0,
      0.0,
      65.0,
      6120.0,
      81285.0,
      546775.0,
      2660795.0,
      7289170.0,
      12101825.0,
      11162280.0,
      5263805.0,
      1670165.0,
      284755.0,
      35380.0,
      950.0,
      5.0,
      0.0,
      0.0,
      0.0,
      0.0,
      0.0,
      0.0
    ],
    [
      0.0,
      0.0,
      0.0,
      0.0,
      0.0,
      0.0,
      0.0,
      0.0,
      0.0,
      0.0,
      0.0,
      0.0,
      0.0,
      0.0,
      0.0,
      0.0,
      240.0,
      10015.0,
      88760.0,
      465425.0,
      1797290.0,
      5452125.0,
      10203055.0,
      10906990.0,
      7487745.0,
      2943605.0,
      699250.0,
      116585.0,
      13465.0,
      135.0,
      0.0
    ],
    [
      0.0,
      0.0,
      0.0,
      0.0,
      0.0,
      0.0,
      0.0,
      0.0,
      0.0,
      0.0,
      2965.0,
      44615.0,
      300550.0,
      1398435.0,
      4083375.0,
      9063150.0,
      12173015.0,
      9579790.0,
      5054085.0,
      1420565.0,
      248195.0,
      31075.0,
      2525.0,
      10.0,
      0.0,
      0.0,
      0.0,
      0.0,
      0.0,
      0.0,
      0.0
    ],
    [
      0.0,
      0.0,
      0.0,
      0.0,
      0.0,
      0.0,
      1910.0,
      37380.0,
      355855.0,
      1543450.0,
      4707035.0,
      9768040.0,
      13444635.0,
      13501245.0,
      9059020.0,
      4200260.0,
      1358195.0,
      307255.0,
      40085.0,
      1765.0,
      20.0,
      0.0,
      0.0,
      0.0,
      0.0,
      0.0,
      0.0,
      0.0,
      0.0,
      0.0,
      0.0
    ],
    [
      0.0,
      0.0,
      0.0,
      0.0,
      0.0,
      0.0,
      0.0,
      115.0,
      9545.0,
      79840.0,
      489865.0,
      1752440.0,
      5405940.0,
      10225795.0,
      14133045.0,
      13123275.0,
      8682605.0,
      4417865.0,
      1246520.0,
      257240.0,
      28295.0,
      2330.0,
      5.0,
      0.0,
      0.0,
      0.0,
      0.0,
      0.0,
      0.0,
      0.0,
      0.0
    ],
    [
      0.0,
      0.0,
      0.0,
      0.0,
      0.0,
      0.0,
      0.0,
      0.0,
      0.0,
      0.0,
      0.0,
      2330.0,
      44610.0,
      287010.0,
      1501475.0,
      4779210.0,
      10328965.0,
      13777790.0,
      11638365.0,
      5996795.0,
      1998595.0,
      432735.0,
      54345.0,
      4025.0,
      25.0,
      0.0,
      0.0,
      0.0,
      0.0,
      0.0,
      0.0
    ],
    [
      0.0,
      0.0,
      0.0,
      0.0,
      0.0,
      0.0,
      0.0,
      0.0,
      0.0,
      0.0,
      0.0,
      5.0,
      4310.0,
      54820.0,
      306565.0,
      1422595.0,
      4524800.0,
      9860870.0,
      14797690.0,
      16844005.0,
      14730365.0,
      9759975.0,
      5049390.0,
      1791820.0,
      545155.0,
      97010.0,
      11535.0,
      340.0,
      0.0,
      0.0,
      0.0
    ],
    [
      0.0,
      0.0,
      0.0,
      0.0,
      0.0,
      0.0,
      0.0,
      0.0,
      0.0,
      0.0,
      0.0,
      65.0,
      8070.0,
      80940.0,
      471375.0,
      1889530.0,
      5349950.0,
      10246770.0,
      14244990.0,
      13133535.0,
      8325240.0,
      3650670.0,
      1003365.0,
      208195.0,
      26290.0,
      1320.0,
      5.0,
      0.0,
      0.0,
      0.0,
      0.0
    ],
    [
      0.0,
      0.0,
      0.0,
      0.0,
      0.0,
      0.0,
      0.0,
      0.0,
      0.0,
      0.0,
      0.0,
      0.0,
      0.0,
      0.0,
      0.0,
      0.0,
      0.0,
      0.0,
      0.0,
      0.0,
      0.0,
      0.0,
      0.0,
      0.0,
      0.0,
      0.0,
      0.0,
      0.0,
      0.0,
      0.0,
      0.0
    ],
    [
      11375.0,
      11135.0,
      11855.0,
      11625.0,
      11420.0,
      11530.0,
      10785.0,
      11405.0,
      11075.0,
      11315.0,
      11175.0,
      11200.0,
      12050.0,
      11435.0,
      10985.0,
      11205.0,
      11280.0,
      11530.0,
      11615.0,
      11470.0,
      11060.0,
      11250.0,
      10975.0,
      11285.0,
      11150.0,
      11025.0,
      10965.0,
      10815.0,
      11195.0,
      11140.0,
      11095.0
    ],
    [
      9555.0,
      9290.0,
      10125.0,
      9610.0,
      9565.0,
      9235.0,
      9215.0,
      9335.0,
      8795.0,
      9180.0,
      9115.0,
      9115.0,
      9775.0,
      9460.0,
      9390.0,
      9405.0,
      9665.0,
      9505.0,
      9645.0,
      9450.0,
      9115.0,
      9220.0,
      9155.0,
      9295.0,
      9155.0,
      9215.0,
      8805.0,
      9040.0,
      9455.0,
      9430.0,
      9230.0
    ],
    [
      28430.0,
      27675.0,
      28300.0,
      27775.0,
      27700.0,
      27290.0,
      27385.0,
      27440.0,
      27170.0,
      27380.0,
      27620.0,
      27180.0,
      28285.0,
      27965.0,
      26855.0,
      27315.0,
      27775.0,
      27850.0,
      28100.0,
      27315.0,
      26610.0,
      26935.0,
      27325.0,
      27840.0,
      27035.0,
      26995.0,
      26650.0,
      26945.0,
      27415.0,
      27250.0,
      27345.0
    ],
    [
      0.0,
      0.0,
      0.0,
      0.0,
      0.0,
      0.0,
      0.0,
      0.0,
      0.0,
      0.0,
      0.0,
      0.0,
      0.0,
      0.0,
      0.0,
      0.0,
      0.0,
      0.0,
      0.0,
      0.0,
      0.0,
      0.0,
      0.0,
      0.0,
      0.0,
      0.0,
      0.0,
      0.0,
      0.0,
      0.0,
      0.0
    ],
    [
      0.0,
      0.0,
      5.0,
      0.0,
      0.0,
      0.0,
      0.0,
      0.0,
      5.0,
      0.0,
      10.0,
      0.0,
      0.0,
      0.0,
      0.0,
      5.0,
      0.0,
      0.0,
      0.0,
      0.0,
      0.0,
      5.0,
      0.0,
      5.0,
      0.0,
      0.0,
      0.0,
      0.0,
      0.0,
      10.0,
      5.0
    ],
    [
      11490.0,
      11315.0,
      12345.0,
      11690.0,
      11700.0,
      11460.0,
      11510.0,
      11745.0,
      11065.0,
      11340.0,
      10865.0,
      11245.0,
      11795.0,
      11190.0,
      10475.0,
      10605.0,
      11240.0,
      11200.0,
      11245.0,
      10960.0,
      11025.0,
      10965.0,
      10960.0,
      11020.0,
      11285.0,
      11095.0,
      10855.0,
      10930.0,
      11765.0,
      11670.0,
      11360.0
    ],
    [
      0.0,
      0.0,
      0.0,
      0.0,
      0.0,
      0.0,
      0.0,
      0.0,
      0.0,
      0.0,
      0.0,
      0.0,
      0.0,
      0.0,
      0.0,
      0.0,
      0.0,
      0.0,
      0.0,
      0.0,
      0.0,
      0.0,
      0.0,
      0.0,
      0.0,
      0.0,
      0.0,
      0.0,
