{
  "baseline_mean": [
    0.739050073198036, 
    5.42202094718852, 
    -0.5483913717862424, 
    6.842824418851341, 
    4.640997524707282, 
    4.110590674208008, 
    3.349845676228633, 
    6.992595797453808, 
    5.9615385466291055, 
    -0.18165548277996882, 
    0.8383335188885438, 
    0.4420064923469121, 
    -4.094193456666021, 
    2.840674399360181, 
    1.6107617787672694, 
    3.7077625570776256
  ], 
  "baseline_stddev": [
    1.6583428145545687, 
    1.5584933203445406, 
    2.1366399041514943, 
    0.997925440433235, 
    0.706563705814705, 
    1.0105657427352532, 
    0.7835548817739185, 
    1.117862186749018, 
    0.7692422081646515, 
    0.7109796552989899, 
    0.72156259198722, 
    0.755850402501865, 
    0.7040606757073432, 
    0.7722255064704551, 
    0.8491334263714176, 
    0.9587301429494401
  ], 
  "baselines": [
    1.0, 
    5.0, 
    -1.0, 
    7.0, 
    5.0, 
    4.0, 
    3.0, 
    7.0, 
    6.0, 
    -0.0, 
    1.0, 
    0.0, 
    -4.0, 
    3.0, 
    2.0, 
    4.0
  ], 
  "bl_range": [
    -15, 
    -14, 
    -13, 
    -12, 
    -11, 
    -10, 
    -9, 
    -8, 
    -7, 
    -6, 
    -5, 
    -4, 
    -3, 
    -2, 
    -1, 
    0, 
    1, 
    2, 
    3, 
    4, 
    5, 
    6, 
    7, 
    8, 
    9, 
    10, 
    11, 
    12, 
    13, 
    14, 
    15
  ], 
  "ch_error": [
    0.0, 
    0.0, 
    0.0, 
    0.0, 
    0.0, 
    0.0, 
    0.0, 
    0.0, 
    0.0, 
    0.0, 
    0.0, 
    0.0, 
    0.0, 
    0.0, 
    0.0, 
    0.0
  ], 
  "noise_scan_raw": [
    [
      0, 
      4, 
      2, 
      17, 
      37, 
      41, 
      42, 
      52, 
      55, 
      67, 
      67, 
      176, 
      195345, 
      899389, 
      907907, 
      2620745, 
      2413442, 
      1096967, 
      1499269, 
      389288, 
      9086, 
      87, 
      80, 
      53, 
      56, 
      28, 
      42, 
      25, 
      4, 
      0, 
      0
    ], 
    [
      0, 
      0, 
      0, 
      0, 
      0, 
      0, 
      0, 
      2, 
      49, 
      55, 
      52, 
      56, 
      77, 
      297, 
      403, 
      3222, 
      48593, 
      502249, 
      865889, 
      2074333, 
      2424668, 
      2917052, 
      2613154, 
      860671, 
      41, 
      20, 
      33, 
      17, 
      20, 
      5, 
      2
    ], 
    [
      0, 
      0, 
      0, 
      0, 
      22, 
      21, 
      21, 
      26, 
      102, 
      99, 
      94, 
      76, 
      2924205, 
      2822906, 
      2841226, 
      2712351, 
      456158, 
      620451, 
      1026043, 
      1129058, 
      52, 
      46, 
      53, 
      56, 
      0, 
      0, 
      0, 
      0, 
      0, 
      0, 
      0
    ], 
    [
      0, 
      0, 
      0, 
      0, 
      0, 
      0, 
      0, 
      0, 
      5, 
      13, 
      15, 
      19, 
      36, 
      47, 
      50, 
      57, 
      53, 
      198, 
      1553, 
      40316, 
      525168, 
      1645821, 
      1857500, 
      1874844, 
      7055, 
      192, 
      146, 
      61, 
      45, 
      32, 
      27
    ], 
    [
      0, 
      0, 
      0, 
      0, 
      0, 
      0, 
      0, 
      0, 
      0, 
      0, 
      0, 
      4, 
      18, 
      35, 
      43, 
      55, 
      68, 
      4549, 
      184148, 
      1289048, 
      2077583, 
      261661, 
      16319, 
      151, 
      75, 
      51, 
      46, 
      26, 
      10, 
      0, 
      0
    ], 
    [
      0, 
      0, 
      0, 
      0, 
      0, 
      0, 
      0, 
      3, 
      5, 
      15, 
      30, 
      34, 
      34, 
      49, 
      58, 
      230, 
      5190, 
      302417, 
      2053142, 
      2285090, 
      2536861, 
      453674, 
      25769, 
      233, 
      65, 
      43, 
      34, 
      12, 
      17, 
      1, 
      0
    ], 
    [
      0, 
      0, 
      0, 
      0, 
      0, 
      0, 
      0, 
      1, 
      16, 
      11, 
      40, 
      29, 
      56, 
      56, 
      10183, 
      6381, 
      164740, 
      310079, 
      2288517, 
      2439834, 
      36521, 
      9927, 
      53, 
      55, 
      12, 
      14, 
      0, 
      0, 
      0, 
      0, 
      0
    ], 
    [
      0, 
      0, 
      0, 
      0, 
      0, 
      0, 
      0, 
      0, 
      27, 
      27, 
      35, 
      22, 
      37, 
      44, 
      47, 
      48, 
      57, 
      64, 
      1951, 
      4247, 
      78444, 
      53975, 
      203624, 
      227258, 
      346, 
      333, 
      76, 
      73, 
      53, 
      56, 
      48
    ], 
    [
      0, 
      0, 
      0, 
      0, 
      0, 
      0, 
      0, 
      0, 
      0, 
      0, 
      0, 
      2, 
      11, 
      24, 
      32, 
      46, 
      57, 
      374, 
      12088, 
      181890, 
      1001387, 
      3114894, 
      1033718, 
      77458, 
      1882, 
      85, 
      54, 
      40, 
      29, 
      9, 
      0
    ], 
    [
      0, 
      0, 
      0, 
      0, 
      0, 
      0, 
      7, 
      23, 
      39, 
      49, 
      51, 
      73, 
      11942, 
      109106, 
      1256150, 
      2748643, 
      566124, 
      41259, 
      728, 
      67, 
      49, 
      26, 
      5, 
      0, 
      0, 
      0, 
      0, 
      0, 
      0, 
      0, 
      0
    ], 
    [
      0, 
      0, 
      0, 
      0, 
      0, 
      0, 
      2, 
      15, 
      26, 
      38, 
      47, 
      52, 
      178, 
      1703, 
      148528, 
      1022540, 
      2481631, 
      587562, 
      23498, 
      481, 
      79, 
      57, 
      28, 
      8, 
      2, 
      0, 
      0, 
      0, 
      0, 
      0, 
      0
    ], 
    [
      0, 
      0, 
      0, 
      0, 
      0, 
      1, 
      8, 
      28, 
      36, 
      47, 
      49, 
      62, 
      1363, 
      21301, 
      319619, 
      1972300, 
      1733719, 
      236693, 
      20651, 
      261, 
      72, 
      53, 
      30, 
      6, 
      2, 
      0, 
      0, 
      0, 
      0, 
      0, 
      0
    ], 
    [
      0, 
      0, 
      0, 
      3, 
      35, 
      43, 
      53, 
      96, 
      6306, 
      131490, 
      866478, 
      2774009, 
      665155, 
      27067, 
      2681, 
      97, 
      38, 
      25, 
      11, 
      4, 
      0, 
      0, 
      0, 
      0, 
      0, 
      0, 
      0, 
      0, 
      0, 
      0, 
      0
    ], 
    [
      0, 
      0, 
      0, 
      0, 
      0, 
      0, 
      0, 
      5, 
      7, 
      16, 
      31, 
      31, 
      52, 
      58, 
      167, 
      6635, 
      196105, 
      1380853, 
      2983228, 
      749579, 
      89826, 
      939, 
      75, 
      62, 
      55, 
      24, 
      24, 
      3, 
      0, 
      0, 
      0
    ], 
    [
      0, 
      0, 
      0, 
      0, 
      0, 
      0, 
      6, 
      23, 
      32, 
      43, 
      47, 
      53, 
      127, 
      1217, 
      41266, 
      390938, 
      2032525, 
      2468821, 
      632813, 
      50043, 
      7121, 
      86, 
      63, 
      47, 
      35, 
      19, 
      8, 
      1, 
      0, 
      0, 
      0
    ], 
    [
      0, 
      0, 
      0, 
      0, 
      0, 
      0, 
      0, 
      0, 
      0, 
      0, 
      0, 
      0, 
      0, 
      0, 
      0, 
      0, 
      0, 
      28, 
      58, 
      83, 
      50, 
      0, 
      0, 
      0, 
      0, 
      0, 
      0, 
      0, 
      0, 
      0, 
      0
    ]
  ], 
  "t1_calib_efficiency": [
    0.999, 
    0.999, 
    0.999, 
    0.999, 
    0.999, 
    0.999, 
    0.999, 
    0.999, 
    0.999, 
    0.999, 
    0.999, 
    0.999, 
    0.999, 
    0.999, 
    0.999, 
    0.0
  ]
}