{
  "baseline_mean": [
    5.436175754426364, 
    0.5793330489028286, 
    -1.0719308627728044, 
    3.9612486523160175, 
    2.0816652229663726, 
    -2.996353440808221, 
    1.3159513644289078, 
    5.0298185464326215, 
    -0.9861549965025689, 
    4.97388649567245, 
    0.022192574567532403, 
    6.365193988368367, 
    2.2570729482022145, 
    9.911196924665465, 
    1.682878953107961, 
    -3.08519167509448
  ], 
  "baseline_stddev": [
    0.5744625816116642, 
    0.5808723318295015, 
    0.4539399615653098, 
    0.5128499783462904, 
    0.4777215188510708, 
    0.5128901538080606, 
    0.5315475397022652, 
    0.4360832030693408, 
    0.40176168757521025, 
    0.31302796888164214, 
    0.4070963445408609, 
    0.57127952156406, 
    0.5617777114910644, 
    0.468168305563458, 
    0.7084019827810085, 
    0.37577032285607864
  ], 
  "baselines": [
    5.0, 
    1.0, 
    -1.0, 
    4.0, 
    2.0, 
    -3.0, 
    1.0, 
    5.0, 
    -1.0, 
    5.0, 
    0.0, 
    6.0, 
    2.0, 
    10.0, 
    2.0, 
    -3.0
  ], 
  "bl_range": [
    -15, 
    -14, 
    -13, 
    -12, 
    -11, 
    -10, 
    -9, 
    -8, 
    -7, 
    -6, 
    -5, 
    -4, 
    -3, 
    -2, 
    -1, 
    0, 
    1, 
    2, 
    3, 
    4, 
    5, 
    6, 
    7, 
    8, 
    9, 
    10, 
    11, 
    12, 
    13, 
    14, 
    15
  ], 
  "ch_error": [
    0.0, 
    0.0, 
    0.0, 
    0.0, 
    0.0, 
    0.0, 
    0.0, 
    0.0, 
    0.0, 
    0.0, 
    0.0, 
    0.0, 
    0.0, 
    0.0, 
    0.0, 
    0.0
  ], 
  "noise_scan_raw": [
    [
      0, 
      0, 
      0, 
      0, 
      0, 
      0, 
      0, 
      1, 
      0, 
      4, 
      13, 
      21, 
      30, 
      41, 
      43, 
      50, 
      67, 
      113, 
      943, 
      37678, 
      824178, 
      704548, 
      11546, 
      238, 
      106, 
      89, 
      67, 
      49, 
      41, 
      26, 
      17
    ], 
    [
      0, 
      0, 
      0, 
      0, 
      0, 
      1, 
      6, 
      21, 
      36, 
      41, 
      46, 
      53, 
      84, 
      379, 
      9861, 
      283915, 
      385771, 
      13070, 
      251, 
      96, 
      61, 
      44, 
      29, 
      16, 
      3, 
      0, 
      0, 
      0, 
      0, 
      0, 
      0
    ], 
    [
      0, 
      0, 
      0, 
      1, 
      9, 
      23, 
      32, 
      42, 
      42, 
      57, 
      86, 
      269, 
      34893, 
      131228, 
      1520889, 
      70259, 
      2646, 
      125, 
      77, 
      42, 
      29, 
      26, 
      12, 
      1, 
      0, 
      0, 
      0, 
      0, 
      0, 
      0, 
      0
    ], 
    [
      0, 
      0, 
      0, 
      0, 
      0, 
      0, 
      0, 
      1, 
      0, 
      12, 
      21, 
      27, 
      37, 
      42, 
      53, 
      83, 
      446, 
      9205, 
      260365, 
      1531400, 
      196608, 
      2891, 
      124, 
      97, 
      68, 
      46, 
      30, 
      17, 
      8, 
      1, 
      0
    ], 
    [
      0, 
      0, 
      0, 
      0, 
      0, 
      0, 
      0, 
      4, 
      8, 
      23, 
      39, 
      40, 
      48, 
      64, 
      127, 
      2087, 
      119370, 
      1456443, 
      260378, 
      6897, 
      182, 
      95, 
      60, 
      43, 
      25, 
      13, 
      5, 
      0, 
      0, 
      0, 
      0
    ], 
    [
      2, 
      8, 
      16, 
      35, 
      32, 
      43, 
      43, 
      68, 
      85, 
      247, 
      6044, 
      414803, 
      2735288, 
      404388, 
      18245, 
      254, 
      84, 
      48, 
      37, 
      20, 
      17, 
      6, 
      0, 
      0, 
      0, 
      0, 
      0, 
      0, 
      0, 
      0, 
      0
    ], 
    [
      0, 
      0, 
      0, 
      0, 
      0, 
      1, 
      4, 
      17, 
      21, 
      39, 
      44, 
      51, 
      63, 
      101, 
      886, 
      30474, 
      977354, 
      496090, 
      6746, 
      205, 
      100, 
      78, 
      45, 
      41, 
      19, 
      9, 
      3, 
      0, 
      0, 
      0, 
      0
    ], 
    [
      0, 
      0, 
      0, 
      0, 
      0, 
      0, 
      0, 
      0, 
      0, 
      1, 
      8, 
      16, 
      22, 
      34, 
      43, 
      53, 
      67, 
      102, 
      1641, 
      125591, 
      1435098, 
      179603, 
      668, 
      125, 
      78, 
      66, 
      44, 
      30, 
      17, 
      4, 
      0
    ], 
    [
      0, 
      0, 
      3, 
      11, 
      20, 
      30, 
      39, 
      43, 
      43, 
      69, 
      86, 
      116, 
      16666, 
      47771, 
      1367992, 
      98264, 
      2480, 
      110, 
      79, 
      59, 
      40, 
      36, 
      18, 
      5, 
      3, 
      0, 
      0, 
      0, 
      0, 
      0, 
      0
    ], 
    [
      0, 
      0, 
      0, 
      0, 
      0, 
      0, 
      0, 
      0, 
      0, 
      2, 
      13, 
      16, 
      28, 
      38, 
      45, 
      57, 
      66, 
      84, 
      650, 
      32096, 
      660054, 
      14833, 
      162, 
      106, 
      76, 
      61, 
      41, 
      32, 
      19, 
      4, 
      1
    ], 
    [
      0, 
      0, 
      0, 
      0, 
      12, 
      22, 
      26, 
      38, 
      41, 
      49, 
      70, 
      67, 
      102, 
      344, 
      8765, 
      305262, 
      16448, 
      428, 
      101, 
      74, 
      61, 
      44, 
      38, 
      32, 
      17, 
      7, 
      0, 
      0, 
      0, 
      0, 
      0
    ], 
    [
      0, 
      0, 
      0, 
      0, 
      0, 
      0, 
      0, 
      0, 
      0, 
      1, 
      9, 
      17, 
      21, 
      29, 
      40, 
      49, 
      62, 
      60, 
      83, 
      237, 
      5431, 
      270372, 
      165395, 
      981, 
      128, 
      93, 
      76, 
      65, 
      55, 
      37, 
      33
    ], 
    [
      0, 
      0, 
      0, 
      0, 
      0, 
      3, 
      14, 
      21, 
      26, 
      39, 
      51, 
      56, 
      63, 
      71, 
      88, 
      438, 
      3490, 
      260668, 
      95211, 
      928, 
      138, 
      107, 
      75, 
      62, 
      58, 
      36, 
      27, 
      18, 
      7, 
      0, 
      0
    ], 
    [
      0, 
      0, 
      0, 
      0, 
      0, 
      0, 
      0, 
      0, 
      0, 
      0, 
      0, 
      1, 
      14, 
      19, 
      21, 
      25, 
      29, 
      48, 
      62, 
      63, 
      68, 
      98, 
      153, 
      904, 
      26176, 
      253815, 
      4777, 
      133, 
      94, 
      85, 
      83
    ], 
    [
      0, 
      0, 
      0, 
      3, 
      18, 
      21, 
      21, 
      35, 
      47, 
      60, 
      66, 
      63, 
      69, 
      84, 
      125, 
      2638, 
      56367, 
      130727, 
      1636, 
      133, 
      94, 
      84, 
      66, 
      61, 
      57, 
      35, 
      27, 
      21, 
      10, 
      1, 
      1
    ], 
    [
      27, 
      42, 
      58, 
      62, 
      63, 
      66, 
      78, 
      84, 
      93, 
      283, 
      3184, 
      229639, 
      2077954, 
      35331, 
      799, 
      116, 
      85, 
      66, 
      65, 
      61, 
      56, 
      49, 
      39, 
      31, 
      20, 
      16, 
      8, 
      0, 
      0, 
      0, 
      0
    ]
  ], 
  "t1_calib_efficiency": [
    0.999, 
    0.999, 
    0.999, 
    0.999, 
    0.999, 
    0.999, 
    0.999, 
    0.999, 
    0.999, 
    0.999, 
    0.999, 
    0.999, 
    0.999, 
    0.999, 
    0.999, 
    0.999
  ]
}