{
  "baseline_mean": [
    7.82152745307156,
    -2.0526869529726546,
    4.1855410487816584,
    1.085906161817145,
    3.6556898688936945,
    2.4982437635859003,
    6.421083097504503,
    4.149055083487899,
    0.0,
    0.013125064055381885,
    0.45000000000000007,
    0.0019188376058891232,
    0.03983091433048197,
    0.0,
    0.06446707320862965,
    0.3844950872500201
  ],
  "baseline_stddev": [
    0.47405876900579097,
    0.37690385894771844,
    0.4886435487519064,
    0.40771472068155995,
    0.5387393758439518,
    0.5188437958688467,
    0.5241428512702756,
    0.3900965407799826,
    -1.0,
    8.942149275216895,
    8.043475616920835,
    8.931493858695019,
    8.941865350753297,
    -1.0,
    8.936187304540992,
    8.871493458887633
  ],
  "baselines": [
    8.0,
    -2.0,
    4.0,
    1.0,
    4.0,
    2.0,
    6.0,
    4.0,
    0.0,
    0.0,
    0.0,
    0.0,
    0.0,
    0.0,
    0.0,
    0.0
  ],
  "bl_range": [
    -15,
    -14,
    -13,
    -12,
    -11,
    -10,
    -9,
    -8,
    -7,
    -6,
    -5,
    -4,
    -3,
    -2,
    -1,
    0,
    1,
    2,
    3,
    4,
    5,
    6,
    7,
    8,
    9,
    10,
    11,
    12,
    13,
    14,
    15
  ],
  "ch_error": [
    0.0,
    0.0,
    0.0,
    0.0,
    0.0,
    0.0,
    0.0,
    0.0,
    0.0,
    0.0,
    0.0,
    0.0,
    0.0,
    0.0,
    0.0,
    0.0
  ],
  "noise_scan_raw": [
    [
      0.0,
      0.0,
      0.0,
      0.0,
      0.0,
      0.0,
      0.0,
      0.0,
      0.0,
      0.0,
      0.0,
      0.0,
      0.0,
      0.0,
      0.0,
      0.0,
      0.0,
      0.0,
      0.0,
      0.0,
      0.0,
      670.0,
      204995.0,
      709590.0,
      36440.0,
      20.0,
      0.0,
      0.0,
      0.0,
      0.0,
      0.0
    ],
    [
      0.0,
      0.0,
      0.0,
      0.0,
      0.0,
      0.0,
      0.0,
      0.0,
      0.0,
      0.0,
      0.0,
      3535.0,
      206980.0,
      1896905.0,
      97490.0,
      190.0,
      0.0,
      0.0,
      0.0,
      0.0,
      0.0,
      0.0,
      0.0,
      0.0,
      0.0,
      0.0,
      0.0,
      0.0,
      0.0,
      0.0,
      0.0
    ],
    [
      0.0,
      0.0,
      0.0,
      0.0,
      0.0,
      0.0,
      0.0,
      0.0,
      0.0,
      0.0,
      0.0,
      0.0,
      0.0,
      0.0,
      0.0,
      0.0,
      0.0,
      50.0,
      84440.0,
      1445390.0,
      447485.0,
      2170.0,
      0.0,
      0.0,
      0.0,
      0.0,
      0.0,
      0.0,
      0.0,
      0.0,
      0.0
    ],
    [
      0.0,
      0.0,
      0.0,
      0.0,
      0.0,
      0.0,
      0.0,
      0.0,
      0.0,
      0.0,
      0.0,
      0.0,
      0.0,
      0.0,
      250.0,
      88345.0,
      1690535.0,
      263360.0,
      495.0,
      0.0,
      0.0,
      0.0,
      0.0,
      0.0,
      0.0,
      0.0,
      0.0,
      0.0,
      0.0,
      0.0,
      0.0
    ],
    [
      0.0,
      0.0,
      0.0,
      0.0,
      0.0,
      0.0,
      0.0,
      0.0,
      0.0,
      0.0,
      0.0,
      0.0,
      0.0,
      0.0,
      0.0,
      0.0,
      20.0,
      19925.0,
      1188285.0,
      2021130.0,
      85950.0,
      320.0,
      0.0,
      0.0,
      0.0,
      0.0,
      0.0,
      0.0,
      0.0,
      0.0,
      0.0
    ],
    [
      0.0,
      0.0,
      0.0,
      0.0,
      0.0,
      0.0,
      0.0,
      0.0,
      0.0,
      0.0,
      0.0,
      0.0,
      0.0,
      0.0,
      0.0,
      0.0,
      9485.0,
      727850.0,
      736965.0,
      4715.0,
      0.0,
      0.0,
      0.0,
      0.0,
      0.0,
      0.0,
      0.0,
      0.0,
      0.0,
      0.0,
      0.0
    ],
    [
      0.0,
      0.0,
      0.0,
      0.0,
      0.0,
      0.0,
      0.0,
      0.0,
      0.0,
      0.0,
      0.0,
      0.0,
      0.0,
      0.0,
      0.0,
      0.0,
      0.0,
      0.0,
      0.0,
      0.0,
      23840.0,
      1314715.0,
      981410.0,
      12225.0,
      10.0,
      0.0,
      0.0,
      0.0,
      0.0,
      0.0,
      0.0
    ],
    [
      0.0,
      0.0,
      0.0,
      0.0,
      0.0,
      0.0,
      0.0,
      0.0,
      0.0,
      0.0,
      0.0,
      0.0,
      0.0,
      0.0,
      0.0,
      0.0,
      0.0,
      5.0,
      27790.0,
      1851220.0,
      360555.0,
      575.0,
      0.0,
      0.0,
      0.0,
      0.0,
      0.0,
      0.0,
      0.0,
      0.0,
      0.0
    ],
    [
      0.0,
      0.0,
      0.0,
      0.0,
      0.0,
      0.0,
      0.0,
      0.0,
      0.0,
      0.0,
      0.0,
      0.0,
      0.0,
      0.0,
      0.0,
      0.0,
      0.0,
      0.0,
      0.0,
      0.0,
      0.0,
      0.0,
      0.0,
      0.0,
      0.0,
      0.0,
      0.0,
      0.0,
      0.0,
      0.0,
      0.0
    ],
    [
      343930.0,
      343580.0,
      341730.0,
      346340.0,
      349935.0,
      346610.0,
      342220.0,
      347710.0,
      350645.0,
      342230.0,
      347670.0,
      345875.0,
      354350.0,
      346105.0,
      339245.0,
      345260.0,
      345585.0,
      353160.0,
      342295.0,
      349860.0,
      338845.0,
      347840.0,
      340965.0,
      356830.0,
      345950.0,
      347410.0,
      342955.0,
      341080.0,
      347260.0,
      350030.0,
      349400.0
    ],
    [
      10.0,
      0.0,
      0.0,
      5.0,
      5.0,
      0.0,
      10.0,
      5.0,
      0.0,
      15.0,
      25.0,
      5.0,
      10.0,
      5.0,
      0.0,
      5.0,
      0.0,
      5.0,
      10.0,
      5.0,
      0.0,
      5.0,
      25.0,
      35.0,
      0.0,
      0.0,
      0.0,
      0.0,
      0.0,
      10.0,
      5.0
    ],
    [
      57670.0,
      57870.0,
      57920.0,
      57615.0,
      58275.0,
      58020.0,
      57385.0,
      58480.0,
      59675.0,
      57765.0,
      58295.0,
      57965.0,
      59700.0,
      58505.0,
      57445.0,
      58525.0,
      58410.0,
      58585.0,
      56620.0,
      58995.0,
      57065.0,
      58285.0,
      57600.0,
      64445.0,
      57160.0,
      57785.0,
      55875.0,
      55740.0,
      57320.0,
      59105.0,
      59075.0
    ],
    [
      289015.0,
      289095.0,
      286405.0,
      290680.0,
      293335.0,
      290130.0,
      286420.0,
      290305.0,
      295825.0,
      287160.0,
      292210.0,
      288380.0,
      295750.0,
      290315.0,
      284675.0,
      289910.0,
      291730.0,
      295730.0,
      286030.0,
      295140.0,
      284030.0,
      291955.0,
      289730.0,
      320575.0,
      291345.0,
      292005.0,
      285790.0,
      287125.0,
      291475.0,
      294020.0,
      294635.0
    ],
    [
      0.0,
      0.0,
      0.0,
      0.0,
      0.0,
      0.0,
      0.0,
      0.0,
      0.0,
      0.0,
      0.0,
      0.0,
      0.0,
      0.0,
      0.0,
      0.0,
      0.0,
      0.0,
      0.0,
      0.0,
      0.0,
      0.0,
      0.0,
      0.0,
      0.0,
      0.0,
      0.0,
      0.0,
      0.0,
      0.0,
      0.0
    ],
    [
      241420.0,
      241535.0,
      239020.0,
      243170.0,
      244580.0,
      242105.0,
      237515.0,
      243220.0,
      244340.0,
      238690.0,
      243510.0,
      241320.0,
      248325.0,
      244375.0,
      237530.0,
      242940.0,
      244215.0,
      246700.0,
      239360.0,
      243700.0,
      237265.0,
      243305.0,
      246840.0,
      290400.0,
      243740.0,
      242660.0,
      237755.0,
      238250.0,
      242460.0,
      245895.0,
      246015.0
    ],
    [
      29570.0,
      28510.0,
      29075.0,
      29135.0,
      29595.0,
      28795.0,
      28515.0,
      28970.0,
      29575.0,
      28875.0,
      28985.0,
      28950.0,
      29705.0,
      29090.0,
      28955.0,
      29080.0,
      29465.0,
      29930.0,
      28430.0,
      29025.0,
      28330.0,
      28615.0,
      36845.0,
      71280.0,
      30865.0,
      29125.0,
      27650.0,
      27920.0,
      28735.0,
      29085.0,
      28890.0
    ]
  ]
}