{
  "baseline_mean": [
    -1.3967502040480793,
    7.495643654768982,
    5.351209834077689,
    2.217272190212373,
    1.844626790641325,
    8.919544452153993,
    1.716509566845172,
    7.9210999603481795,
    2.079039840697312,
    5.886956784253347,
    1.5670966447697317,
    1.5405466942453554,
    1.60568027220709,
    4.943277391757761,
    2.134708463577701,
    1.6298030648886088
  ],
  "baseline_stddev": [
    2.246775058712064,
    0.7857339170312118,
    1.1237657256293128,
    0.49244270491086234,
    0.4136794688648358,
    0.32444454424760116,
    0.4830529475713419,
    0.43443830686206053,
    0.40414759633611663,
    0.6040376088877433,
    0.5673896023441166,
    0.6009100732876699,
    0.511856436698555,
    1.6304368413376256,
    0.5476629108170785,
    0.5047558552532403
  ],
  "baselines": [
    -1.0,
    7.0,
    5.0,
    2.0,
    2.0,
    9.0,
    2.0,
    8.0,
    2.0,
    6.0,
    2.0,
    2.0,
    2.0,
    5.0,
    2.0,
    2.0
  ],
  "bl_range": [
    -15,
    -14,
    -13,
    -12,
    -11,
    -10,
    -9,
    -8,
    -7,
    -6,
    -5,
    -4,
    -3,
    -2,
    -1,
    0,
    1,
    2,
    3,
    4,
    5,
    6,
    7,
    8,
    9,
    10,
    11,
    12,
    13,
    14,
    15
  ],
  "ch_error": [
    0.0,
    0.0,
    0.0,
    0.0,
    0.0,
    0.0,
    0.0,
    0.0,
    0.0,
    0.0,
    0.0,
    0.0,
    0.0,
    0.0,
    0.0,
    0.0
  ],
  "noise_scan_raw": [
    [
      32,
      46,
      42,
      64,
      81,
      111,
      96,
      1427,
      91,
      220,
      207,
      10486,
      864084,
      6716,
      8124,
      296,
      172537,
      293377,
      4347,
      39,
      0,
      0,
      0,
      0,
      1,
      0,
      0,
      0,
      0,
      0,
      0
    ],
    [
      0,
      0,
      0,
      0,
      0,
      0,
      0,
      0,
      0,
      0,
      0,
      0,
      19,
      40,
      38,
      59,
      59,
      248,
      107,
      110,
      3486,
      355231,
      322588,
      1391059,
      689,
      152,
      141,
      70,
      5,
      0,
      0
    ],
    [
      0,
      0,
      0,
      0,
      0,
      0,
      0,
      0,
      0,
      0,
      0,
      1,
      5,
      21,
      40,
      73,
      104,
      108256,
      21644,
      7962,
      417280,
      859704,
      7684,
      430,
      106,
      50,
      16,
      1,
      0,
      0,
      0
    ],
    [
      0,
      0,
      0,
      0,
      0,
      0,
      0,
      0,
      0,
      0,
      7,
      22,
      40,
      55,
      80,
      133,
      159379,
      3496447,
      1191772,
      11164,
      539,
      97,
      46,
      8,
      0,
      0,
      0,
      0,
      0,
      0,
      0
    ],
    [
      0,
      0,
      0,
      0,
      0,
      0,
      0,
      0,
      0,
      3,
      23,
      40,
      50,
      80,
      92,
      230,
      775014,
      3594766,
      82794,
      635,
      135,
      39,
      20,
      0,
      0,
      0,
      0,
      0,
      0,
      0,
      0
    ],
    [
      0,
      0,
      0,
      0,
      0,
      0,
      0,
      0,
      0,
      0,
      0,
      0,
      0,
      0,
      0,
      0,
      2,
      18,
      30,
      76,
      95,
      117,
      1032,
      69271,
      730958,
      6475,
      235,
      116,
      63,
      25,
      8
    ],
    [
      0,
      0,
      0,
      0,
      0,
      0,
      0,
      0,
      0,
      15,
      32,
      42,
      57,
      86,
      102,
      745,
      1582897,
      3669610,
      73905,
      478,
      120,
      41,
      10,
      1,
      0,
      0,
      0,
      0,
      0,
      0,
      0
    ],
    [
      0,
      0,
      0,
      0,
      0,
      0,
      0,
      0,
      0,
      0,
      0,
      0,
      0,
      0,
      6,
      26,
      43,
      148,
      405,
      179,
      117,
      2807,
      33810,
      376481,
      9247,
      194,
      106,
      42,
      51,
      20,
      6
    ],
    [
      0,
      0,
      0,
      0,
      0,
      0,
      0,
      0,
      0,
      0,
      1,
      9,
      34,
      45,
      68,
      111,
      58690,
      3225772,
      149646,
      90793,
      1889,
      186,
      92,
      32,
      5,
      0,
      0,
      0,
      0,
      0,
      0
    ],
    [
      0,
      0,
      0,
      0,
      0,
      0,
      0,
      0,
      0,
      0,
      0,
      0,
      0,
      4,
      17,
      34,
      79,
      32713,
      10836,
      4160,
      46845,
      1751430,
      8397,
      274,
      115,
      48,
      19,
      1,
      0,
      0,
      0
    ],
    [
      0,
      0,
      0,
      0,
      0,
      0,
      0,
      1,
      10,
      37,
      47,
      63,
      88,
      127,
      1240,
      182839,
      1952086,
      3190006,
      12167,
      81,
      6,
      1,
      0,
      0,
      0,
      0,
      0,
      0,
      0,
      0,
      0
    ],
    [
      0,
      0,
      0,
      0,
      0,
      0,
      0,
      0,
      9,
      38,
      48,
      64,
      90,
      139,
      2306,
      284138,
      1944683,
      3220538,
      11484,
      91,
      9,
      2,
      0,
      0,
      0,
      0,
      0,
      0,
      0,
      0,
      0
    ],
    [
      0,
      0,
      0,
      0,
      0,
      0,
      0,
      3,
      11,
      36,
      45,
      59,
      81,
      112,
      506,
      38593,
      2122576,
      3358524,
      18611,
      125,
      22,
      8,
      0,
      0,
      0,
      0,
      0,
      0,
      0,
      0,
      0
    ],
    [
      0,
      0,
      0,
      0,
      0,
      0,
      0,
      0,
      0,
      0,
      0,
      0,
      1,
      15,
      32,
      57,
      97,
      161554,
      13797,
      6844,
      97006,
      471809,
      2171,
      179,
      86,
      37,
      17,
      1,
      0,
      0,
      0
    ],
    [
      0,
      0,
      0,
      0,
      0,
      0,
      0,
      0,
      0,
      0,
      9,
      23,
      42,
      54,
      82,
      122,
      153502,
      3302689,
      289943,
      192440,
      2867,
      309,
      123,
      47,
      17,
      0,
      0,
      0,
      0,
      0,
      0
    ],
    [
      0,
      0,
      0,
      0,
      0,
      0,
      0,
      0,
      11,
      37,
      45,
      55,
      80,
      98,
      200,
      7853,
      2134616,
      3497677,
      46049,
      378,
      97,
      38,
      18,
      2,
      0,
      0,
      0,
      0,
      0,
      0,
      0
    ]
  ],
  "t1_calib_efficiency": [
    0.999,
    0.999,
    0.999,
    0.999,
    0.999,
    0.999,
    0.999,
    0.999,
    0.999,
    0.999,
    0.999,
    0.999,
    0.999,
    0.999,
    0.999,
    0.999
  ]
}