serial,ASIC test result,baseline_channel_0,baseline_channel_1,baseline_channel_2,baseline_channel_3,baseline_channel_4,baseline_channel_5,baseline_channel_6,baseline_channel_7,s-curve_halfmax_channel_0,s-curve_halfmax_channel_1,s-curve_halfmax_channel_2,s-curve_halfmax_channel_3,s-curve_halfmax_channel_4,s-curve_halfmax_channel_5,s-curve_halfmax_channel_6,s-curve_halfmax_channel_7,s-curve_sigma_channel_0,s-curve_sigma_channel_1,s-curve_sigma_channel_2,s-curve_sigma_channel_3,s-curve_sigma_channel_4,s-curve_sigma_channel_5,s-curve_sigma_channel_6,s-curve_sigma_channel_7,s-curve_chi2ndf_channel_0,s-curve_chi2ndf_channel_1,s-curve_chi2ndf_channel_2,s-curve_chi2ndf_channel_3,s-curve_chi2ndf_channel_4,s-curve_chi2ndf_channel_5,s-curve_chi2ndf_channel_6,s-curve_chi2ndf_channel_7,Test_passed_channel_0,Test_passed_channel_1,Test_passed_channel_2,Test_passed_channel_3,Test_passed_channel_4,Test_passed_channel_5,Test_passed_channel_6,Test_passed_channel_7
0000,,3.0029111096066616,3.6159201324946983,6.002232142857143,10.998702530066371,11.497999110715874,5.643718686212655,5.7,10.574318671568006,29.51735537696281,12.537599060889885,12.69373627109546,11.681488241865706,11.859205083878924,12.27386564322958,12.79927943894699,28.015996197667384,0.35629870681124753,0.2441205420833975,0.22181932136826743,0.24686712306704692,0.23034028982521224,0.27606980645892415,0.2176340625364276,0.4434596086647458,126.20409389462708,4.2882412826571,3.0143770189086143,0.2651087046807782,0.32274088265477474,2.6966778287570907,9.672215816092267,112.92484018800214,OK,OK,OK,OK,OK,OK,OK,OK
0000,all channels OK,3.0020543108429094,3.5963734447815483,6.0,10.986486070019724,11.343172285226037,5.510387422796182,5.75,10.509014438358532,29.540343374679626,12.565570657190671,12.697958535842538,11.685327871209262,11.859950731106673,12.26285627160669,12.819487860333611,28.024424663517095,0.345603111978034,0.23671860876435122,0.22241152050829388,0.2336941038285726,0.2161639051761199,0.2823101103993755,0.213786188895639,0.44212505124200535,132.15235890149924,6.353275071154559,3.5740769473630434,0.0954628540641024,0.09648471868708176,1.38573980838288,11.3440863275863,115.4306152376663,OK,OK,OK,OK,OK,OK,OK,OK
